-- phpMyAdmin SQL Dump
-- version 5.2.1
-- https://www.phpmyadmin.net/
--
-- Hôte : 127.0.0.1
-- Généré le : jeu. 27 juil. 2023 à 22:42
-- Version du serveur : 10.4.28-MariaDB
-- Version de PHP : 8.2.4

SET SQL_MODE = "NO_AUTO_VALUE_ON_ZERO";
START TRANSACTION;
SET time_zone = "+00:00";


/*!40101 SET @OLD_CHARACTER_SET_CLIENT=@@CHARACTER_SET_CLIENT */;
/*!40101 SET @OLD_CHARACTER_SET_RESULTS=@@CHARACTER_SET_RESULTS */;
/*!40101 SET @OLD_COLLATION_CONNECTION=@@COLLATION_CONNECTION */;
/*!40101 SET NAMES utf8mb4 */;

--
-- Base de données : `spotify`
--

-- --------------------------------------------------------

--
-- Structure de la table `activa`
--

CREATE TABLE `activa` (
  `id` int(10) UNSIGNED NOT NULL
) ENGINE=InnoDB DEFAULT CHARSET=utf8mb4 COLLATE=utf8mb4_general_ci;

--
-- Déchargement des données de la table `activa`
--

INSERT INTO `activa` (`id`) VALUES
(1),
(2),
(3),
(4),
(5),
(6),
(7),
(8),
(9),
(10),
(11),
(12),
(13),
(14),
(15),
(16),
(17),
(18),
(19),
(20),
(21),
(22),
(23),
(24),
(25),
(26),
(27),
(28),
(29),
(30),
(31),
(32),
(33),
(34),
(35),
(36),
(37),
(38),
(39),
(40),
(41),
(42),
(43),
(44),
(45),
(46),
(47),
(48),
(49),
(50),
(51),
(52),
(53),
(54),
(55),
(56),
(57),
(58),
(59),
(60),
(61),
(62),
(63),
(64),
(65),
(66),
(67),
(68),
(69),
(70),
(71),
(72),
(73),
(74),
(75),
(76),
(77),
(78),
(79),
(80),
(81),
(82),
(83),
(84),
(85),
(86),
(87),
(88),
(89),
(90),
(91),
(92),
(93),
(94),
(95),
(96),
(97),
(98),
(99),
(100);

-- --------------------------------------------------------

--
-- Structure de la table `addicio`
--

CREATE TABLE `addicio` (
  `id` int(10) UNSIGNED NOT NULL,
  `dataHora` datetime NOT NULL,
  `id_usari` int(10) UNSIGNED NOT NULL,
  `id_compartida` int(10) UNSIGNED NOT NULL
) ENGINE=InnoDB DEFAULT CHARSET=utf8mb4 COLLATE=utf8mb4_general_ci;

--
-- Déchargement des données de la table `addicio`
--

INSERT INTO `addicio` (`id`, `dataHora`, `id_usari`, `id_compartida`) VALUES
(1, '2008-09-24 11:02:02', 100, 74),
(2, '2008-02-06 17:33:22', 41, 57),
(3, '2008-05-30 01:08:58', 121, 8),
(4, '2008-05-29 01:57:02', 1, 81),
(5, '2008-03-16 23:34:00', 68, 7),
(6, '2008-01-14 05:17:28', 116, 59),
(7, '2008-05-01 17:35:10', 132, 77),
(8, '2008-08-29 02:29:21', 5, 58),
(9, '2008-12-20 03:46:02', 116, 23),
(10, '2008-09-17 02:08:12', 124, 86),
(11, '2008-01-03 04:43:59', 132, 67),
(12, '2008-02-25 20:38:04', 61, 36),
(13, '2008-12-18 16:10:57', 31, 81),
(14, '2008-02-28 08:44:00', 70, 7),
(15, '2008-12-09 22:46:37', 12, 3),
(16, '2008-07-21 17:58:14', 114, 42),
(17, '2008-12-12 15:09:35', 101, 82),
(18, '2008-11-29 08:47:18', 33, 14),
(19, '2008-12-08 22:19:44', 128, 95),
(20, '2008-06-27 05:34:31', 75, 87),
(21, '2008-05-25 07:46:44', 5, 16),
(22, '2008-11-30 11:14:57', 16, 72),
(23, '2008-05-07 03:35:53', 94, 92),
(24, '2008-02-28 06:38:19', 107, 58),
(25, '2008-04-17 13:59:48', 115, 100),
(26, '2008-05-15 00:19:05', 52, 5),
(27, '2008-07-04 07:57:07', 10, 54),
(28, '2008-11-12 08:26:34', 38, 14),
(29, '2008-02-12 09:39:15', 55, 98),
(30, '2008-07-16 07:51:23', 128, 48),
(31, '2008-10-08 23:23:12', 49, 16),
(32, '2008-08-01 11:10:48', 72, 55),
(33, '2008-08-29 11:29:49', 133, 55),
(34, '2008-01-16 10:32:54', 92, 47),
(35, '2008-02-27 07:51:51', 76, 10),
(36, '2008-10-05 17:33:01', 47, 82),
(37, '2008-05-18 09:07:35', 64, 45),
(38, '2008-08-16 07:58:29', 108, 41),
(39, '2008-02-21 02:40:30', 9, 42),
(40, '2008-11-17 18:26:43', 23, 8),
(41, '2008-09-11 07:25:22', 78, 29),
(42, '2008-06-13 17:43:05', 22, 93),
(43, '2008-10-21 16:07:14', 115, 17),
(44, '2008-01-02 17:37:28', 80, 74),
(45, '2008-01-02 19:08:27', 31, 49),
(46, '2008-11-07 21:11:43', 32, 11),
(47, '2008-07-10 10:13:08', 21, 95),
(48, '2008-01-09 12:42:13', 91, 12),
(49, '2008-09-29 06:09:34', 129, 90),
(50, '2008-09-14 23:48:26', 87, 33),
(51, '2008-02-21 22:31:37', 31, 54),
(52, '2008-04-10 14:51:45', 93, 55),
(53, '2008-06-25 06:30:03', 84, 58),
(54, '2008-01-28 13:12:22', 5, 38),
(55, '2008-07-18 06:22:08', 84, 26),
(56, '2008-08-11 10:26:09', 100, 36),
(57, '2008-07-30 04:14:53', 33, 70),
(58, '2008-12-15 11:06:40', 99, 14),
(59, '2008-03-15 22:57:36', 114, 97),
(60, '2008-04-10 06:25:21', 3, 10),
(61, '2008-08-16 02:37:40', 94, 34),
(62, '2008-03-10 13:44:09', 74, 43),
(63, '2008-03-08 13:28:00', 108, 27),
(64, '2008-01-01 10:24:23', 3, 35),
(65, '2008-01-04 20:51:05', 18, 42),
(66, '2008-09-07 03:05:47', 112, 45),
(67, '2008-02-28 21:36:15', 16, 13),
(68, '2008-06-26 22:18:15', 16, 24),
(69, '2008-03-06 03:02:00', 5, 75),
(70, '2008-06-27 09:19:53', 115, 7),
(71, '2008-07-16 17:50:51', 126, 47),
(72, '2008-02-16 06:50:03', 101, 21),
(73, '2008-12-22 09:09:27', 36, 17),
(74, '2008-02-17 14:45:10', 110, 25),
(75, '2008-03-30 18:49:35', 75, 46),
(76, '2008-03-16 10:55:38', 6, 43),
(77, '2008-05-24 08:28:17', 31, 29),
(78, '2008-11-05 11:14:19', 18, 37),
(79, '2008-03-20 14:24:59', 20, 51),
(80, '2008-05-28 18:03:15', 132, 46),
(81, '2008-06-07 01:44:52', 9, 52),
(82, '2008-12-13 14:23:35', 47, 54),
(83, '2008-03-26 07:02:25', 19, 50),
(84, '2008-07-09 13:31:26', 76, 55),
(85, '2008-11-21 15:57:29', 10, 34),
(86, '2008-05-21 16:36:27', 50, 71),
(87, '2008-01-14 23:39:47', 61, 32),
(88, '2008-04-09 06:08:58', 54, 36),
(89, '2008-08-04 18:27:31', 62, 85),
(90, '2008-02-11 06:01:02', 53, 30),
(91, '2008-08-27 18:02:41', 35, 6),
(92, '2008-03-24 16:47:47', 107, 94),
(93, '2008-02-13 19:39:57', 107, 90),
(94, '2008-12-28 23:41:31', 35, 84),
(95, '2008-08-26 18:21:19', 105, 74),
(96, '2008-08-02 12:36:19', 79, 92),
(97, '2008-12-26 05:17:28', 48, 56),
(98, '2008-12-18 03:05:39', 123, 94),
(99, '2008-03-16 14:58:54', 99, 22),
(100, '2008-04-07 00:07:25', 74, 12),
(101, '2008-05-17 01:55:15', 119, 5),
(102, '2008-05-12 18:40:41', 57, 74),
(103, '2008-06-18 13:03:51', 57, 11),
(104, '2008-11-17 11:07:07', 58, 92),
(105, '2008-05-02 01:25:54', 23, 56),
(106, '2008-04-16 08:47:28', 99, 25),
(107, '2008-06-11 04:10:40', 21, 59),
(108, '2008-01-19 18:55:20', 102, 19),
(109, '2008-07-03 11:19:36', 24, 29),
(110, '2008-03-08 03:13:00', 62, 4),
(111, '2008-12-31 14:02:48', 76, 71),
(112, '2008-08-21 01:16:00', 110, 42),
(113, '2008-08-18 16:28:34', 15, 95),
(114, '2008-04-11 16:24:04', 31, 59),
(115, '2008-11-28 20:47:08', 22, 8),
(116, '2008-05-04 17:35:49', 36, 30),
(117, '2008-07-04 18:17:05', 87, 26),
(118, '2008-04-07 05:41:42', 122, 70),
(119, '2008-06-28 19:54:26', 72, 85),
(120, '2008-02-12 15:49:53', 26, 18),
(121, '2008-06-05 21:26:23', 5, 50),
(122, '2008-02-20 00:55:07', 42, 25),
(123, '2008-04-22 17:17:17', 76, 15),
(124, '2008-07-18 19:50:56', 85, 27),
(125, '2008-09-19 11:57:33', 80, 64),
(126, '2008-06-29 23:44:11', 118, 8),
(127, '2008-12-18 04:50:57', 67, 65),
(128, '2008-01-06 14:08:10', 127, 30),
(129, '2008-03-17 15:11:01', 122, 68),
(130, '2008-05-11 08:24:28', 33, 29),
(131, '2008-03-04 03:32:49', 6, 76),
(132, '2008-03-29 16:55:46', 110, 95),
(133, '2008-07-19 20:59:54', 61, 16),
(134, '2008-10-20 04:21:49', 111, 15),
(135, '2008-07-22 06:14:03', 54, 45),
(136, '2008-02-10 03:50:37', 123, 32),
(137, '2008-08-03 02:22:27', 110, 40),
(138, '2008-07-08 20:01:24', 91, 62),
(139, '2008-10-15 19:15:02', 45, 15),
(140, '2008-07-11 17:45:38', 88, 61),
(141, '2008-09-12 19:04:26', 91, 1),
(142, '2008-05-11 17:43:18', 55, 40),
(143, '2008-03-15 20:31:05', 100, 89),
(144, '2008-06-10 22:14:17', 64, 14),
(145, '2008-04-03 06:07:27', 96, 89),
(146, '2008-09-13 00:13:58', 84, 31),
(147, '2008-10-11 16:13:00', 73, 29),
(148, '2008-03-04 18:40:31', 132, 6),
(149, '2008-03-23 07:35:47', 1, 75),
(150, '2008-09-13 00:12:42', 87, 32),
(151, '2008-12-25 18:34:40', 128, 97),
(152, '2008-12-05 23:05:19', 79, 4),
(153, '2008-10-21 01:59:07', 50, 18),
(154, '2008-09-27 10:00:51', 77, 97),
(155, '2008-11-02 01:11:24', 87, 70),
(156, '2008-02-02 22:50:50', 131, 35),
(157, '2008-02-29 15:42:04', 24, 84),
(158, '2008-06-09 01:19:13', 6, 85),
(159, '2008-08-21 06:46:39', 67, 88),
(160, '2008-04-27 08:46:12', 51, 36),
(161, '2008-01-04 03:57:04', 122, 61),
(162, '2008-08-27 11:28:39', 123, 84),
(163, '2008-08-18 23:22:18', 39, 7),
(164, '2008-05-16 10:19:09', 58, 9),
(165, '2008-03-17 01:52:41', 101, 90),
(166, '2008-11-29 05:24:46', 101, 47),
(167, '2008-11-18 04:03:28', 38, 14),
(168, '2008-04-21 07:24:30', 131, 9),
(169, '2008-09-15 17:40:33', 89, 1),
(170, '2008-10-22 18:35:13', 115, 84),
(171, '2008-09-21 17:05:46', 111, 46),
(172, '2008-06-05 08:51:47', 124, 43),
(173, '2008-07-05 10:23:07', 73, 20),
(174, '2008-01-21 03:11:21', 54, 62),
(175, '2008-12-27 05:42:16', 6, 3),
(176, '2008-02-21 01:22:03', 127, 35),
(177, '2008-02-26 01:06:53', 84, 47),
(178, '2008-08-06 07:20:52', 127, 84),
(179, '2008-09-17 00:41:18', 23, 36),
(180, '2008-12-12 15:43:59', 3, 66),
(181, '2008-10-28 12:50:53', 16, 2),
(182, '2008-07-05 09:27:20', 123, 12),
(183, '2008-02-15 05:19:39', 79, 44),
(184, '2008-08-27 10:30:32', 69, 23),
(185, '2008-08-13 18:18:01', 53, 14),
(186, '2008-09-16 00:02:06', 120, 84),
(187, '2008-06-25 07:40:42', 117, 74),
(188, '2008-04-07 06:41:34', 16, 83),
(189, '2008-02-06 11:12:23', 72, 72),
(190, '2008-01-24 04:20:16', 44, 24),
(191, '2008-08-13 20:00:31', 121, 48),
(192, '2008-08-04 05:12:01', 102, 37),
(193, '2008-01-11 06:00:32', 119, 27),
(194, '2008-04-13 21:44:11', 54, 36),
(195, '2008-08-04 10:12:03', 43, 41),
(196, '2008-07-11 09:33:04', 77, 89),
(197, '2008-01-27 16:27:37', 52, 95),
(198, '2008-04-04 17:59:10', 128, 73),
(199, '2008-01-28 01:26:13', 56, 97),
(200, '2008-04-12 18:09:06', 6, 13),
(201, '2008-09-05 19:33:08', 101, 6),
(202, '2008-08-23 01:41:11', 115, 12),
(203, '2008-04-12 10:32:02', 118, 68),
(204, '2008-05-09 06:43:51', 128, 76),
(205, '2008-08-09 00:23:32', 121, 81),
(206, '2008-02-26 16:17:59', 47, 28),
(207, '2008-11-06 22:14:41', 36, 80),
(208, '2008-05-14 04:43:08', 14, 19),
(209, '2008-05-09 10:59:00', 45, 67),
(210, '2008-07-25 04:35:03', 101, 36),
(211, '2008-08-07 01:23:14', 122, 81),
(212, '2008-03-29 09:15:46', 110, 29),
(213, '2008-04-16 20:44:54', 89, 20),
(214, '2008-01-07 13:08:13', 25, 47),
(215, '2008-11-16 17:40:19', 11, 34),
(216, '2008-10-29 04:24:16', 108, 14),
(217, '2008-09-29 08:29:18', 28, 73),
(218, '2008-07-16 12:16:04', 87, 61),
(219, '2008-06-03 20:40:32', 44, 36),
(220, '2008-08-22 20:53:35', 1, 55),
(221, '2008-05-17 12:05:56', 132, 45),
(222, '2008-12-21 04:56:22', 11, 70),
(223, '2008-04-09 06:02:24', 129, 7),
(224, '2008-11-11 21:51:21', 3, 30),
(225, '2008-09-24 01:46:22', 75, 28),
(226, '2008-10-16 09:50:13', 27, 40),
(227, '2008-11-20 12:09:44', 4, 65),
(228, '2008-11-04 17:50:31', 67, 28),
(229, '2008-01-16 22:53:03', 79, 75),
(230, '2008-06-08 16:38:30', 53, 8),
(231, '2008-06-16 11:26:16', 131, 14),
(232, '2008-05-03 21:44:51', 132, 11),
(233, '2008-11-11 14:45:28', 76, 100),
(234, '2008-04-19 10:31:28', 70, 45),
(235, '2008-11-26 01:30:00', 35, 48),
(236, '2008-01-31 19:04:12', 130, 68),
(237, '2008-01-23 19:53:54', 15, 76),
(238, '2008-07-23 03:12:24', 124, 81),
(239, '2008-10-06 12:23:55', 73, 95),
(240, '2008-04-05 14:29:51', 132, 8),
(241, '2008-06-05 11:55:01', 22, 92),
(242, '2008-08-06 08:17:50', 115, 10),
(243, '2008-12-31 15:49:36', 30, 49),
(244, '2008-12-20 05:43:49', 83, 73),
(245, '2008-01-23 14:44:41', 76, 73),
(246, '2008-08-18 17:03:31', 35, 5),
(247, '2008-08-02 13:14:23', 77, 58),
(248, '2008-07-21 06:51:51', 121, 46),
(249, '2008-07-26 14:06:07', 54, 46),
(250, '2008-07-17 20:23:35', 6, 54),
(251, '2008-08-30 06:14:08', 84, 97),
(252, '2008-03-14 18:50:12', 74, 10),
(253, '2008-11-28 00:33:27', 110, 18),
(254, '2008-12-31 00:09:38', 115, 23),
(255, '2008-03-31 04:07:45', 58, 70),
(256, '2008-09-16 11:02:18', 88, 34),
(257, '2008-03-31 21:43:29', 48, 98),
(258, '2008-11-16 13:41:50', 67, 96),
(259, '2008-09-15 16:02:36', 91, 35),
(260, '2008-11-08 12:58:22', 124, 91),
(261, '2008-05-03 13:32:24', 54, 5),
(262, '2008-10-11 14:25:08', 64, 58),
(263, '2008-08-10 05:49:50', 92, 66),
(264, '2008-03-20 03:54:57', 64, 39),
(265, '2008-04-25 09:40:25', 112, 33),
(266, '2008-11-17 15:02:55', 21, 7),
(267, '2008-01-09 21:57:47', 24, 46),
(268, '2008-10-31 19:13:34', 41, 81),
(269, '2008-06-14 00:39:30', 133, 82),
(270, '2008-04-06 21:33:50', 96, 57),
(271, '2008-05-15 01:28:32', 27, 27),
(272, '2008-07-30 00:50:03', 30, 1),
(273, '2008-06-18 17:21:02', 45, 4),
(274, '2008-02-17 22:18:08', 110, 92),
(275, '2008-03-05 19:53:59', 28, 21),
(276, '2008-01-16 08:20:10', 21, 78),
(277, '2008-09-04 10:03:56', 3, 57),
(278, '2008-10-28 15:35:51', 19, 4),
(279, '2008-09-18 20:35:18', 96, 72),
(280, '2008-07-30 07:07:10', 72, 88),
(281, '2008-09-29 00:45:30', 43, 13),
(282, '2008-12-01 04:08:18', 20, 41),
(283, '2008-12-06 00:14:14', 12, 70),
(284, '2008-09-22 09:23:17', 44, 46),
(285, '2008-08-03 20:37:29', 56, 47),
(286, '2008-08-23 13:21:46', 106, 41),
(287, '2008-08-23 16:00:13', 33, 72),
(288, '2008-01-04 00:21:40', 80, 7),
(289, '2008-02-10 09:32:34', 17, 12),
(290, '2008-07-18 22:20:55', 112, 7),
(291, '2008-10-10 11:07:19', 68, 60),
(292, '2008-11-01 18:12:27', 97, 76),
(293, '2008-04-22 03:08:39', 72, 46),
(294, '2008-09-29 17:43:58', 129, 90),
(295, '2008-11-18 06:10:43', 3, 31),
(296, '2008-05-15 04:26:34', 56, 74),
(297, '2008-08-18 16:26:46', 76, 26),
(298, '2008-07-22 02:30:22', 90, 96),
(299, '2008-12-05 22:24:07', 101, 14),
(300, '2008-11-17 06:56:06', 52, 21),
(301, '2008-03-12 22:43:09', 33, 24),
(302, '2008-04-03 15:22:32', 49, 99),
(303, '2008-10-03 03:48:46', 67, 92),
(304, '2008-03-29 06:53:29', 12, 80),
(305, '2008-02-27 15:37:36', 59, 35),
(306, '2008-06-04 05:38:25', 100, 97),
(307, '2008-01-16 09:29:49', 18, 43),
(308, '2008-07-25 18:05:37', 113, 8),
(309, '2008-05-18 12:49:22', 70, 81),
(310, '2008-01-19 05:00:19', 79, 41),
(311, '2008-10-14 20:34:31', 30, 75),
(312, '2008-11-24 00:13:17', 75, 100),
(313, '2008-09-17 19:48:54', 20, 67),
(314, '2008-04-16 22:44:18', 105, 62),
(315, '2008-02-10 07:38:35', 92, 49),
(316, '2008-10-18 20:47:35', 88, 36),
(317, '2008-10-05 21:34:36', 102, 76),
(318, '2008-07-11 20:28:59', 47, 74),
(319, '2008-01-11 23:07:28', 13, 7),
(320, '2008-06-01 19:30:33', 41, 100),
(321, '2008-04-25 20:17:26', 85, 86),
(322, '2008-11-10 21:36:27', 100, 78),
(323, '2008-09-01 02:34:19', 48, 12),
(324, '2008-12-09 03:31:47', 33, 48),
(325, '2008-06-05 00:52:32', 102, 65),
(326, '2008-06-21 20:04:38', 119, 41),
(327, '2008-05-26 13:29:38', 61, 78),
(328, '2008-01-23 22:31:04', 13, 41),
(329, '2008-09-29 04:12:04', 16, 32),
(330, '2008-07-19 05:48:55', 13, 91),
(331, '2008-05-13 15:50:43', 67, 79),
(332, '2008-01-28 13:22:48', 52, 28),
(333, '2008-10-06 11:49:20', 1, 59),
(334, '2008-08-26 06:39:15', 80, 29),
(335, '2008-04-28 01:19:33', 1, 45),
(336, '2008-11-10 07:16:03', 122, 90),
(337, '2008-07-06 14:43:18', 4, 19);

-- --------------------------------------------------------

--
-- Structure de la table `album`
--

CREATE TABLE `album` (
  `id` int(10) UNSIGNED NOT NULL,
  `titol` varchar(50) NOT NULL,
  `anyPublicacio` int(11) NOT NULL,
  `imatge` varchar(40) NOT NULL
) ENGINE=InnoDB DEFAULT CHARSET=utf8mb4 COLLATE=utf8mb4_general_ci;

--
-- Déchargement des données de la table `album`
--

INSERT INTO `album` (`id`, `titol`, `anyPublicacio`, `imatge`) VALUES
(1, 'Mike like swimming. Mike watches football. ', 1570126088, 'Mike watches football. I like sports. '),
(2, 'I watches football. I watches football. ', 1935844031, 'Mike like swimming. Rudi like sports. '),
(3, 'Rudi like swimming. I loves flowers. ', 1066918394, 'I watches football. Rudi like sports. '),
(7, 'Mike watches football. Mike like swimming. ', 1840659868, 'Rudi watches football. '),
(8, 'Rudi watches football. Mike watches football. ', 2120470093, 'I like swimming. Rudi watches football. '),
(9, 'I like sports. Rudi loves flowers. ', 489965424, 'Mike loves flowers. I loves flowers. '),
(10, 'Mike loves flowers. Mike watches football. ', 160618522, 'Mike like sports. Mike loves flowers. '),
(12, 'Mike watches football. Mike watches football. ', 2039214544, 'I watches football. Rudi like swimming. '),
(13, 'Mike watches football. Rudi loves flowers. ', 65526659, 'Rudi like swimming. Rudi loves flowers. '),
(14, 'I loves flowers. Rudi watches football. ', 1485318616, 'I watches football. I loves flowers. '),
(15, 'I loves flowers. Rudi watches football. ', 1485318616, 'I watches football. I loves flowers. '),
(16, 'I watches football. Rudi loves flowers. ', 121863560, 'Rudi like swimming. Mike loves flowers. '),
(17, 'Mike like sports. ', 876785565, 'Rudi like sports. I watches football. '),
(18, 'Mike like sports. ', 876785565, 'Rudi like sports. I watches football. '),
(19, 'Mike like sports. Mike watches football. ', 2133925812, 'Mike loves flowers. Mike loves flowers. '),
(21, 'I watches football. Rudi like sports. ', 1022169017, 'Mike watches football. '),
(22, 'Mike like sports. Mike loves flowers. ', 106110341, 'I like swimming. Rudi watches football. '),
(24, 'I loves flowers. Mike like sports. ', 1828030354, 'I loves flowers. Mike loves flowers. '),
(25, 'Mike watches football. Mike watches football. ', 491073319, 'Rudi loves flowers. Mike loves flowers. '),
(26, 'Rudi like sports. Rudi like swimming. ', 328964149, 'Mike like sports. Mike watches football.'),
(27, 'Rudi like sports. Rudi like swimming. ', 328964149, 'Mike like sports. Mike watches football.'),
(28, 'I watches football. I watches football. ', 1324227872, 'I watches football. '),
(30, 'Mike loves flowers. Mike watches football. ', 531757751, 'Mike loves flowers. '),
(31, 'Rudi watches football. I watches football. ', 1802512063, 'I loves flowers. Mike loves flowers. '),
(33, 'I like sports. ', 1712955679, 'Mike like sports. I like swimming. '),
(34, 'I watches football. ', 265695738, 'Mike loves flowers. '),
(35, 'I loves flowers. Rudi watches football. ', 231014531, 'I watches football. Mike loves flowers. '),
(36, 'I loves flowers. Rudi watches football. ', 231014531, 'I watches football. Mike loves flowers. '),
(37, 'Mike like swimming. Mike watches football. ', 2002877782, 'Rudi like sports. '),
(38, 'I like sports. Rudi like sports. ', 573006457, 'Rudi like swimming. Rudi like sports. '),
(39, 'I watches football. ', 1190581120, 'Mike watches football. Rudi like sports.'),
(40, 'Mike watches football. ', 488052483, 'Rudi watches football. '),
(41, 'I loves flowers. Mike like swimming. ', 108721130, 'Mike loves flowers. Mike like sports. '),
(42, 'Mike watches football. ', 488052483, 'Rudi watches football. '),
(43, 'I loves flowers. Mike like swimming. ', 108721130, 'Mike loves flowers. Mike like sports. '),
(44, 'I watches football. ', 124394731, 'Mike loves flowers. I like sports. '),
(45, 'Mike loves flowers. Rudi watches football. ', 988508620, 'Mike like sports. Mike watches football.'),
(46, 'Mike loves flowers. Rudi watches football. ', 988508620, 'Mike like sports. Mike watches football.'),
(47, 'Mike watches football. ', 543558809, 'Rudi like sports. Rudi watches football.'),
(48, 'Mike like sports. Mike loves flowers. ', 1695099879, 'Mike like sports. Rudi like swimming. '),
(49, 'Mike loves flowers. Mike like sports. ', 1657697649, 'Mike like sports. Rudi watches football.'),
(52, 'Rudi loves flowers. Rudi watches football. ', 1556039312, 'Rudi watches football. Mike like sports.'),
(53, 'Rudi loves flowers. Mike like swimming. ', 1899249900, 'Mike watches football. '),
(54, 'Mike watches football. Mike watches football. ', 362450710, 'Rudi loves flowers. I like swimming. '),
(55, 'I loves flowers. Rudi watches football. ', 335617623, 'Mike like sports. Rudi like sports. '),
(56, 'I loves flowers. Rudi watches football. ', 335617623, 'Mike like sports. Rudi like sports. '),
(57, 'I watches football. I watches football. ', 208987943, 'Mike watches football. Rudi like sports.'),
(58, 'Mike like swimming. Mike like swimming. ', 61500489, 'Rudi watches football. Rudi like sports.'),
(59, 'Rudi watches football. I loves flowers. ', 989082393, 'Mike loves flowers. Mike like sports. '),
(61, 'Mike watches football. ', 1718410612, 'Mike loves flowers. Rudi like sports. '),
(62, 'Mike watches football. Rudi watches football. ', 707442196, 'Mike like sports. Mike watches football.'),
(63, 'Rudi like swimming. I loves flowers. ', 1514087666, 'Rudi loves flowers. I like swimming. '),
(64, 'I like sports. Rudi watches football. ', 1141365695, 'Mike loves flowers. '),
(65, 'Mike watches football. Rudi loves flowers. ', 2074068, 'I loves flowers. Mike watches football. '),
(69, 'Mike loves flowers. Mike watches football. ', 773339441, 'Mike loves flowers. Mike loves flowers. '),
(70, 'Mike like swimming. Rudi loves flowers. ', 1352262686, 'I loves flowers. Rudi watches football. '),
(71, 'Mike loves flowers. Rudi watches football. ', 382219873, 'Rudi loves flowers. I watches football. '),
(72, 'I like sports. Rudi watches football. ', 1055662347, 'Rudi watches football. Rudi like sports.'),
(73, 'I like swimming. Mike watches football. ', 1589777239, 'Mike watches football. '),
(74, 'Rudi like sports. Rudi like swimming. ', 579416414, 'Mike like sports. Rudi like swimming. '),
(75, 'Rudi like sports. Rudi like swimming. ', 579416414, 'Mike like sports. Rudi like swimming. '),
(76, 'Rudi loves flowers. I watches football. ', 1746914044, 'I loves flowers. '),
(77, 'Mike loves flowers. Rudi like swimming. ', 1142351084, 'Rudi loves flowers. Mike like sports. '),
(78, 'Rudi like sports. Rudi like sports. ', 79084126, 'Mike like swimming. I like swimming. '),
(80, 'Rudi like swimming. Mike like sports. ', 1254748079, 'I watches football. '),
(81, 'Rudi watches football. Mike watches football. ', 835121724, 'I loves flowers. '),
(83, 'Mike watches football. Mike loves flowers. ', 1130472073, 'I like sports. '),
(84, 'Rudi loves flowers. Mike like sports. ', 1930974551, 'Rudi watches football. I like sports. '),
(85, 'Mike watches football. Rudi watches football. ', 1898227307, 'Rudi watches football. '),
(86, 'Mike loves flowers. I watches football. ', 660422257, 'I loves flowers. Rudi watches football. '),
(88, 'I watches football. Rudi watches football. ', 1874554653, 'Mike watches football. I loves flowers. '),
(89, 'Mike watches football. ', 577719842, 'Mike loves flowers. I like swimming. '),
(90, 'I like swimming. Rudi loves flowers. ', 702909943, 'Rudi watches football. '),
(91, 'I like swimming. Rudi loves flowers. ', 702909943, 'Rudi watches football. '),
(92, 'Mike watches football. ', 1399883845, 'Mike loves flowers. '),
(93, 'Mike like sports. Rudi watches football. ', 148132249, 'I like swimming. Rudi watches football. '),
(94, 'Rudi loves flowers. Mike watches football. ', 465458355, 'Mike watches football. Rudi like sports.'),
(98, 'I loves flowers. ', 2110522593, 'Rudi watches football. I like swimming. '),
(99, 'Mike watches football. Rudi watches football. ', 2060683647, 'Mike loves flowers. Mike like sports. '),
(100, 'Mike loves flowers. Mike watches football. ', 1185610085, 'I like swimming. '),
(101, 'Mike loves flowers. I like swimming. ', 45523759, 'Mike like swimming. '),
(102, 'Mike watches football. Rudi watches football. ', 1269260491, 'Mike watches football. '),
(103, 'Mike watches football. Rudi watches football. ', 1269260491, 'Mike watches football. '),
(104, 'Rudi like swimming. I watches football. ', 215848669, 'Mike loves flowers. '),
(105, 'Mike watches football. I loves flowers. ', 1141423039, 'I loves flowers. Mike watches football. '),
(106, 'Mike watches football. I like swimming. ', 343330106, 'I watches football. I loves flowers. '),
(108, 'Mike loves flowers. Rudi watches football. ', 854011968, 'I loves flowers. Mike like swimming. '),
(109, 'Rudi loves flowers. Mike watches football. ', 1313953456, 'Mike watches football. '),
(110, 'Rudi like swimming. I loves flowers. ', 738595407, 'Mike watches football. I loves flowers. '),
(112, 'I like swimming. Mike loves flowers. ', 840977550, 'Mike loves flowers. Mike loves flowers. '),
(113, 'Mike watches football. Mike like swimming. ', 374544265, 'Rudi loves flowers. Rudi like sports. '),
(114, 'Rudi like swimming. Rudi watches football. ', 2130890581, 'I loves flowers. Mike watches football. '),
(115, 'Mike watches football. I watches football. ', 443258662, 'I loves flowers. I watches football. '),
(119, 'Rudi loves flowers. Mike loves flowers. ', 464229604, 'I watches football. Mike loves flowers. '),
(120, 'Mike like swimming. ', 32765572, 'Rudi loves flowers. '),
(121, 'I loves flowers. ', 1521969040, 'I watches football. '),
(122, 'Mike like swimming. I like sports. ', 670852772, 'Rudi like swimming. Mike like sports. '),
(123, 'I watches football. ', 161321322, 'Rudi loves flowers. Rudi loves flowers. '),
(124, 'I watches football. ', 161321322, 'Rudi loves flowers. Rudi loves flowers. '),
(125, 'Mike watches football. ', 534528498, 'Rudi like sports. I watches football. '),
(126, 'Mike watches football. Mike watches football. ', 259129082, 'I like swimming. Mike loves flowers. '),
(127, 'I like sports. I like swimming. ', 1079359190, 'Mike loves flowers. '),
(128, 'Rudi watches football. ', 1126966174, 'I loves flowers. Rudi watches football. '),
(129, 'Mike loves flowers. I loves flowers. ', 34552589, 'Rudi like swimming. I watches football. '),
(130, 'Rudi watches football. I like swimming. ', 1204791860, 'I loves flowers. I watches football. '),
(131, 'Rudi watches football. ', 1126966174, 'I loves flowers. Rudi watches football. '),
(132, 'Mike loves flowers. I loves flowers. ', 34552589, 'Rudi like swimming. I watches football. '),
(133, 'Rudi watches football. I like swimming. ', 1204791860, 'I loves flowers. I watches football. '),
(134, 'Mike watches football. Rudi loves flowers. ', 535164266, 'Mike like swimming. Rudi loves flowers. '),
(135, 'Rudi watches football. Mike watches football. ', 1056339681, 'Mike loves flowers. Mike loves flowers. '),
(136, 'Rudi watches football. Mike watches football. ', 1056339681, 'Mike loves flowers. Mike loves flowers. '),
(137, 'Mike like sports. Mike watches football. ', 1108518034, 'Mike like sports. Mike like swimming. '),
(138, 'I like swimming. Mike like swimming. ', 1613074858, 'Rudi watches football. Rudi like sports.'),
(139, 'Mike watches football. Rudi loves flowers. ', 170996457, 'Rudi like sports. Mike like swimming. '),
(140, 'Mike watches football. Rudi loves flowers. ', 170996457, 'Rudi like sports. Mike like swimming. '),
(141, 'Mike loves flowers. ', 1612825051, 'I watches football. Rudi like swimming. '),
(142, 'Rudi loves flowers. Mike watches football. ', 228781186, 'Rudi like sports. ');

-- --------------------------------------------------------

--
-- Structure de la table `artista`
--

CREATE TABLE `artista` (
  `id` int(10) UNSIGNED NOT NULL,
  `nom` varchar(40) NOT NULL,
  `imatge` varchar(40) NOT NULL
) ENGINE=InnoDB DEFAULT CHARSET=utf8mb4 COLLATE=utf8mb4_general_ci;

--
-- Déchargement des données de la table `artista`
--

INSERT INTO `artista` (`id`, `nom`, `imatge`) VALUES
(1, 'Mike watches football. Mike like sports.', 'I like sports. Mike watches football. '),
(2, 'I like sports. Rudi loves flowers. ', 'Rudi watches football. '),
(4, 'I watches football. I loves flowers. ', 'I like sports. Rudi watches football. '),
(5, 'I watches football. Rudi loves flowers. ', 'Mike like sports. I like swimming. '),
(6, 'Mike like sports. ', 'I like swimming. '),
(7, 'I watches football. Rudi loves flowers. ', 'Rudi loves flowers. Rudi like sports. '),
(8, 'Mike like sports. Mike watches football.', 'I loves flowers. Mike watches football. '),
(9, 'I watches football. Rudi like sports. ', 'I loves flowers. '),
(10, 'Mike like sports. Mike loves flowers. ', 'Rudi loves flowers. '),
(11, 'Mike like sports. Mike watches football.', 'I loves flowers. Mike watches football. '),
(12, 'I watches football. Rudi like sports. ', 'I loves flowers. '),
(13, 'Mike like sports. Mike loves flowers. ', 'Rudi loves flowers. '),
(14, 'Mike watches football. I like swimming. ', 'Mike like swimming. Rudi loves flowers. '),
(15, 'I loves flowers. Mike like sports. ', 'I loves flowers. Mike like swimming. '),
(16, 'I loves flowers. Mike like sports. ', 'I loves flowers. Mike like swimming. '),
(17, 'Mike loves flowers. I watches football. ', 'Mike loves flowers. '),
(19, 'I watches football. I watches football. ', 'Rudi like swimming. I like sports. '),
(20, 'I watches football. ', 'I watches football. Mike like sports. '),
(21, 'I loves flowers. Rudi watches football. ', 'Rudi like swimming. Mike loves flowers. '),
(22, 'I loves flowers. Rudi watches football. ', 'Rudi like swimming. Mike loves flowers. '),
(23, 'I watches football. ', 'Mike like sports. '),
(24, 'Mike watches football. ', 'Mike like swimming. Rudi like swimming. '),
(25, 'Mike watches football. ', 'Mike like swimming. Rudi like swimming. '),
(26, 'I loves flowers. Mike like swimming. ', 'Rudi like sports. Mike watches football.'),
(27, 'Mike like sports. ', 'I loves flowers. Mike watches football. '),
(28, 'I watches football. ', 'Rudi loves flowers. I like swimming. '),
(30, 'Mike watches football. ', 'Rudi watches football. Mike like sports.'),
(31, 'Mike loves flowers. Mike like sports. ', 'Mike like sports. Mike like swimming. '),
(32, 'Rudi watches football. ', 'Mike like sports. Rudi loves flowers. '),
(33, 'Rudi watches football. ', 'Mike like sports. Rudi loves flowers. '),
(34, 'I loves flowers. Rudi watches football. ', 'I like swimming. '),
(36, 'Rudi like sports. Mike like swimming. ', 'Rudi watches football. Mike like sports.'),
(37, 'I watches football. I watches football. ', 'Mike like swimming. Mike loves flowers. '),
(38, 'Mike like swimming. Mike like swimming. ', 'Mike loves flowers. I loves flowers. '),
(39, 'Mike loves flowers. Rudi loves flowers. ', 'Mike like sports. Rudi watches football.'),
(40, 'Mike loves flowers. I watches football. ', 'I like swimming. Rudi watches football. '),
(41, 'Rudi watches football. I loves flowers. ', 'Mike watches football. Rudi like sports.'),
(43, 'Mike watches football. ', 'Mike like swimming. Rudi like sports. '),
(44, 'I like sports. Rudi watches football. ', 'I watches football. Rudi loves flowers. '),
(45, 'Mike like swimming. Rudi loves flowers. ', 'Rudi like sports. Mike watches football.'),
(46, 'Rudi like swimming. Rudi like sports. ', 'I like sports. Mike watches football. '),
(47, 'Rudi watches football. I like swimming. ', 'I watches football. Rudi loves flowers. '),
(48, 'Rudi watches football. I like swimming. ', 'I watches football. Rudi loves flowers. '),
(49, 'Rudi loves flowers. I watches football. ', 'Mike like sports. Mike like sports. '),
(50, 'Mike loves flowers. Rudi like swimming. ', 'I loves flowers. Rudi loves flowers. '),
(51, 'Mike loves flowers. Rudi like swimming. ', 'I loves flowers. Rudi loves flowers. '),
(52, 'Rudi watches football. ', 'Mike loves flowers. '),
(54, 'Rudi loves flowers. Mike like sports. ', 'Rudi loves flowers. I loves flowers. '),
(55, 'Mike loves flowers. I watches football. ', 'Rudi watches football. I like sports. '),
(56, 'Mike watches football. Mike like sports.', 'I loves flowers. Rudi watches football. '),
(57, 'Mike watches football. Mike like sports.', 'I loves flowers. Rudi watches football. '),
(58, 'Mike watches football. ', 'Mike loves flowers. Rudi loves flowers. '),
(59, 'Mike like sports. Rudi watches football.', 'Mike watches football. '),
(60, 'Mike like sports. Rudi watches football.', 'Mike watches football. '),
(61, 'Mike watches football. Rudi like sports.', 'Mike like sports. '),
(62, 'I loves flowers. ', 'Rudi watches football. Rudi like sports.'),
(63, 'I loves flowers. ', 'Rudi watches football. Rudi like sports.'),
(64, 'I watches football. Mike like sports. ', 'Mike like sports. Rudi like swimming. '),
(65, 'Rudi like swimming. I watches football. ', 'Rudi like sports. Rudi watches football.'),
(66, 'Mike watches football. I loves flowers. ', 'Mike like sports. '),
(67, 'Mike watches football. I like swimming. ', 'I watches football. '),
(68, 'I watches football. Mike like swimming. ', 'Mike loves flowers. I like sports. '),
(69, 'I watches football. Mike like swimming. ', 'Mike loves flowers. I like sports. '),
(70, 'I like sports. Mike loves flowers. ', 'Rudi like sports. Mike loves flowers. '),
(71, 'I like swimming. Mike loves flowers. ', 'Rudi loves flowers. I watches football. '),
(72, 'Mike loves flowers. I like swimming. ', 'Mike loves flowers. Rudi loves flowers. '),
(73, 'Rudi like sports. Mike loves flowers. ', 'Mike loves flowers. I watches football. '),
(75, 'Mike like swimming. ', 'I loves flowers. Rudi loves flowers. '),
(76, 'I watches football. ', 'Rudi like sports. Rudi watches football.'),
(77, 'Rudi watches football. ', 'I watches football. '),
(78, 'Mike loves flowers. Rudi loves flowers. ', 'Mike watches football. '),
(79, 'Rudi like sports. Mike watches football.', 'Mike loves flowers. I watches football. '),
(80, 'Mike like sports. Mike watches football.', 'I watches football. Mike loves flowers. '),
(84, 'I loves flowers. Rudi watches football. ', 'I loves flowers. I loves flowers. '),
(85, 'Mike loves flowers. ', 'Rudi watches football. I like sports. '),
(86, 'I like swimming. Mike like swimming. ', 'Mike watches football. I like swimming. '),
(87, 'Rudi watches football. ', 'I loves flowers. Mike loves flowers. '),
(88, 'Rudi like sports. Rudi watches football.', 'Mike loves flowers. '),
(89, 'Mike loves flowers. ', 'I like sports. '),
(90, 'Mike loves flowers. ', 'I like sports. '),
(91, 'Rudi loves flowers. Rudi like swimming. ', 'I loves flowers. Mike watches football. '),
(92, 'Mike loves flowers. ', 'I like sports. '),
(93, 'Rudi loves flowers. Rudi like swimming. ', 'I loves flowers. Mike watches football. '),
(94, 'I loves flowers. Mike watches football. ', 'I watches football. '),
(95, 'I loves flowers. I like sports. ', 'I watches football. I loves flowers. '),
(96, 'I loves flowers. I like sports. ', 'I watches football. I loves flowers. '),
(97, 'Mike watches football. ', 'Rudi watches football. '),
(99, 'I watches football. ', 'Mike watches football. Rudi like sports.'),
(100, 'I watches football. Mike like swimming. ', 'Mike like sports. Mike loves flowers. '),
(101, 'Rudi watches football. I loves flowers. ', 'Mike watches football. Rudi like sports.'),
(102, 'I watches football. ', 'Mike like swimming. '),
(104, 'I loves flowers. Mike watches football. ', 'Rudi like sports. Mike watches football.'),
(105, 'I loves flowers. Rudi like sports. ', 'Mike loves flowers. '),
(106, 'I like sports. Mike watches football. ', 'Mike watches football. '),
(107, 'Mike loves flowers. ', 'I watches football. Mike like sports. '),
(108, 'Mike loves flowers. I loves flowers. ', 'Rudi loves flowers. I like swimming. '),
(109, 'Mike loves flowers. I loves flowers. ', 'Rudi loves flowers. I like swimming. '),
(110, 'Mike watches football. Mike like sports.', 'I loves flowers. Mike loves flowers. '),
(111, 'Mike watches football. I loves flowers. ', 'Mike watches football. '),
(112, 'Rudi loves flowers. Rudi like swimming. ', 'Mike watches football. Rudi like sports.'),
(113, 'Rudi loves flowers. Rudi like swimming. ', 'Mike watches football. Rudi like sports.'),
(114, 'Mike loves flowers. Mike like swimming. ', 'I like swimming. Rudi watches football. '),
(115, 'Mike loves flowers. I watches football. ', 'Mike loves flowers. Mike loves flowers. '),
(116, 'Mike loves flowers. I watches football. ', 'Mike loves flowers. Mike loves flowers. '),
(117, 'Mike watches football. ', 'Mike like sports. I like sports. '),
(118, 'Rudi watches football. ', 'I watches football. Mike loves flowers. '),
(119, 'Mike like swimming. Mike like swimming. ', 'Rudi watches football. I like swimming. '),
(120, 'Rudi watches football. Mike like sports.', 'Mike loves flowers. '),
(121, 'Mike loves flowers. Rudi loves flowers. ', 'Mike watches football. Mike like sports.'),
(122, 'Mike like swimming. I loves flowers. ', 'I like swimming. Rudi watches football. '),
(123, 'Mike watches football. I like sports. ', 'Rudi like sports. Rudi watches football.'),
(125, 'Mike like sports. Mike watches football.', 'Rudi loves flowers. Mike like swimming. '),
(126, 'Mike like sports. Rudi loves flowers. ', 'I like sports. Mike like swimming. '),
(127, 'Rudi loves flowers. ', 'I like swimming. '),
(128, 'Mike watches football. ', 'Mike loves flowers. Mike loves flowers. '),
(129, 'Mike loves flowers. Mike like swimming. ', 'Mike like swimming. '),
(131, 'Mike loves flowers. Mike loves flowers. ', 'Mike watches football. I like swimming. '),
(132, 'Mike like sports. Rudi watches football.', 'I watches football. Mike loves flowers. '),
(133, 'I like sports. I watches football. ', 'I like swimming. Mike loves flowers. ');

-- --------------------------------------------------------

--
-- Structure de la table `cancio`
--

CREATE TABLE `cancio` (
  `id` int(10) UNSIGNED NOT NULL,
  `titol` varchar(50) NOT NULL,
  `durada` int(11) NOT NULL,
  `reproduccions` int(11) NOT NULL,
  `id_album` int(10) UNSIGNED NOT NULL,
  `id_addicio` int(10) UNSIGNED DEFAULT NULL
) ENGINE=InnoDB DEFAULT CHARSET=utf8mb4 COLLATE=utf8mb4_general_ci;

--
-- Déchargement des données de la table `cancio`
--

INSERT INTO `cancio` (`id`, `titol`, `durada`, `reproduccions`, `id_album`, `id_addicio`) VALUES
(1, 'Mike like swimming. Mike watches football. ', 1570126088, 1569933745, 106, 115),
(2, 'I watches football. I watches football. ', 1935844031, 152454233, 132, NULL),
(3, 'Rudi like swimming. I loves flowers. ', 1066918394, 144139122, 133, 184),
(4, 'Mike watches football. Mike like sports. ', 2117154592, 1649604561, 120, 264),
(5, 'Mike watches football. Mike like swimming. ', 1840659868, 488197467, 133, 110),
(6, 'Rudi watches football. Mike watches football. ', 2120470093, 1418025578, 34, 292),
(7, 'I like sports. Rudi loves flowers. ', 489965424, 1732318273, 100, 116),
(8, 'Mike loves flowers. Mike watches football. ', 160618522, 64032973, 42, 314),
(9, 'I watches football. I loves flowers. ', 1595919047, 1741974563, 14, 243),
(10, 'Mike watches football. Mike watches football. ', 2039214544, 2030265882, 73, 238),
(11, 'Mike watches football. Rudi loves flowers. ', 65526659, 327992918, 3, 248),
(12, 'I loves flowers. Rudi watches football. ', 1485318616, 1954803377, 125, 272),
(13, 'Mike watches football. I like swimming. ', 1828992267, 2145650272, 102, 205),
(14, 'I watches football. Rudi loves flowers. ', 121863560, 1159625347, 119, NULL),
(15, 'Mike like sports. ', 876785565, 2099191950, 120, 284),
(16, 'I watches football. Rudi loves flowers. ', 756749168, 340242641, 40, 48),
(17, 'Mike like sports. Mike watches football. ', 2133925812, 1179158926, 24, 141),
(18, 'Mike watches football. I loves flowers. ', 1206768426, 200888217, 84, 214),
(19, 'I watches football. Rudi like sports. ', 1022169017, 952173548, 134, 141),
(20, 'Mike like sports. Mike loves flowers. ', 106110341, 886614145, 61, 158),
(21, 'Mike watches football. I like swimming. ', 1250420388, 615248861, 112, 184),
(22, 'I loves flowers. Mike like sports. ', 1828030354, 363435639, 104, 309),
(23, 'Mike watches football. Mike watches football. ', 491073319, 1046807267, 1, NULL),
(24, 'Rudi like sports. Rudi like swimming. ', 328964149, 2025439906, 77, 8),
(25, 'Mike loves flowers. I watches football. ', 2070007347, 1912569705, 108, 23),
(26, 'Mike watches football. Mike watches football. ', 499559765, 1150531537, 53, 110),
(27, 'I watches football. I watches football. ', 1324227872, 1227653163, 137, 86),
(28, 'Mike loves flowers. Mike watches football. ', 1307592918, 545708235, 65, 122),
(29, 'Mike loves flowers. Mike watches football. ', 531757751, 1483437507, 122, 181),
(30, 'Rudi watches football. I watches football. ', 1802512063, 2064185410, 21, 31),
(31, 'Mike loves flowers. Rudi loves flowers. ', 1479606320, 716797517, 30, 270),
(32, 'I like sports. ', 1712955679, 558361066, 93, 120),
(33, 'I watches football. ', 265695738, 900606573, 47, 227),
(34, 'I loves flowers. Rudi watches football. ', 231014531, 269288999, 59, 157),
(35, 'Rudi watches football. ', 70359707, 1606018849, 109, 51),
(36, 'Mike like swimming. Mike watches football. ', 2002877782, 1006255270, 30, 337),
(37, 'I like sports. Rudi like sports. ', 573006457, 363273927, 41, 23),
(38, 'I watches football. ', 1190581120, 969403917, 64, 183),
(39, 'Mike watches football. ', 488052483, 607777387, 35, 43),
(40, 'Mike loves flowers. Rudi watches football. ', 306801119, 1076127630, 85, 251),
(41, 'I loves flowers. Mike like swimming. ', 108721130, 1097551184, 120, 169),
(42, 'Mike like sports. ', 281161585, 1070168337, 108, 73),
(43, 'I watches football. ', 124394731, 719951318, 110, 58),
(44, 'Mike loves flowers. Rudi watches football. ', 988508620, 686441194, 59, 269),
(45, 'Mike like swimming. Rudi watches football. ', 1004920843, 1809816680, 114, 303),
(46, 'Mike watches football. ', 543558809, 115536189, 69, 15),
(47, 'Mike like sports. Mike loves flowers. ', 1695099879, 1931678617, 130, 126),
(48, 'Mike loves flowers. Mike like sports. ', 1657697649, 1572192796, 55, 245),
(49, 'Rudi watches football. ', 741511677, 1198946813, 76, 234),
(50, 'Rudi loves flowers. Rudi watches football. ', 1556039312, 469520099, 114, 70),
(51, 'Rudi loves flowers. Mike like swimming. ', 1899249900, 102695415, 10, NULL),
(52, 'Rudi loves flowers. ', 907479117, 220836925, 127, 154),
(53, 'Mike watches football. Mike watches football. ', 362450710, 1196269191, 49, NULL),
(54, 'I loves flowers. Rudi watches football. ', 335617623, 1256836805, 19, 105),
(55, 'Mike loves flowers. I loves flowers. ', 374391246, 610468448, 71, 248),
(56, 'Rudi like sports. Mike like swimming. ', 1209915257, 1521708492, 72, 313),
(57, 'I watches football. I watches football. ', 208987943, 2022242449, 132, 151),
(58, 'Rudi loves flowers. Rudi like sports. ', 346277032, 166129097, 28, 152),
(59, 'I like swimming. I like swimming. ', 1361490460, 555229557, 83, NULL),
(60, 'Rudi like swimming. Rudi like sports. ', 1133811621, 1823496772, 77, NULL),
(61, 'Mike like swimming. Mike like swimming. ', 61500489, 1063763879, 81, 41),
(62, 'I watches football. Rudi watches football. ', 1195502579, 301715304, 124, 149),
(63, 'Rudi like swimming. Rudi watches football. ', 1282944731, 1368775841, 83, 38),
(64, 'Mike loves flowers. Mike watches football. ', 1048738717, 1388082344, 142, NULL),
(65, 'Mike loves flowers. Rudi loves flowers. ', 1944105894, 1446031336, 131, 238),
(66, 'Mike loves flowers. I watches football. ', 87974585, 1613892349, 78, 237),
(67, 'Rudi watches football. I loves flowers. ', 989082393, 336515876, 34, 273),
(68, 'Mike watches football. ', 847327837, 962504969, 127, 110),
(69, 'Mike watches football. ', 1718410612, 850554131, 46, 293),
(70, 'Mike watches football. Rudi watches football. ', 707442196, 320724915, 19, NULL),
(71, 'Rudi watches football. Mike watches football. ', 1420141612, 15473740, 24, 206),
(72, 'Rudi like swimming. ', 1573088622, 1911037475, 74, 92),
(73, 'Rudi like swimming. I loves flowers. ', 1514087666, 1907690920, 100, 231),
(74, 'I like sports. Rudi watches football. ', 1141365695, 601936801, 64, 250),
(75, 'Mike watches football. Rudi loves flowers. ', 2074068, 1594115785, 135, 85),
(76, 'Mike loves flowers. Mike watches football. ', 2039344977, 2063295968, 55, 70),
(77, 'Mike loves flowers. Mike watches football. ', 773339441, 374984382, 81, NULL),
(78, 'Mike like swimming. Rudi loves flowers. ', 1352262686, 1500165994, 81, 291),
(79, 'Mike loves flowers. Rudi watches football. ', 382219873, 1803223098, 43, 104),
(80, 'I like sports. Rudi watches football. ', 1055662347, 1875941226, 122, 127),
(81, 'Rudi like swimming. Rudi like sports. ', 1954110780, 1309011481, 121, NULL),
(82, 'Rudi watches football. I like swimming. ', 606581965, 140383394, 83, 158),
(83, 'I like swimming. Mike watches football. ', 1589777239, 1924555790, 48, 113),
(84, 'Rudi like sports. Rudi like swimming. ', 579416414, 300634018, 71, 171),
(85, 'Mike watches football. Rudi loves flowers. ', 1390432218, 1421018, 105, 107),
(86, 'Rudi loves flowers. I watches football. ', 1746914044, 966591053, 59, 171),
(87, 'Mike loves flowers. Rudi like swimming. ', 1142351084, 410448755, 90, 286),
(88, 'Rudi like sports. Rudi like sports. ', 79084126, 43490090, 24, 43),
(89, 'Mike watches football. Rudi watches football. ', 1325399101, 993297306, 104, 160),
(90, 'Mike watches football. Mike watches football. ', 372966688, 757293716, 124, 67),
(91, 'Mike watches football. Mike loves flowers. ', 232960925, 29307843, 10, 235),
(92, 'Rudi like swimming. Mike like sports. ', 1254748079, 925026022, 99, 83),
(93, 'Rudi watches football. Mike watches football. ', 835121724, 282550938, 64, 238),
(94, 'Rudi watches football. ', 1859548706, 1584629657, 105, 75),
(95, 'Mike watches football. Mike loves flowers. ', 1130472073, 1540879974, 77, 164),
(96, 'Rudi loves flowers. Mike like sports. ', 1930974551, 1013258699, 85, 327),
(97, 'Mike watches football. Rudi watches football. ', 1898227307, 569786347, 90, 280),
(98, 'Mike loves flowers. I watches football. ', 660422257, 863650108, 1, 310),
(99, 'Mike watches football. Mike like sports. ', 803272158, 2019444598, 101, 168),
(100, 'Rudi like swimming. Mike loves flowers. ', 888995136, 2077324738, 141, 101),
(101, 'Mike loves flowers. I loves flowers. ', 1587444410, 113357219, 127, 136),
(102, 'I watches football. Rudi watches football. ', 1874554653, 1450136055, 44, NULL),
(103, 'Mike watches football. Mike like sports. ', 1941200105, 1726481768, 73, 65),
(104, 'Mike watches football. ', 577719842, 1709171013, 47, 253),
(105, 'I like swimming. Rudi loves flowers. ', 702909943, 1437711082, 73, 82),
(106, 'I watches football. ', 1945301976, 1725385800, 126, 334),
(107, 'Mike watches football. ', 1399883845, 426516654, 106, 292),
(108, 'Mike like sports. Rudi watches football. ', 148132249, 726136900, 49, 233),
(109, 'Rudi loves flowers. Mike watches football. ', 465458355, 1558888082, 123, 182),
(110, 'Mike watches football. Rudi like sports. ', 688620863, 762042385, 131, 165),
(111, 'I loves flowers. ', 2110522593, 960201205, 62, 232),
(112, 'Mike watches football. Rudi watches football. ', 2060683647, 136332649, 70, 107),
(113, 'Mike loves flowers. Mike watches football. ', 1185610085, 597007180, 26, 188),
(114, 'Mike loves flowers. I like swimming. ', 45523759, 1380933416, 46, 120),
(115, 'Mike watches football. Rudi watches football. ', 1269260491, 1593285121, 94, 103),
(116, 'I watches football. Mike like sports. ', 2098745342, 295142307, 59, 25),
(117, 'Rudi watches football. Rudi watches football. ', 1206486192, 2137517613, 55, 293),
(118, 'Rudi watches football. Rudi loves flowers. ', 555783838, 1016144885, 91, 240),
(119, 'Rudi like swimming. I watches football. ', 215848669, 1620285848, 65, 96),
(120, 'Mike watches football. I loves flowers. ', 1141423039, 2023540577, 8, 148),
(121, 'Mike watches football. I like swimming. ', 343330106, 1966702146, 122, 107),
(122, 'I watches football. Mike like swimming. ', 478641203, 1034337494, 140, NULL),
(123, 'Mike loves flowers. Mike watches football. ', 1201521543, 1561153280, 10, 288),
(124, 'Mike loves flowers. Rudi like swimming. ', 1218121724, 1231785773, 70, NULL),
(125, 'Mike loves flowers. Rudi watches football. ', 854011968, 975425520, 123, 336),
(126, 'Rudi loves flowers. Mike watches football. ', 1313953456, 2065693474, 18, 200),
(127, 'Mike watches football. Mike loves flowers. ', 1731142010, 371896071, 63, 50),
(128, 'Mike watches football. Rudi watches football. ', 915583316, 1502658025, 15, 125),
(129, 'Rudi like swimming. I loves flowers. ', 738595407, 2101927901, 75, NULL),
(130, 'I like sports. Mike loves flowers. ', 1434069212, 746207164, 70, 165),
(131, 'I like swimming. Mike loves flowers. ', 840977550, 86573874, 44, 146),
(132, 'Mike loves flowers. I like swimming. ', 1452123438, 1402829675, 100, 137),
(133, 'I watches football. Mike watches football. ', 1766663780, 687736385, 92, 158),
(134, 'Mike watches football. Mike like swimming. ', 374544265, 983041913, 115, 90),
(135, 'Rudi like swimming. Rudi watches football. ', 2130890581, 1743438193, 104, 97),
(136, 'Mike watches football. I watches football. ', 443258662, 559742399, 44, 112),
(137, 'Rudi like sports. Mike loves flowers. ', 694451993, 79168125, 54, 164),
(138, 'Rudi loves flowers. Mike loves flowers. ', 464229604, 436361688, 54, 176),
(139, 'Mike like swimming. ', 32765572, 1221659392, 38, 147),
(140, 'I loves flowers. ', 1521969040, 1526872763, 59, 281),
(141, 'Mike like swimming. I like sports. ', 670852772, 263532012, 108, 313),
(142, 'I watches football. ', 161321322, 1488452973, 45, 72),
(143, 'I watches football. Rudi loves flowers. ', 877915608, 1007539308, 100, 229),
(144, 'Mike watches football. ', 534528498, 1533182177, 58, 139),
(145, 'Mike watches football. Mike watches football. ', 259129082, 251844417, 120, 181),
(146, 'I like sports. I like swimming. ', 1079359190, 1274055991, 115, 129),
(147, 'Rudi watches football. ', 1126966174, 970699708, 3, 17),
(148, 'Mike loves flowers. I loves flowers. ', 34552589, 653392151, 53, 148),
(149, 'Rudi watches football. I like swimming. ', 1204791860, 538625630, 64, 29),
(150, 'Mike watches football. Mike like swimming. ', 1599121995, 299353574, 113, 43),
(151, 'Mike watches football. Rudi loves flowers. ', 535164266, 497571967, 2, 119),
(152, 'Rudi watches football. Mike watches football. ', 1056339681, 1960251192, 40, 304),
(153, 'Mike loves flowers. Rudi loves flowers. ', 937048727, 737535550, 37, 65),
(154, 'Rudi like sports. Mike watches football. ', 262559418, 921060129, 132, 60),
(155, 'Mike like sports. Mike watches football. ', 1108518034, 1725868716, 9, 227),
(156, 'I loves flowers. Rudi loves flowers. ', 473356177, 1594475519, 31, 174),
(157, 'I loves flowers. Rudi watches football. ', 301722392, 1427184018, 24, 280),
(158, 'Mike loves flowers. ', 1444691603, 1042064650, 123, 181),
(159, 'I like swimming. Mike like swimming. ', 1613074858, 1620939350, 114, 87),
(160, 'Mike watches football. Rudi loves flowers. ', 170996457, 135521759, 40, 74),
(161, 'Rudi watches football. ', 1342054262, 1837184375, 17, 235),
(162, 'Rudi like sports. Rudi watches football. ', 735565543, 252058831, 56, 252),
(163, 'Mike loves flowers. ', 1612825051, 1380476492, 140, 186),
(164, 'Mike loves flowers. ', 978850114, 1655124620, 45, 171),
(165, 'Rudi loves flowers. Mike watches football. ', 228781186, 684926076, 100, 160),
(166, 'Rudi loves flowers. Rudi like swimming. ', 1051322571, 1678205608, 13, 38),
(167, 'I watches football. Rudi like sports. ', 6007219, 1266549736, 72, 236),
(168, 'I loves flowers. Mike loves flowers. ', 10941276, 954097692, 92, 114),
(169, 'Mike watches football. Mike watches football. ', 55535750, 404042242, 112, NULL),
(170, 'Mike like swimming. I like swimming. ', 785408, 1059001023, 113, 126),
(171, 'Mike watches football. Mike watches football. ', 999309984, 44273057, 92, 288),
(172, 'Mike watches football. ', 1608786075, 379456983, 134, 300),
(173, 'Mike loves flowers. Rudi loves flowers. ', 1998045988, 218529318, 71, 70),
(174, 'I loves flowers. Mike watches football. ', 336120165, 719090296, 104, 263),
(175, 'I loves flowers. I like sports. ', 850552579, 365941595, 135, 194),
(176, 'Rudi watches football. Rudi watches football. ', 209059199, 1412079189, 48, NULL),
(177, 'Mike watches football. Rudi watches football. ', 329131474, 1141479391, 101, 47),
(178, 'Mike watches football. ', 1063826596, 552705373, 37, 110),
(179, 'Mike like sports. Mike loves flowers. ', 1911518623, 1250189386, 37, NULL),
(180, 'I watches football. ', 28633576, 732428291, 129, 21),
(181, 'I watches football. Mike like swimming. ', 827677727, 722944205, 78, 118),
(182, 'Mike loves flowers. Rudi watches football. ', 647712562, 1466309438, 16, 88),
(183, 'Mike like swimming. Rudi like swimming. ', 898383598, 692138853, 98, 163),
(184, 'Mike watches football. I watches football. ', 2042799847, 98053889, 119, 135),
(185, 'Rudi watches football. I loves flowers. ', 1071137845, 1183733989, 124, NULL),
(186, 'Rudi watches football. Mike watches football. ', 83288506, 1896799301, 75, 274),
(187, 'Mike watches football. Rudi watches football. ', 1717254218, 111156828, 16, 25),
(188, 'I watches football. ', 806372787, 923035, 61, 166),
(189, 'Rudi watches football. Rudi watches football. ', 572982908, 324923617, 99, 281),
(190, 'I loves flowers. Mike watches football. ', 2114387740, 496017314, 120, 21),
(191, 'Rudi loves flowers. Rudi loves flowers. ', 1554839904, 876923840, 48, NULL),
(192, 'Mike watches football. Rudi loves flowers. ', 1390124329, 384349667, 62, 219),
(193, 'Mike watches football. I watches football. ', 2042304005, 1487308372, 27, 125),
(194, 'Rudi loves flowers. ', 1220746746, 416399222, 27, 6),
(195, 'I loves flowers. Rudi like sports. ', 331087729, 814641253, 128, 83),
(196, 'Mike like swimming. Mike watches football. ', 1745701028, 1594667975, 71, 36),
(197, 'Mike like swimming. Rudi watches football. ', 159578476, 563045837, 113, 268),
(198, 'Mike loves flowers. Mike like sports. ', 916863944, 828401279, 81, 249),
(199, 'Mike watches football. Mike watches football. ', 1454684641, 1016602761, 106, 131),
(200, 'Mike loves flowers. I like swimming. ', 771763717, 1185977521, 76, 215),
(201, 'I like sports. Mike watches football. ', 183949948, 313341806, 90, 200),
(202, 'I like swimming. I like sports. ', 2126546497, 150089180, 62, 98),
(203, 'I loves flowers. Rudi like swimming. ', 328916698, 1152700447, 101, 142),
(204, 'Rudi watches football. I loves flowers. ', 685476772, 7402023, 110, 176),
(205, 'Mike loves flowers. Mike watches football. ', 76996164, 2096542008, 44, 335),
(206, 'I loves flowers. I watches football. ', 1056706191, 566370667, 139, 170),
(207, 'Mike loves flowers. ', 1735198383, 3406412, 62, 55),
(208, 'Mike loves flowers. I loves flowers. ', 424185665, 1904317020, 92, 90),
(209, 'Mike watches football. I watches football. ', 1782859283, 1927574139, 55, 192),
(210, 'Mike loves flowers. ', 1408074285, 2133995028, 55, 191),
(211, 'Mike like swimming. Mike watches football. ', 570921287, 433844138, 43, 66),
(212, 'Mike watches football. Rudi watches football. ', 158102405, 1257269666, 100, 74),
(213, 'Mike watches football. Mike like sports. ', 218519272, 989398895, 135, 179),
(214, 'I watches football. Mike like sports. ', 2041179793, 666170925, 125, 154),
(215, 'Rudi loves flowers. Mike watches football. ', 1869074811, 321310353, 101, 66),
(216, 'Mike watches football. Mike watches football. ', 1898981099, 1464828844, 126, 89),
(217, 'Mike like swimming. Rudi like swimming. ', 552340091, 1166939184, 40, 35),
(218, 'Mike watches football. I loves flowers. ', 507153043, 832900835, 64, NULL),
(219, 'Rudi loves flowers. Rudi like swimming. ', 118522150, 1760502160, 76, 122),
(220, 'Mike like swimming. Rudi watches football. ', 721320306, 2075841754, 41, 180),
(221, 'I watches football. ', 1692108396, 1248044993, 112, 308),
(222, 'I watches football. Mike watches football. ', 1751615747, 877569483, 128, 298),
(223, 'Rudi watches football. Mike like sports. ', 963673764, 1222190897, 85, 177),
(224, 'Rudi loves flowers. I like sports. ', 239194914, 1959719698, 104, 159),
(225, 'Mike loves flowers. Mike like swimming. ', 1094737436, 1695463437, 132, 59),
(226, 'Mike loves flowers. I watches football. ', 867365640, 2047905296, 55, 228),
(227, 'Mike watches football. Mike loves flowers. ', 1850527667, 1667612951, 110, 324),
(228, 'I watches football. Mike watches football. ', 84570737, 1975891911, 31, 320),
(229, 'Mike watches football. ', 2141821242, 1845740549, 73, NULL),
(230, 'Rudi watches football. Mike watches football. ', 612141491, 672773476, 71, 252),
(231, 'Rudi loves flowers. ', 642706983, 389810912, 135, 37),
(232, 'Rudi watches football. ', 1449538097, 26069117, 102, 336),
(233, 'I like swimming. Rudi loves flowers. ', 243827960, 1754963976, 26, 74),
(234, 'Mike loves flowers. Rudi watches football. ', 2103947514, 1005060465, 14, 337),
(235, 'Rudi watches football. Rudi watches football. ', 1425562875, 1456904755, 78, 134),
(236, 'Mike like swimming. Mike like swimming. ', 655546366, 458360959, 31, 96),
(237, 'Rudi loves flowers. Rudi watches football. ', 425806937, 755525708, 3, 329),
(238, 'Mike watches football. Mike like sports. ', 154952152, 1045271893, 30, 103),
(239, 'Mike loves flowers. I loves flowers. ', 1868333830, 1113679078, 142, 5),
(240, 'Rudi watches football. Mike like sports. ', 1582557786, 1166406038, 77, NULL),
(241, 'Mike watches football. Rudi loves flowers. ', 383670239, 2011995329, 102, 5),
(242, 'I like sports. ', 983311421, 1600224817, 49, 303),
(243, 'Mike watches football. Mike watches football. ', 1461833917, 2083869023, 113, 227),
(244, 'Mike loves flowers. Rudi loves flowers. ', 752160576, 875288125, 47, 8),
(245, 'Mike loves flowers. Rudi loves flowers. ', 1264023185, 1068393404, 83, 261),
(246, 'Mike like swimming. I loves flowers. ', 352588120, 1449183639, 1, 24),
(247, 'Mike watches football. I like sports. ', 1483418389, 1056861474, 88, NULL),
(248, 'Rudi watches football. Mike loves flowers. ', 1738666508, 413796780, 31, 33),
(249, 'Mike like sports. Mike watches football. ', 528338226, 445052317, 108, 269),
(250, 'Mike loves flowers. Rudi watches football. ', 146071129, 1545929066, 9, 271),
(251, 'Rudi like sports. Mike loves flowers. ', 1147838812, 825871371, 104, 237),
(252, 'Mike like sports. Rudi loves flowers. ', 1096593949, 52687416, 126, 49),
(253, 'Mike watches football. Rudi watches football. ', 268275560, 515256274, 1, 159),
(254, 'Rudi loves flowers. Rudi loves flowers. ', 624553467, 1718948369, 24, 280),
(255, 'Rudi loves flowers. Mike like swimming. ', 1233020827, 1515720726, 12, 12),
(256, 'Rudi loves flowers. ', 670816275, 2129396128, 113, 135),
(257, 'Mike watches football. Rudi loves flowers. ', 1678147529, 2029932614, 24, 170),
(258, 'Rudi watches football. Mike loves flowers. ', 1684564796, 1846908773, 39, 279),
(259, 'I watches football. Rudi watches football. ', 81337503, 2054264815, 109, 89),
(260, 'Mike watches football. ', 762893760, 1296275221, 114, 320),
(261, 'Mike watches football. ', 1171011498, 2082724010, 42, 83),
(262, 'Rudi like swimming. Rudi watches football. ', 1372547971, 18715150, 14, 48),
(263, 'Mike loves flowers. Mike like swimming. ', 1758876877, 1444501152, 78, 215),
(264, 'I watches football. Rudi watches football. ', 1710754590, 1933428707, 138, 99),
(265, 'Mike loves flowers. Mike loves flowers. ', 1227831307, 651073937, 120, 164),
(266, 'I watches football. Mike watches football. ', 2024937729, 783582318, 88, 137),
(267, 'Mike like sports. Rudi watches football. ', 1983672175, 1283150673, 128, 145),
(268, 'I like sports. I watches football. ', 236147849, 892997920, 54, NULL),
(269, 'Mike like sports. I loves flowers. ', 1642053975, 197715311, 132, 71),
(270, 'I watches football. Rudi loves flowers. ', 1287971949, 2029975672, 121, 219),
(271, 'Mike loves flowers. Rudi loves flowers. ', 1842131516, 1184091892, 77, 228),
(272, 'Mike loves flowers. ', 403710445, 336326836, 135, 283),
(273, 'Mike like sports. ', 1131115418, 725216375, 88, 173),
(274, 'Rudi loves flowers. ', 805748727, 1839098964, 65, 13),
(275, 'Mike loves flowers. Mike like sports. ', 178433462, 988550485, 22, 137),
(276, 'I watches football. Rudi watches football. ', 1860834307, 1837393534, 135, 62),
(277, 'I watches football. Mike watches football. ', 583448320, 572014409, 48, 270),
(278, 'I loves flowers. Mike like sports. ', 1244618914, 1288284164, 75, 211),
(279, 'Rudi like swimming. I loves flowers. ', 84142603, 568980243, 105, 218),
(280, 'I loves flowers. I loves flowers. ', 1379607444, 62021073, 91, 130),
(281, 'Mike watches football. Rudi loves flowers. ', 1375923378, 531724987, 27, 131),
(282, 'Rudi watches football. Rudi like swimming. ', 474712564, 1117944417, 101, 64),
(283, 'Mike watches football. Rudi like sports. ', 274782886, 1264506255, 114, 56),
(284, 'Mike like sports. Mike loves flowers. ', 640306810, 1674509975, 21, 168),
(285, 'Mike like swimming. Rudi watches football. ', 872572233, 1338251881, 113, 120),
(286, 'Rudi watches football. ', 356540082, 638443243, 74, 299),
(287, 'Rudi loves flowers. Mike watches football. ', 1047009870, 245600794, 8, 322),
(288, 'Mike watches football. I loves flowers. ', 1856622362, 1869276774, 61, 132),
(289, 'Mike watches football. Rudi watches football. ', 253436728, 1514697911, 16, NULL),
(290, 'Mike like swimming. Rudi loves flowers. ', 1779350487, 1945340411, 41, 191),
(291, 'I like swimming. I loves flowers. ', 741142612, 1261294742, 9, 123),
(292, 'Rudi watches football. ', 1835915742, 672221819, 137, 77),
(293, 'I watches football. Rudi like swimming. ', 1387880799, 1084611981, 15, 156),
(294, 'Mike watches football. Mike watches football. ', 382704296, 1433001719, 76, 140),
(295, 'I loves flowers. Rudi watches football. ', 495066036, 539768716, 109, 152),
(296, 'I loves flowers. I watches football. ', 2116346833, 1328938935, 46, 40),
(297, 'Mike watches football. ', 1966269434, 984674738, 102, 226),
(298, 'I loves flowers. Rudi watches football. ', 864189354, 1794329937, 64, 159),
(299, 'Mike watches football. ', 768206895, 643171092, 18, NULL),
(300, 'Rudi watches football. Mike like sports. ', 1419407488, 1910730026, 55, NULL),
(301, 'Mike watches football. ', 605819196, 1148193270, 22, 333),
(302, 'Rudi watches football. Rudi like sports. ', 837212045, 1452414374, 25, 302),
(303, 'Rudi watches football. Mike like sports. ', 77367818, 1337693150, 3, 310),
(304, 'I like sports. Mike watches football. ', 747464976, 289236059, 58, 140),
(305, 'Mike watches football. ', 445632753, 1346557714, 128, NULL),
(306, 'Rudi watches football. ', 666475112, 303527684, 18, NULL),
(307, 'Mike watches football. I watches football. ', 130400938, 1577347744, 138, NULL),
(308, 'Mike watches football. I watches football. ', 1260583181, 1183703838, 44, 298),
(309, 'Mike watches football. Rudi like sports. ', 234566839, 128590766, 37, NULL),
(310, 'Rudi like swimming. ', 2060428745, 112411696, 75, 334),
(311, 'I like sports. Rudi watches football. ', 1396362356, 539485088, 52, 240),
(312, 'Mike watches football. Rudi watches football. ', 1711208017, 53525628, 37, 48),
(313, 'Mike like swimming. Mike loves flowers. ', 1126033684, 797753661, 42, 181),
(314, 'Mike loves flowers. I watches football. ', 447109832, 375972045, 121, 43),
(315, 'Rudi like swimming. I watches football. ', 1388941156, 1565365642, 80, 20),
(316, 'Mike loves flowers. I watches football. ', 472567241, 1649617472, 138, 307),
(317, 'Rudi watches football. ', 34630766, 594975066, 113, NULL),
(318, 'Mike watches football. Rudi watches football. ', 1831021681, 1471063832, 104, 249),
(319, 'Rudi like swimming. I loves flowers. ', 811736343, 2065848498, 140, 307),
(320, 'Mike loves flowers. Rudi watches football. ', 689175335, 1813792265, 80, 9),
(321, 'Rudi like swimming. Mike loves flowers. ', 1229000848, 1844374241, 1, 307),
(322, 'Rudi like sports. Mike loves flowers. ', 844839344, 656192636, 141, 181),
(323, 'Mike watches football. Mike watches football. ', 1694201097, 177141393, 142, 38),
(324, 'Mike loves flowers. Mike watches football. ', 1510671784, 661875304, 91, 318),
(325, 'Rudi like sports. ', 1282982426, 1252174869, 16, NULL),
(326, 'Mike watches football. I like sports. ', 1700524071, 1789927157, 12, 132),
(327, 'Mike loves flowers. Rudi watches football. ', 422875435, 1985839358, 49, 141),
(328, 'Rudi loves flowers. Rudi watches football. ', 315361131, 1765375082, 9, 271),
(329, 'Rudi loves flowers. ', 2115541184, 1505760758, 55, 187),
(330, 'Rudi watches football. Mike watches football. ', 101561886, 1841795803, 2, 309),
(331, 'Mike watches football. Mike like sports. ', 636664161, 335171849, 37, 82),
(332, 'I like sports. Rudi watches football. ', 1438235445, 1969888500, 113, 258),
(333, 'Mike loves flowers. Rudi like swimming. ', 367079530, 2055231403, 76, NULL),
(334, 'Mike loves flowers. I loves flowers. ', 1114217563, 480139148, 103, 202),
(335, 'Mike loves flowers. Mike like swimming. ', 1818108171, 1327345440, 92, 315),
(336, 'I like swimming. Rudi loves flowers. ', 1351881435, 1077526815, 121, 159),
(337, 'Rudi like swimming. Mike watches football. ', 1102366758, 628912690, 142, 221),
(338, 'I loves flowers. ', 593172764, 430619890, 53, 96),
(339, 'Rudi watches football. Mike loves flowers. ', 1740491171, 365633871, 137, 63),
(340, 'Rudi loves flowers. Mike loves flowers. ', 1586713953, 1793438856, 1, NULL),
(341, 'Mike watches football. I loves flowers. ', 1776626586, 906640047, 119, 129),
(342, 'Mike loves flowers. I like swimming. ', 868665813, 786755719, 8, 105),
(343, 'Mike like swimming. I loves flowers. ', 1255387237, 179528405, 45, 108),
(344, 'Mike like swimming. ', 1156629908, 2039153263, 7, NULL),
(345, 'Mike loves flowers. ', 868115021, 1551795861, 138, 2),
(346, 'Rudi watches football. Mike like swimming. ', 240074214, 2023439112, 52, 186),
(347, 'Mike watches football. Mike loves flowers. ', 762986932, 1487274918, 35, 269),
(348, 'I watches football. Mike watches football. ', 654692207, 888751642, 103, 306),
(349, 'I loves flowers. ', 840902822, 1909554748, 8, 219),
(350, 'Mike loves flowers. Mike like swimming. ', 1485883475, 1461232951, 92, 29),
(351, 'Rudi watches football. Rudi loves flowers. ', 1180964306, 1247784877, 65, 263),
(352, 'Mike loves flowers. ', 1263189895, 890660125, 10, 37),
(353, 'I like swimming. Mike like swimming. ', 2098212856, 398596209, 61, 57),
(354, 'Mike watches football. Rudi like swimming. ', 1890409021, 939722067, 137, 166),
(355, 'Mike watches football. Rudi like sports. ', 1744762053, 111287740, 12, 168),
(356, 'Rudi watches football. Rudi watches football. ', 1251868750, 772288418, 139, 108),
(357, 'I loves flowers. Rudi loves flowers. ', 912991760, 2000010735, 8, 36),
(358, 'Mike loves flowers. Rudi like sports. ', 1948345609, 536179831, 132, 296),
(359, 'Mike loves flowers. Mike like swimming. ', 1989878541, 19048124, 140, 240),
(360, 'I watches football. ', 660398348, 1274604233, 41, 65),
(361, 'I like sports. Mike loves flowers. ', 1388480161, 154211307, 15, 27),
(362, 'Mike watches football. Mike watches football. ', 1291502880, 142355308, 91, 296),
(363, 'Mike watches football. Rudi watches football. ', 1360524669, 1434223906, 85, 150),
(364, 'Rudi watches football. Rudi loves flowers. ', 301392744, 787202318, 133, 260),
(365, 'Mike watches football. ', 1390097132, 627503160, 124, 143),
(366, 'Mike loves flowers. Mike watches football. ', 480949160, 641124486, 126, 200),
(367, 'Mike loves flowers. Mike watches football. ', 745975090, 1509145818, 75, 186),
(368, 'Mike like swimming. Mike like swimming. ', 1287950986, 1907759990, 9, 146),
(369, 'Mike watches football. Mike loves flowers. ', 1932054926, 335180701, 121, 24),
(370, 'Rudi watches football. Mike watches football. ', 701219001, 2122710149, 94, 90),
(371, 'Mike like sports. Rudi watches football. ', 768908488, 1148561631, 17, 87),
(372, 'Mike loves flowers. Rudi like swimming. ', 822796351, 349365170, 139, 216),
(373, 'Mike loves flowers. I watches football. ', 870184897, 380718545, 45, 184),
(374, 'Rudi loves flowers. I watches football. ', 1750390229, 1539940301, 106, NULL),
(375, 'I watches football. Mike watches football. ', 493720607, 1021588457, 19, NULL),
(376, 'Mike like swimming. Mike watches football. ', 1261702261, 660909136, 22, 168),
(377, 'Mike like swimming. I watches football. ', 2101418187, 1215506621, 84, 195),
(378, 'I like sports. Rudi like swimming. ', 1238515809, 718548932, 130, 119),
(379, 'Rudi like swimming. Rudi watches football. ', 1617400739, 744011676, 69, 190),
(380, 'Mike watches football. Mike loves flowers. ', 1550258764, 509330096, 133, 321),
(381, 'Mike watches football. Rudi like sports. ', 152518253, 1351826089, 123, 187),
(382, 'Mike loves flowers. I loves flowers. ', 1029555054, 467186681, 12, 186),
(383, 'Mike like swimming. Mike like sports. ', 2118699717, 28017326, 123, NULL),
(384, 'Mike watches football. Mike loves flowers. ', 1271308114, 1934960659, 17, 84),
(385, 'Rudi loves flowers. Mike watches football. ', 588613955, 973144860, 57, 211),
(386, 'Rudi watches football. Rudi watches football. ', 623817256, 79170406, 136, 210),
(387, 'Mike watches football. Rudi watches football. ', 1377360321, 2951520, 46, 249),
(388, 'I like swimming. ', 834703617, 1650946748, 12, 13),
(389, 'I watches football. ', 1063942509, 1159539910, 74, 48),
(390, 'Mike like swimming. Rudi like swimming. ', 163254881, 2050138670, 55, 123),
(391, 'Mike loves flowers. Rudi watches football. ', 642670543, 2115877938, 56, 36),
(392, 'Rudi watches football. Mike watches football. ', 737606653, 1873975126, 108, 78),
(393, 'Mike like swimming. Mike loves flowers. ', 1469054395, 1167038819, 31, 288),
(394, 'Rudi watches football. Mike loves flowers. ', 2021836350, 1629720058, 84, 69),
(395, 'Rudi like swimming. Mike watches football. ', 1573506584, 1024558803, 28, 179),
(396, 'I watches football. ', 275495059, 1126668843, 93, 245),
(397, 'Mike watches football. Rudi like sports. ', 1924615364, 203134207, 65, NULL),
(398, 'Mike watches football. Mike like sports. ', 1186840274, 1485443989, 74, 205),
(399, 'Mike watches football. Mike watches football. ', 1933477005, 1057749009, 75, 136),
(400, 'I loves flowers. I loves flowers. ', 1656191797, 1654466630, 72, 36),
(401, 'Rudi like sports. ', 943686958, 2131701969, 64, 80),
(402, 'I watches football. Mike watches football. ', 1581659786, 1355191500, 38, 256),
(403, 'Mike like sports. Mike watches football. ', 59455023, 667029726, 69, 276),
(404, 'Mike like swimming. ', 506818727, 1608915190, 139, 325),
(405, 'I loves flowers. I watches football. ', 1741165923, 1519044303, 65, 100),
(406, 'I watches football. Mike like swimming. ', 1295512296, 1812980904, 142, 147),
(407, 'Mike like sports. Mike watches football. ', 1185060199, 1510914775, 61, 47),
(408, 'Rudi watches football. ', 2083284510, 842978978, 74, 69),
(409, 'I loves flowers. ', 328199269, 477996282, 100, NULL),
(410, 'Rudi watches football. I loves flowers. ', 115183444, 1606813062, 22, 162),
(411, 'I loves flowers. Rudi like swimming. ', 1304774548, 373745915, 19, 68),
(412, 'Rudi watches football. ', 1428059506, 671527042, 88, 282),
(413, 'Mike loves flowers. Rudi watches football. ', 2129817988, 1591009359, 139, NULL),
(414, 'Mike watches football. Mike like sports. ', 514117367, 2112310747, 100, 292),
(415, 'Mike watches football. ', 351150618, 1723489608, 47, 138),
(416, 'Mike watches football. Mike loves flowers. ', 411581835, 660214738, 45, 30),
(417, 'I watches football. Rudi watches football. ', 200492288, 1425625178, 36, 98),
(418, 'Mike like swimming. Rudi like swimming. ', 1139996456, 1368192324, 33, 28),
(419, 'Mike loves flowers. Rudi loves flowers. ', 1886498357, 609098136, 101, 100),
(420, 'Mike watches football. I watches football. ', 377003785, 1371712601, 128, 54),
(421, 'Mike watches football. Mike like swimming. ', 803850360, 1213837882, 129, 24),
(422, 'I loves flowers. ', 1741828455, 1358170817, 106, 219),
(423, 'I loves flowers. Mike like swimming. ', 519173477, 1304261976, 22, NULL),
(424, 'Mike loves flowers. Rudi loves flowers. ', 2055865092, 282226359, 121, 93),
(425, 'I watches football. Rudi loves flowers. ', 2021486088, 1247671279, 38, NULL),
(426, 'Mike watches football. Rudi like swimming. ', 999355970, 322425000, 100, 25),
(427, 'Mike loves flowers. Rudi watches football. ', 1256691099, 1353637303, 17, 222),
(428, 'Rudi watches football. Rudi like swimming. ', 1608919478, 387877107, 106, 163),
(429, 'Mike watches football. Rudi watches football. ', 1061409367, 1623238622, 78, 146),
(430, 'Mike watches football. Rudi loves flowers. ', 562855711, 931300106, 141, 71),
(431, 'I watches football. I loves flowers. ', 237051206, 1013529840, 99, 140),
(432, 'Mike like sports. Rudi watches football. ', 1377665007, 2058304540, 76, 10),
(433, 'Mike loves flowers. Mike watches football. ', 1131518754, 871079793, 140, 41),
(434, 'I loves flowers. ', 931086251, 1058636824, 125, NULL),
(435, 'Mike like sports. Mike watches football. ', 347713540, 580323566, 24, 283),
(436, 'Mike watches football. Mike like sports. ', 1589312991, 999922966, 85, 239),
(437, 'Mike watches football. Mike watches football. ', 2117017790, 1033154340, 93, 3),
(438, 'Mike like swimming. Rudi loves flowers. ', 1405905443, 55177650, 31, 107),
(439, 'Rudi watches football. Mike loves flowers. ', 1277686448, 723778318, 19, NULL),
(440, 'Mike watches football. Mike loves flowers. ', 261983592, 1259879999, 28, 222),
(441, 'I watches football. Mike loves flowers. ', 658627944, 544708887, 80, 73),
(442, 'Mike loves flowers. Mike loves flowers. ', 627144676, 735748924, 39, 56),
(443, 'Mike like sports. Rudi like swimming. ', 505823043, 350383916, 54, 102),
(444, 'Mike watches football. Rudi watches football. ', 1044379685, 2098708598, 78, 1),
(445, 'Mike watches football. I like swimming. ', 81503870, 816455839, 27, NULL),
(446, 'Mike loves flowers. ', 535215112, 440962454, 91, 95),
(447, 'I watches football. Rudi like swimming. ', 240460241, 88435509, 133, 199),
(448, 'I like swimming. Mike loves flowers. ', 741891472, 936135889, 41, 209),
(449, 'Mike like sports. Mike like swimming. ', 1249946458, 1185367505, 30, 274),
(450, 'Mike like swimming. Rudi like swimming. ', 2081947106, 565350827, 10, 190),
(451, 'I loves flowers. Rudi watches football. ', 748231688, 639389080, 103, 168),
(452, 'I like sports. Mike loves flowers. ', 760754494, 847574285, 127, 74),
(453, 'Rudi watches football. Mike watches football. ', 2014658282, 1036953551, 52, 73),
(454, 'Mike loves flowers. Rudi loves flowers. ', 1446910813, 452571389, 45, 309),
(455, 'I loves flowers. Rudi loves flowers. ', 760525280, 551363994, 46, 89),
(456, 'Mike watches football. Mike loves flowers. ', 1945485750, 647101827, 113, 206),
(457, 'Rudi loves flowers. Rudi loves flowers. ', 1531209665, 2041909548, 26, 323),
(458, 'Rudi like swimming. Mike watches football. ', 1524806313, 1882892969, 131, 195),
(459, 'Mike watches football. ', 465550875, 195735930, 65, 12),
(460, 'Mike watches football. Rudi like swimming. ', 940066259, 2058554906, 109, 49),
(461, 'Mike watches football. I like sports. ', 177223534, 2084776538, 86, 115),
(462, 'Rudi like swimming. ', 2079773998, 442892709, 125, 266),
(463, 'Rudi watches football. Rudi watches football. ', 29166948, 1424164537, 102, 176),
(464, 'Mike watches football. Rudi watches football. ', 2111796161, 723667829, 108, 153),
(465, 'Mike watches football. I watches football. ', 1786571661, 2034193726, 48, 239),
(466, 'Mike loves flowers. Mike watches football. ', 1455800702, 1062955267, 125, 88),
(467, 'Mike watches football. Rudi watches football. ', 196035655, 648274098, 132, 188),
(468, 'Mike watches football. Rudi watches football. ', 828350181, 2112968839, 24, 182),
(469, 'Mike watches football. ', 174577077, 1786753169, 109, 226),
(470, 'Mike watches football. Mike watches football. ', 1160553705, 646814102, 47, 89),
(471, 'Mike watches football. Mike watches football. ', 502139364, 475109429, 110, 90),
(472, 'Mike loves flowers. I watches football. ', 516644335, 1963802465, 142, 108),
(473, 'Mike watches football. Rudi watches football. ', 1740311539, 1923171037, 18, 216),
(474, 'Mike like sports. Mike watches football. ', 179332949, 366186252, 57, NULL),
(475, 'Rudi loves flowers. Mike watches football. ', 77364504, 2026750500, 81, 240),
(476, 'Rudi watches football. Rudi loves flowers. ', 172210574, 1692287738, 42, 155),
(477, 'Rudi watches football. I watches football. ', 1800331497, 1522617779, 112, 317),
(478, 'Mike loves flowers. I like swimming. ', 673872809, 1470901664, 21, 305),
(479, 'I watches football. I loves flowers. ', 1572990999, 1420457972, 84, 34),
(480, 'Rudi like swimming. Rudi watches football. ', 1128784436, 538482596, 14, 263),
(481, 'I loves flowers. Rudi watches football. ', 1038754813, 710265142, 106, 185),
(482, 'I watches football. ', 518372311, 802770665, 57, 3),
(483, 'I like swimming. Mike loves flowers. ', 413527401, 2017936672, 28, 318),
(484, 'Mike watches football. Mike watches football. ', 295530194, 1190331795, 125, 215),
(485, 'I like sports. Mike loves flowers. ', 1576151364, 1055000409, 59, 122),
(486, 'Rudi like sports. Rudi loves flowers. ', 1311000876, 1524053789, 53, 150),
(487, 'Rudi watches football. Rudi like swimming. ', 1687192461, 1181007981, 102, 245),
(488, 'Rudi watches football. Mike like swimming. ', 1026171590, 2040033401, 70, 262),
(489, 'Mike watches football. I watches football. ', 830184205, 1675919017, 8, 218),
(490, 'I like swimming. ', 472348752, 1616212551, 75, 249),
(491, 'Mike loves flowers. ', 741333409, 1079757198, 35, 154),
(492, 'I watches football. ', 979909666, 1934182920, 103, 41),
(493, 'I watches football. Rudi watches football. ', 621613172, 972733931, 73, 318),
(494, 'Mike watches football. ', 1173537440, 7739916, 10, 101),
(495, 'Mike watches football. Mike watches football. ', 1107561295, 1170567480, 17, NULL),
(496, 'I loves flowers. Mike watches football. ', 826165789, 1833036548, 45, 38),
(497, 'Mike watches football. Rudi loves flowers. ', 1082420851, 1054377917, 2, 124),
(498, 'Mike watches football. Rudi watches football. ', 2132983978, 1463321172, 114, 134),
(499, 'Mike like sports. Mike watches football. ', 760368450, 1040222184, 140, 124),
(500, 'Mike like sports. Mike loves flowers. ', 606309096, 370856967, 17, 123),
(501, 'Rudi watches football. Rudi loves flowers. ', 2024804507, 2119111825, 92, NULL),
(502, 'Mike like sports. ', 2102471679, 2031374038, 91, 176),
(503, 'Mike loves flowers. Rudi watches football. ', 373315957, 1520555500, 86, 182),
(504, 'Mike like sports. Mike watches football. ', 1905906305, 1811404553, 129, 77),
(505, 'Rudi loves flowers. ', 1699526685, 1598128028, 121, 334);

-- --------------------------------------------------------

--
-- Structure de la table `compartida`
--

CREATE TABLE `compartida` (
  `id` int(10) UNSIGNED NOT NULL
) ENGINE=InnoDB DEFAULT CHARSET=utf8mb4 COLLATE=utf8mb4_general_ci;

--
-- Déchargement des données de la table `compartida`
--

INSERT INTO `compartida` (`id`) VALUES
(1),
(2),
(3),
(4),
(5),
(6),
(7),
(8),
(9),
(10),
(11),
(12),
(13),
(14),
(15),
(16),
(17),
(18),
(19),
(20),
(21),
(22),
(23),
(24),
(25),
(26),
(27),
(28),
(29),
(30),
(31),
(32),
(33),
(34),
(35),
(36),
(37),
(38),
(39),
(40),
(41),
(42),
(43),
(44),
(45),
(46),
(47),
(48),
(49),
(50),
(51),
(52),
(53),
(54),
(55),
(56),
(57),
(58),
(59),
(60),
(61),
(62),
(63),
(64),
(65),
(66),
(67),
(68),
(69),
(70),
(71),
(72),
(73),
(74),
(75),
(76),
(77),
(78),
(79),
(80),
(81),
(82),
(83),
(84),
(85),
(86),
(87),
(88),
(89),
(90),
(91),
(92),
(93),
(94),
(95),
(96),
(97),
(98),
(99),
(100);

-- --------------------------------------------------------

--
-- Structure de la table `creaciopl`
--

CREATE TABLE `creaciopl` (
  `id` int(10) UNSIGNED NOT NULL,
  `dataHora` datetime NOT NULL,
  `id_usari` int(10) UNSIGNED NOT NULL,
  `id_playlist` int(10) UNSIGNED NOT NULL
) ENGINE=InnoDB DEFAULT CHARSET=utf8mb4 COLLATE=utf8mb4_general_ci;

--
-- Déchargement des données de la table `creaciopl`
--

INSERT INTO `creaciopl` (`id`, `dataHora`, `id_usari`, `id_playlist`) VALUES
(1, '2008-09-24 11:02:02', 100, 74),
(2, '2008-02-06 17:33:22', 41, 57),
(3, '2008-05-30 01:08:58', 121, 8),
(4, '2008-05-29 01:57:02', 1, 81),
(5, '2008-03-16 23:34:00', 68, 7),
(6, '2008-01-14 05:17:28', 116, 59),
(7, '2008-05-01 17:35:10', 132, 77),
(8, '2008-08-29 02:29:21', 5, 58),
(9, '2008-12-20 03:46:02', 116, 23),
(10, '2008-09-17 02:08:12', 124, 86),
(11, '2008-01-03 04:43:59', 132, 67),
(12, '2008-02-25 20:38:04', 61, 36),
(13, '2008-12-18 16:10:57', 31, 81),
(14, '2008-02-28 08:44:00', 70, 7),
(15, '2008-12-09 22:46:37', 12, 3),
(16, '2008-07-21 17:58:14', 114, 42),
(17, '2008-12-12 15:09:35', 101, 82),
(18, '2008-11-29 08:47:18', 33, 14),
(19, '2008-12-08 22:19:44', 128, 95),
(20, '2008-06-27 05:34:31', 75, 87),
(21, '2008-05-25 07:46:44', 5, 16),
(22, '2008-11-30 11:14:57', 16, 72),
(23, '2008-05-07 03:35:53', 94, 92),
(24, '2008-02-28 06:38:19', 107, 58),
(25, '2008-04-17 13:59:48', 115, 100),
(26, '2008-05-15 00:19:05', 52, 5),
(27, '2008-07-04 07:57:07', 10, 54),
(28, '2008-11-12 08:26:34', 38, 14),
(29, '2008-02-12 09:39:15', 55, 98),
(30, '2008-07-16 07:51:23', 128, 48),
(31, '2008-10-08 23:23:12', 49, 16),
(32, '2008-08-01 11:10:48', 72, 55),
(33, '2008-08-29 11:29:49', 133, 55),
(34, '2008-01-16 10:32:54', 92, 47),
(35, '2008-02-27 07:51:51', 76, 10),
(36, '2008-10-05 17:33:01', 47, 82),
(37, '2008-05-18 09:07:35', 64, 45),
(38, '2008-08-16 07:58:29', 108, 41),
(39, '2008-02-21 02:40:30', 9, 42),
(40, '2008-11-17 18:26:43', 23, 8),
(41, '2008-09-11 07:25:22', 78, 29),
(42, '2008-06-13 17:43:05', 22, 93),
(43, '2008-10-21 16:07:14', 115, 17),
(44, '2008-01-02 17:37:28', 80, 74),
(45, '2008-01-02 19:08:27', 31, 49),
(46, '2008-11-07 21:11:43', 32, 11),
(47, '2008-07-10 10:13:08', 21, 95),
(48, '2008-01-09 12:42:13', 91, 12),
(49, '2008-09-29 06:09:34', 129, 90),
(50, '2008-09-14 23:48:26', 87, 33),
(51, '2008-02-21 22:31:37', 31, 54),
(52, '2008-04-10 14:51:45', 93, 55),
(53, '2008-06-25 06:30:03', 84, 58),
(54, '2008-01-28 13:12:22', 5, 38),
(55, '2008-07-18 06:22:08', 84, 26),
(56, '2008-08-11 10:26:09', 100, 36),
(57, '2008-07-30 04:14:53', 33, 70),
(58, '2008-12-15 11:06:40', 99, 14),
(59, '2008-03-15 22:57:36', 114, 97),
(60, '2008-04-10 06:25:21', 3, 10),
(61, '2008-08-16 02:37:40', 94, 34),
(62, '2008-03-10 13:44:09', 74, 43),
(63, '2008-03-08 13:28:00', 108, 27),
(64, '2008-01-01 10:24:23', 3, 35),
(65, '2008-01-04 20:51:05', 18, 42),
(66, '2008-09-07 03:05:47', 112, 45),
(67, '2008-02-28 21:36:15', 16, 13),
(68, '2008-06-26 22:18:15', 16, 24),
(69, '2008-03-06 03:02:00', 5, 75),
(70, '2008-06-27 09:19:53', 115, 7),
(71, '2008-07-16 17:50:51', 126, 47),
(72, '2008-02-16 06:50:03', 101, 21),
(73, '2008-12-22 09:09:27', 36, 17),
(74, '2008-02-17 14:45:10', 110, 25),
(75, '2008-03-30 18:49:35', 75, 46),
(76, '2008-03-16 10:55:38', 6, 43),
(77, '2008-05-24 08:28:17', 31, 29),
(78, '2008-11-05 11:14:19', 18, 37),
(79, '2008-03-20 14:24:59', 20, 51),
(80, '2008-05-28 18:03:15', 132, 46),
(81, '2008-06-07 01:44:52', 9, 52),
(82, '2008-12-13 14:23:35', 47, 54),
(83, '2008-03-26 07:02:25', 19, 50),
(84, '2008-07-09 13:31:26', 76, 55),
(85, '2008-11-21 15:57:29', 10, 34),
(86, '2008-05-21 16:36:27', 50, 71),
(87, '2008-01-14 23:39:47', 61, 32),
(88, '2008-04-09 06:08:58', 54, 36),
(89, '2008-08-04 18:27:31', 62, 85),
(90, '2008-02-11 06:01:02', 53, 30),
(91, '2008-08-27 18:02:41', 35, 6),
(92, '2008-03-24 16:47:47', 107, 94),
(93, '2008-02-13 19:39:57', 107, 90),
(94, '2008-12-28 23:41:31', 35, 84),
(95, '2008-08-26 18:21:19', 105, 74),
(96, '2008-08-02 12:36:19', 79, 92),
(97, '2008-12-26 05:17:28', 48, 56),
(98, '2008-12-18 03:05:39', 123, 94),
(99, '2008-03-16 14:58:54', 99, 22),
(100, '2008-04-07 00:07:25', 74, 12),
(101, '2008-05-17 01:55:15', 119, 5),
(102, '2008-05-12 18:40:41', 57, 74),
(103, '2008-06-18 13:03:51', 57, 11),
(104, '2008-11-17 11:07:07', 58, 92),
(105, '2008-05-02 01:25:54', 23, 56),
(106, '2008-04-16 08:47:28', 99, 25),
(107, '2008-06-11 04:10:40', 21, 59),
(108, '2008-01-19 18:55:20', 102, 19),
(109, '2008-07-03 11:19:36', 24, 29),
(110, '2008-03-08 03:13:00', 62, 4),
(111, '2008-12-31 14:02:48', 76, 71),
(112, '2008-08-21 01:16:00', 110, 42),
(113, '2008-08-18 16:28:34', 15, 95),
(114, '2008-04-11 16:24:04', 31, 59),
(115, '2008-11-28 20:47:08', 22, 8),
(116, '2008-05-04 17:35:49', 36, 30),
(117, '2008-07-04 18:17:05', 87, 26),
(118, '2008-04-07 05:41:42', 122, 70),
(119, '2008-06-28 19:54:26', 72, 85),
(120, '2008-02-12 15:49:53', 26, 18),
(121, '2008-06-05 21:26:23', 5, 50),
(122, '2008-02-20 00:55:07', 42, 25),
(123, '2008-04-22 17:17:17', 76, 15),
(124, '2008-07-18 19:50:56', 85, 27),
(125, '2008-09-19 11:57:33', 80, 64),
(126, '2008-06-29 23:44:11', 118, 8),
(127, '2008-12-18 04:50:57', 67, 65),
(128, '2008-01-06 14:08:10', 127, 30),
(129, '2008-03-17 15:11:01', 122, 68),
(130, '2008-05-11 08:24:28', 33, 29),
(131, '2008-03-04 03:32:49', 6, 76),
(132, '2008-03-29 16:55:46', 110, 95),
(133, '2008-07-19 20:59:54', 61, 16),
(134, '2008-10-20 04:21:49', 111, 15),
(135, '2008-07-22 06:14:03', 54, 45),
(136, '2008-02-10 03:50:37', 123, 32),
(137, '2008-08-03 02:22:27', 110, 40),
(138, '2008-07-08 20:01:24', 91, 62),
(139, '2008-10-15 19:15:02', 45, 15),
(140, '2008-07-11 17:45:38', 88, 61),
(141, '2008-09-12 19:04:26', 91, 1),
(142, '2008-05-11 17:43:18', 55, 40),
(143, '2008-03-15 20:31:05', 100, 89),
(144, '2008-06-10 22:14:17', 64, 14),
(145, '2008-04-03 06:07:27', 96, 89),
(146, '2008-09-13 00:13:58', 84, 31),
(147, '2008-10-11 16:13:00', 73, 29),
(148, '2008-03-04 18:40:31', 132, 6),
(149, '2008-03-23 07:35:47', 1, 75),
(150, '2008-09-13 00:12:42', 87, 32);

-- --------------------------------------------------------

--
-- Structure de la table `eliminacio`
--

CREATE TABLE `eliminacio` (
  `id` int(10) UNSIGNED NOT NULL,
  `dataHora` date NOT NULL,
  `id_usari` int(10) UNSIGNED NOT NULL,
  `id_creaciopl` int(10) UNSIGNED NOT NULL
) ENGINE=InnoDB DEFAULT CHARSET=utf8mb4 COLLATE=utf8mb4_general_ci;

--
-- Déchargement des données de la table `eliminacio`
--

INSERT INTO `eliminacio` (`id`, `dataHora`, `id_usari`, `id_creaciopl`) VALUES
(1, '2014-08-14', 100, 143),
(2, '2002-01-03', 41, 41),
(3, '2008-03-14', 121, 131),
(4, '2008-02-24', 1, 112),
(5, '2004-02-26', 68, 131),
(6, '2000-09-21', 116, 125),
(7, '2006-08-27', 132, 92),
(8, '2013-03-06', 5, 44),
(9, '2019-05-10', 116, 51),
(10, '2014-03-19', 124, 25),
(11, '2000-02-14', 132, 34),
(12, '2003-01-20', 61, 31),
(13, '2019-04-10', 31, 132),
(14, '2003-03-11', 70, 76),
(15, '2018-10-18', 12, 8),
(16, '2011-01-30', 114, 103),
(17, '2018-12-11', 101, 132),
(18, '2018-03-21', 33, 65),
(19, '2018-09-28', 128, 128),
(20, '2009-09-28', 75, 70),
(21, '2007-12-11', 5, 83),
(22, '2018-04-12', 16, 106),
(23, '2006-12-13', 94, 129),
(24, '2003-03-09', 107, 44),
(25, '2005-11-18', 115, 33),
(26, '2007-05-19', 52, 54),
(27, '2010-02-16', 10, 35),
(28, '2017-04-15', 38, 65),
(29, '2002-04-27', 55, 11),
(30, '2010-10-14', 128, 5),
(31, '2015-05-30', 49, 79),
(32, '2011-09-01', 72, 84),
(33, '2013-03-13', 133, 111),
(34, '2000-11-04', 92, 144),
(35, '2003-02-19', 76, 85),
(36, '2015-03-27', 47, 132),
(37, '2007-07-25', 64, 89),
(38, '2012-06-24', 108, 102),
(39, '2002-10-18', 9, 103),
(40, '2017-08-02', 23, 39),
(41, '2013-11-24', 78, 94),
(42, '2009-01-01', 22, 136),
(43, '2016-02-08', 115, 107),
(44, '2000-02-05', 80, 143),
(45, '2000-02-06', 31, 32),
(46, '2017-01-16', 32, 113),
(47, '2010-06-18', 21, 128),
(48, '2000-06-20', 91, 22),
(49, '2014-11-17', 129, 101),
(50, '2014-02-06', 87, 139),
(51, '2002-11-03', 31, 35),
(52, '2005-07-02', 93, 111),
(53, '2009-08-20', 84, 96),
(54, '2001-07-04', 5, 88),
(55, '2010-11-21', 84, 18),
(56, '2012-03-18', 100, 86),
(57, '2011-07-17', 33, 145),
(58, '2019-02-05', 99, 65),
(59, '2004-02-05', 114, 49),
(60, '2005-06-25', 3, 85),
(61, '2012-06-19', 94, 82),
(62, '2003-10-21', 74, 12),
(63, '2003-09-11', 108, 57),
(64, '2000-01-10', 3, 97),
(65, '2000-03-19', 18, 104),
(66, '2013-09-02', 112, 89),
(67, '2003-03-22', 16, 67),
(68, '2009-09-22', 16, 51),
(69, '2003-07-24', 5, 108),
(70, '2009-10-01', 115, 76),
(71, '2010-10-22', 126, 127),
(72, '2002-07-13', 101, 120),
(73, '2019-06-23', 36, 107),
(74, '2002-08-09', 110, 46),
(75, '2004-11-27', 75, 110),
(76, '2004-02-15', 6, 12),
(77, '2007-11-21', 31, 94),
(78, '2016-11-29', 18, 90),
(79, '2004-05-08', 20, 147),
(80, '2008-02-17', 132, 37),
(81, '2008-08-21', 9, 62),
(82, '2018-12-30', 47, 35),
(83, '2004-08-30', 19, 119),
(84, '2010-06-01', 76, 111),
(85, '2017-10-18', 10, 82),
(86, '2007-09-29', 50, 99),
(87, '2000-10-07', 61, 122),
(88, '2005-06-04', 54, 31),
(89, '2011-11-06', 62, 59),
(90, '2002-04-04', 53, 116),
(91, '2013-02-07', 35, 121),
(92, '2004-07-29', 107, 71),
(93, '2002-05-25', 107, 3),
(94, '2019-11-02', 35, 16),
(95, '2013-01-18', 105, 143),
(96, '2011-09-22', 79, 98),
(97, '2019-09-08', 48, 123),
(98, '2019-03-30', 123, 71),
(99, '2004-02-19', 99, 13),
(100, '2005-04-21', 74, 22),
(101, '2007-06-29', 119, 69),
(102, '2007-04-04', 57, 17),
(103, '2009-04-07', 57, 15),
(104, '2017-07-26', 58, 129),
(105, '2006-09-03', 23, 123),
(106, '2005-10-24', 99, 114),
(107, '2008-11-11', 21, 125),
(108, '2001-01-10', 102, 115),
(109, '2010-01-30', 24, 94),
(110, '2003-09-02', 62, 21),
(111, '2019-12-24', 76, 106),
(112, '2012-09-26', 110, 103),
(113, '2012-08-10', 15, 128),
(114, '2005-07-23', 31, 125),
(115, '2018-03-11', 22, 39),
(116, '2006-10-26', 36, 73),
(117, '2010-02-25', 87, 18),
(118, '2005-04-25', 122, 145),
(119, '2009-10-30', 72, 25),
(120, '2002-05-02', 26, 107),
(121, '2008-07-29', 5, 119),
(122, '2002-09-26', 42, 114),
(123, '2006-02-28', 76, 78),
(124, '2010-12-03', 85, 57),
(125, '2014-05-07', 80, 140),
(126, '2009-11-22', 118, 39),
(127, '2019-04-01', 67, 48),
(128, '2000-04-22', 127, 116),
(129, '2004-03-10', 122, 23),
(130, '2007-03-07', 33, 94),
(131, '2003-06-15', 6, 108),
(132, '2004-11-06', 110, 19),
(133, '2010-12-24', 61, 79),
(134, '2016-01-09', 111, 78),
(135, '2011-02-09', 54, 110),
(136, '2002-03-13', 123, 122),
(137, '2011-10-04', 110, 142),
(138, '2010-05-17', 91, 50),
(139, '2015-10-14', 45, 83),
(140, '2010-07-14', 88, 146),
(141, '2013-12-24', 91, 149),
(142, '2007-03-15', 55, 29),
(143, '2004-02-03', 100, 101),
(144, '2008-11-06', 64, 68),
(145, '2005-02-05', 96, 101),
(146, '2013-12-28', 84, 2),
(147, '2015-07-23', 73, 94),
(148, '2003-06-27', 132, 69),
(149, '2004-07-01', 1, 72),
(150, '2013-12-28', 87, 122),
(151, '2019-08-30', 128, 49),
(152, '2018-07-31', 79, 21),
(153, '2016-01-27', 50, 42),
(154, '2014-10-12', 77, 49),
(155, '2016-09-22', 87, 58),
(156, '2001-10-20', 131, 31),
(157, '2003-04-06', 24, 16),
(158, '2008-09-30', 6, 59),
(159, '2012-09-30', 67, 9),
(160, '2006-06-01', 51, 86),
(161, '2000-03-04', 122, 124),
(162, '2013-02-01', 123, 66),
(163, '2012-08-15', 39, 76),
(164, '2007-06-16', 58, 81),
(165, '2004-02-28', 101, 3),
(166, '2018-03-18', 101, 127),
(167, '2017-08-10', 38, 65),
(168, '2006-01-31', 131, 81),
(169, '2014-02-20', 89, 4),
(170, '2016-03-01', 115, 66),
(171, '2014-06-20', 111, 110),
(172, '2008-07-18', 124, 12),
(173, '2010-03-10', 73, 40),
(174, '2001-02-06', 54, 50),
(175, '2019-09-28', 6, 64),
(176, '2002-10-16', 127, 97),
(177, '2003-01-24', 84, 144),
(178, '2011-12-07', 127, 66),
(179, '2014-03-18', 23, 31),
(180, '2018-12-11', 3, 141),
(181, '2016-06-24', 16, 60),
(182, '2010-03-10', 123, 22),
(183, '2002-06-22', 79, 87),
(184, '2013-01-31', 69, 45),
(185, '2012-05-03', 53, 68),
(186, '2014-02-26', 120, 66),
(187, '2009-08-21', 117, 17),
(188, '2005-04-26', 16, 66),
(189, '2001-12-29', 72, 1),
(190, '2001-04-08', 44, 77),
(191, '2012-05-05', 121, 127),
(192, '2011-10-26', 102, 26),
(193, '2000-07-24', 119, 57),
(194, '2005-09-05', 54, 86),
(195, '2011-10-30', 43, 102),
(196, '2010-07-07', 77, 101),
(197, '2001-06-17', 52, 128),
(198, '2005-03-06', 128, 56),
(199, '2001-06-24', 56, 7),
(200, '2005-08-13', 6, 67),
(201, '2013-08-06', 101, 69),
(202, '2012-11-05', 115, 22),
(203, '2005-08-07', 118, 23),
(204, '2007-01-25', 128, 108),
(205, '2012-01-30', 121, 112),
(206, '2003-02-06', 47, 91),
(207, '2016-12-28', 36, 74),
(208, '2007-05-03', 14, 115),
(209, '2007-01-28', 45, 52),
(210, '2011-04-09', 101, 31),
(211, '2011-12-22', 122, 112),
(212, '2004-10-30', 110, 94),
(213, '2005-11-03', 89, 105),
(214, '2000-05-11', 25, 144),
(215, '2017-07-12', 11, 82),
(216, '2016-07-07', 108, 65),
(217, '2014-11-19', 28, 56),
(218, '2010-10-18', 87, 146),
(219, '2008-06-18', 44, 86),
(220, '2012-11-01', 1, 111),
(221, '2007-07-08', 132, 110),
(222, '2019-05-31', 11, 58),
(223, '2005-06-04', 129, 76),
(224, '2017-04-07', 3, 116),
(225, '2014-08-06', 75, 91);

-- --------------------------------------------------------

--
-- Structure de la table `esborrada`
--

CREATE TABLE `esborrada` (
  `id` int(10) UNSIGNED NOT NULL
) ENGINE=InnoDB DEFAULT CHARSET=utf8mb4 COLLATE=utf8mb4_general_ci;

--
-- Déchargement des données de la table `esborrada`
--

INSERT INTO `esborrada` (`id`) VALUES
(1),
(2),
(3),
(4),
(5),
(6),
(7),
(8),
(9),
(10),
(11),
(12),
(13),
(14),
(15),
(16),
(17),
(18),
(19),
(20),
(21),
(22),
(23),
(24),
(25),
(26),
(27),
(28),
(29),
(30),
(31),
(32),
(33),
(34),
(35),
(36),
(37),
(38),
(39),
(40),
(41),
(42),
(43),
(44),
(45),
(46),
(47),
(48),
(49),
(50),
(51),
(52),
(53),
(54),
(55),
(56),
(57),
(58),
(59),
(60),
(61),
(62),
(63),
(64),
(65),
(66),
(67),
(68),
(69),
(70),
(71),
(72),
(73),
(74),
(75),
(76),
(77),
(78),
(79),
(80),
(81),
(82),
(83),
(84),
(85),
(86),
(87),
(88),
(89),
(90),
(91),
(92),
(93),
(94),
(95),
(96),
(97),
(98),
(99),
(100);

-- --------------------------------------------------------

--
-- Structure de la table `estilomusica`
--

CREATE TABLE `estilomusica` (
  `id` int(10) UNSIGNED NOT NULL,
  `tipo` varchar(40) NOT NULL,
  `id_artista` int(10) UNSIGNED NOT NULL
) ENGINE=InnoDB DEFAULT CHARSET=utf8mb4 COLLATE=utf8mb4_general_ci;

--
-- Déchargement des données de la table `estilomusica`
--

INSERT INTO `estilomusica` (`id`, `tipo`, `id_artista`) VALUES
(1, 'I watches football. I watches football. ', 39),
(2, 'Rudi like swimming. I loves flowers. ', 120),
(3, 'Mike watches football. Mike like sports.', 1),
(5, 'I like sports. Rudi loves flowers. ', 132),
(6, 'I watches football. I loves flowers. ', 114),
(7, 'I loves flowers. Rudi watches football. ', 60),
(8, 'Mike watches football. I like swimming. ', 31),
(9, 'I watches football. Rudi loves flowers. ', 68),
(10, 'Mike like sports. ', 10),
(11, 'I watches football. Rudi loves flowers. ', 112),
(12, 'Mike like sports. Mike watches football.', 100),
(13, 'Mike watches football. I loves flowers. ', 33),
(14, 'I watches football. Rudi like sports. ', 127),
(15, 'Mike like sports. Mike loves flowers. ', 72),
(16, 'Mike watches football. I like swimming. ', 5),
(17, 'I loves flowers. Mike like sports. ', 15),
(18, 'Rudi like sports. Rudi like swimming. ', 106),
(19, 'Mike loves flowers. I watches football. ', 114),
(20, 'I watches football. Rudi like sports. ', 127),
(21, 'Mike like sports. Mike loves flowers. ', 72),
(22, 'Mike watches football. I like swimming. ', 5),
(23, 'I loves flowers. Mike like sports. ', 15),
(24, 'Rudi like sports. Rudi like swimming. ', 106),
(25, 'Mike loves flowers. I watches football. ', 114),
(26, 'I watches football. I watches football. ', 8),
(27, 'Mike loves flowers. Rudi loves flowers. ', 47),
(28, 'I like sports. ', 69),
(29, 'I watches football. ', 133),
(30, 'I loves flowers. Rudi watches football. ', 91),
(31, 'Rudi watches football. ', 73),
(32, 'I like sports. Rudi like sports. ', 63),
(33, 'I loves flowers. Rudi watches football. ', 91),
(34, 'Rudi watches football. ', 73),
(35, 'I like sports. Rudi like sports. ', 63),
(36, 'I watches football. ', 107),
(37, 'Mike watches football. ', 7),
(38, 'Mike watches football. ', 7),
(39, 'I loves flowers. Mike like swimming. ', 77),
(40, 'Mike like sports. ', 22),
(41, 'I watches football. ', 114),
(44, 'Mike watches football. ', 32),
(45, 'Mike like sports. Mike loves flowers. ', 21),
(46, 'Mike loves flowers. Mike like sports. ', 89),
(47, 'Rudi watches football. ', 128),
(48, 'Rudi watches football. ', 128),
(49, 'Rudi loves flowers. Mike like swimming. ', 31),
(50, 'Rudi loves flowers. ', 92),
(51, 'Rudi loves flowers. ', 92),
(52, 'I loves flowers. Rudi watches football. ', 5),
(53, 'Mike loves flowers. I loves flowers. ', 80),
(54, 'Rudi like sports. Mike like swimming. ', 99),
(55, 'I watches football. I watches football. ', 33),
(56, 'Rudi loves flowers. Rudi like sports. ', 97),
(57, 'I like swimming. I like swimming. ', 112),
(58, 'Rudi like swimming. Rudi like sports. ', 2),
(59, 'Mike like swimming. Mike like swimming. ', 92),
(60, 'Mike loves flowers. Rudi loves flowers. ', 16),
(61, 'Mike loves flowers. I watches football. ', 111),
(62, 'Rudi watches football. I loves flowers. ', 14),
(63, 'Mike watches football. ', 14),
(64, 'Mike like swimming. Mike like swimming. ', 92),
(65, 'Mike loves flowers. Rudi loves flowers. ', 16),
(66, 'Mike loves flowers. I watches football. ', 111),
(67, 'Rudi watches football. I loves flowers. ', 14),
(68, 'Mike watches football. ', 14),
(69, 'Mike watches football. ', 5),
(70, 'Rudi like swimming. ', 100),
(71, 'Rudi like swimming. I loves flowers. ', 36),
(72, 'I like sports. Rudi watches football. ', 109),
(74, 'Mike like swimming. Rudi loves flowers. ', 17),
(75, 'I like sports. Rudi watches football. ', 132),
(76, 'Rudi like swimming. Rudi like sports. ', 8),
(77, 'Rudi watches football. I like swimming. ', 45),
(78, 'I like swimming. Mike watches football. ', 17),
(79, 'Rudi like sports. Rudi like swimming. ', 73),
(80, 'Rudi loves flowers. I watches football. ', 48),
(81, 'I like swimming. Mike watches football. ', 17),
(82, 'Rudi like sports. Rudi like swimming. ', 73),
(83, 'Rudi loves flowers. I watches football. ', 48),
(84, 'Mike loves flowers. Rudi like swimming. ', 61),
(85, 'Rudi like sports. Rudi like sports. ', 52),
(86, 'Rudi like sports. Rudi like sports. ', 52),
(87, 'Rudi like swimming. Mike like sports. ', 107),
(89, 'Rudi watches football. ', 36),
(90, 'Rudi loves flowers. Mike like sports. ', 77),
(92, 'Mike loves flowers. I watches football. ', 122),
(93, 'Mike watches football. Mike like sports.', 97),
(94, 'Rudi like swimming. Mike loves flowers. ', 71),
(95, 'Mike loves flowers. I loves flowers. ', 118),
(99, 'Mike watches football. Mike like sports.', 57),
(100, 'Mike watches football. ', 58),
(101, 'I like swimming. Rudi loves flowers. ', 23),
(102, 'I watches football. ', 96),
(103, 'Mike watches football. ', 21),
(104, 'Mike like sports. Rudi watches football.', 101),
(107, 'Mike watches football. Rudi like sports.', 62),
(108, 'I loves flowers. ', 75),
(109, 'Mike loves flowers. I like swimming. ', 31),
(111, 'I watches football. Mike like sports. ', 36),
(112, 'Rudi like swimming. I watches football. ', 69),
(113, 'Mike watches football. I loves flowers. ', 26),
(114, 'Mike watches football. I like swimming. ', 5),
(115, 'I watches football. Mike like swimming. ', 40),
(116, 'Mike loves flowers. Rudi like swimming. ', 84),
(117, 'I watches football. Mike like swimming. ', 40),
(118, 'Mike loves flowers. Rudi like swimming. ', 84),
(119, 'Rudi like swimming. I loves flowers. ', 120),
(120, 'I like sports. Mike loves flowers. ', 33),
(121, 'I like swimming. Mike loves flowers. ', 6),
(122, 'Mike loves flowers. I like swimming. ', 108),
(123, 'Mike loves flowers. I like swimming. ', 108),
(124, 'Rudi like sports. Mike loves flowers. ', 108),
(125, 'Rudi loves flowers. Mike loves flowers. ', 90),
(126, 'Mike like swimming. ', 45),
(127, 'I loves flowers. ', 87),
(128, 'Mike like swimming. I like sports. ', 89),
(129, 'I watches football. ', 55),
(130, 'I watches football. Rudi loves flowers. ', 99),
(131, 'Mike watches football. ', 63),
(132, 'I like sports. I like swimming. ', 80),
(133, 'Rudi watches football. ', 70),
(134, 'Mike loves flowers. I loves flowers. ', 132),
(135, 'Rudi watches football. I like swimming. ', 1),
(136, 'Mike watches football. ', 63),
(137, 'I like sports. I like swimming. ', 80),
(138, 'Rudi watches football. ', 70),
(139, 'Mike loves flowers. I loves flowers. ', 132),
(140, 'Rudi watches football. I like swimming. ', 1),
(141, 'Mike loves flowers. Rudi loves flowers. ', 48),
(142, 'Rudi like sports. Mike watches football.', 76),
(143, 'Mike like sports. Mike watches football.', 85),
(144, 'I loves flowers. Rudi loves flowers. ', 131),
(145, 'I loves flowers. Rudi watches football. ', 24),
(146, 'Mike loves flowers. ', 7),
(147, 'I like swimming. Mike like swimming. ', 65),
(154, 'Rudi watches football. ', 121),
(155, 'Rudi like sports. Rudi watches football.', 122),
(156, 'Mike loves flowers. ', 38),
(157, 'Mike loves flowers. ', 58),
(158, 'Rudi loves flowers. Rudi like swimming. ', 100),
(159, 'I watches football. Rudi like sports. ', 37),
(160, 'I loves flowers. Mike loves flowers. ', 131),
(162, 'Mike like swimming. I like swimming. ', 113),
(163, 'Mike watches football. ', 122),
(164, 'Mike loves flowers. Rudi loves flowers. ', 70),
(165, 'I loves flowers. Mike watches football. ', 54),
(166, 'I loves flowers. I like sports. ', 6),
(167, 'Mike watches football. ', 126),
(168, 'I loves flowers. I like sports. ', 6),
(169, 'Mike watches football. ', 126),
(170, 'Mike like sports. Mike loves flowers. ', 23),
(171, 'I watches football. ', 2),
(172, 'I watches football. Mike like swimming. ', 14),
(175, 'Mike like swimming. Rudi like swimming. ', 77),
(176, 'Rudi watches football. I loves flowers. ', 52),
(177, 'I watches football. ', 14),
(179, 'I loves flowers. Mike watches football. ', 43),
(180, 'Rudi loves flowers. Rudi loves flowers. ', 120),
(181, 'Rudi loves flowers. ', 52),
(182, 'I loves flowers. Rudi like sports. ', 41),
(183, 'I loves flowers. Rudi like sports. ', 41),
(184, 'Mike loves flowers. Mike like sports. ', 127),
(186, 'Mike loves flowers. I like swimming. ', 6),
(187, 'I like sports. Mike watches football. ', 99),
(188, 'I like swimming. I like sports. ', 114),
(189, 'I loves flowers. Rudi like swimming. ', 116),
(190, 'Rudi watches football. I loves flowers. ', 127),
(191, 'I loves flowers. I watches football. ', 46),
(192, 'Mike loves flowers. ', 37),
(193, 'Rudi watches football. I loves flowers. ', 127),
(194, 'I loves flowers. I watches football. ', 46),
(195, 'Mike loves flowers. ', 37),
(196, 'Mike loves flowers. I loves flowers. ', 13),
(198, 'Mike loves flowers. ', 100),
(199, 'Mike watches football. Mike like sports.', 88),
(200, 'I watches football. Mike like sports. ', 24),
(201, 'I watches football. Mike like sports. ', 24),
(202, 'Mike like swimming. Rudi like swimming. ', 28),
(203, 'Mike watches football. I loves flowers. ', 85),
(204, 'Rudi loves flowers. Rudi like swimming. ', 44),
(207, 'I watches football. ', 131),
(208, 'Rudi watches football. Mike like sports.', 128),
(209, 'Rudi loves flowers. I like sports. ', 2),
(210, 'Mike loves flowers. Mike like swimming. ', 72),
(211, 'Mike loves flowers. I watches football. ', 26),
(212, 'Mike watches football. ', 78);

-- --------------------------------------------------------

--
-- Structure de la table `favorite`
--

CREATE TABLE `favorite` (
  `id` int(10) UNSIGNED NOT NULL,
  `id_usari` int(10) UNSIGNED NOT NULL
) ENGINE=InnoDB DEFAULT CHARSET=utf8mb4 COLLATE=utf8mb4_general_ci;

--
-- Déchargement des données de la table `favorite`
--

INSERT INTO `favorite` (`id`, `id_usari`) VALUES
(11, 1),
(44, 1),
(45, 1),
(64, 1),
(65, 3),
(128, 3),
(48, 4),
(6, 6),
(34, 6),
(87, 6),
(108, 9),
(54, 12),
(2, 15),
(90, 16),
(136, 16),
(29, 17),
(93, 17),
(120, 17),
(72, 18),
(74, 18),
(122, 19),
(39, 20),
(51, 20),
(12, 21),
(14, 22),
(24, 22),
(35, 22),
(67, 22),
(131, 23),
(69, 24),
(148, 24),
(62, 25),
(63, 25),
(110, 25),
(5, 27),
(59, 27),
(76, 27),
(99, 27),
(143, 27),
(129, 28),
(79, 30),
(149, 30),
(83, 31),
(92, 31),
(132, 32),
(75, 33),
(145, 35),
(100, 36),
(118, 36),
(52, 38),
(60, 38),
(88, 38),
(114, 38),
(25, 41),
(106, 41),
(123, 43),
(7, 47),
(105, 47),
(23, 48),
(116, 48),
(102, 50),
(130, 50),
(142, 50),
(26, 51),
(37, 52),
(101, 52),
(86, 53),
(21, 54),
(77, 54),
(4, 55),
(80, 55),
(3, 56),
(81, 58),
(121, 58),
(107, 59),
(144, 59),
(42, 60),
(103, 62),
(53, 65),
(68, 65),
(20, 67),
(70, 67),
(119, 67),
(126, 67),
(109, 68),
(27, 69),
(117, 69),
(84, 70),
(138, 70),
(47, 72),
(140, 72),
(30, 74),
(55, 74),
(71, 74),
(124, 74),
(16, 75),
(133, 75),
(135, 75),
(57, 78),
(32, 79),
(96, 79),
(137, 79),
(89, 80),
(56, 84),
(38, 85),
(61, 85),
(113, 87),
(112, 88),
(8, 90),
(33, 90),
(91, 90),
(95, 90),
(66, 93),
(41, 94),
(141, 95),
(146, 95),
(150, 95),
(10, 96),
(50, 96),
(125, 97),
(1, 100),
(49, 101),
(36, 103),
(31, 105),
(147, 106),
(139, 107),
(43, 110),
(134, 110),
(78, 115),
(46, 116),
(28, 117),
(40, 119),
(104, 119),
(85, 120),
(18, 122),
(115, 122),
(22, 123),
(19, 126),
(15, 127),
(17, 127),
(58, 128),
(82, 128),
(13, 129),
(98, 129),
(127, 129),
(9, 130),
(73, 130),
(97, 132),
(94, 133),
(111, 133);

-- --------------------------------------------------------

--
-- Structure de la table `favoritealbum`
--

CREATE TABLE `favoritealbum` (
  `id_favorite` int(10) UNSIGNED NOT NULL,
  `id_album` int(10) UNSIGNED NOT NULL
) ENGINE=InnoDB DEFAULT CHARSET=utf8mb4 COLLATE=utf8mb4_general_ci;

--
-- Déchargement des données de la table `favoritealbum`
--

INSERT INTO `favoritealbum` (`id_favorite`, `id_album`) VALUES
(1, 138),
(2, 31),
(2, 35),
(3, 40),
(3, 41),
(4, 27),
(6, 31),
(6, 33),
(6, 53),
(7, 53),
(7, 93),
(8, 13),
(8, 28),
(8, 45),
(8, 54),
(9, 62),
(9, 115),
(9, 141),
(10, 69),
(10, 91),
(10, 104),
(11, 78),
(11, 102),
(11, 106),
(11, 127),
(11, 141),
(13, 138),
(15, 62),
(16, 33),
(16, 63),
(17, 41),
(17, 58),
(18, 78),
(19, 122),
(20, 75),
(22, 16),
(22, 54),
(23, 61),
(24, 40),
(24, 72),
(25, 71),
(25, 103),
(27, 3),
(27, 75),
(27, 78),
(28, 1),
(29, 98),
(30, 25),
(30, 28),
(30, 71),
(30, 128),
(30, 130),
(31, 120),
(33, 76),
(33, 106),
(34, 124),
(35, 8),
(35, 71),
(36, 33),
(36, 109),
(39, 18),
(39, 25),
(39, 43),
(40, 90),
(40, 136),
(42, 13),
(44, 19),
(44, 52),
(44, 78),
(44, 102),
(44, 103),
(44, 129),
(45, 63),
(45, 91),
(46, 36),
(47, 115),
(47, 139),
(48, 56),
(48, 90),
(50, 63),
(51, 12),
(52, 1),
(53, 13),
(55, 10),
(56, 21),
(56, 40),
(56, 64),
(56, 94),
(58, 94),
(59, 109),
(60, 46),
(60, 57),
(60, 139),
(61, 54),
(61, 88),
(62, 54),
(62, 76),
(63, 25),
(63, 86),
(64, 74),
(64, 92),
(64, 132),
(65, 114),
(67, 41),
(68, 71),
(68, 104),
(69, 44),
(70, 40),
(70, 137),
(71, 25),
(73, 86),
(73, 90),
(73, 128),
(74, 49),
(75, 136),
(76, 58),
(78, 34),
(78, 94),
(78, 142),
(80, 119),
(81, 35),
(81, 122),
(81, 134),
(82, 48),
(82, 135),
(83, 112),
(84, 127),
(86, 33),
(87, 100),
(90, 105),
(92, 72),
(93, 27),
(94, 85),
(94, 102),
(94, 120),
(95, 1),
(95, 3),
(95, 22),
(95, 43),
(95, 94),
(95, 137),
(96, 1),
(96, 19),
(97, 80),
(97, 89),
(97, 125),
(97, 135),
(98, 81),
(99, 8),
(99, 24),
(99, 85),
(100, 48),
(104, 74),
(105, 138),
(106, 100),
(107, 86),
(108, 38),
(108, 139),
(109, 76),
(109, 85),
(111, 132),
(112, 2),
(112, 15),
(113, 17),
(113, 33),
(113, 86),
(114, 37),
(114, 102),
(114, 108),
(115, 78),
(116, 73),
(116, 128),
(118, 42),
(118, 53),
(118, 125),
(119, 18),
(119, 47),
(119, 52),
(120, 98),
(121, 39),
(121, 120),
(122, 84),
(123, 25),
(127, 62),
(127, 113),
(129, 129),
(130, 41),
(130, 55),
(131, 22),
(131, 132),
(134, 74),
(134, 80),
(134, 91),
(135, 7),
(136, 37),
(136, 93),
(137, 104),
(139, 10),
(139, 22),
(140, 58),
(140, 124),
(141, 37),
(142, 142),
(143, 92),
(144, 26),
(144, 80),
(145, 2),
(145, 8),
(145, 24),
(145, 30),
(145, 40),
(145, 74),
(145, 132),
(146, 43),
(146, 103),
(146, 123),
(146, 141),
(147, 16),
(148, 18),
(148, 41),
(149, 19),
(149, 53),
(149, 57),
(149, 72),
(150, 22);

-- --------------------------------------------------------

--
-- Structure de la table `favoritecancio`
--

CREATE TABLE `favoritecancio` (
  `id_favorite` int(10) UNSIGNED NOT NULL,
  `id_cancio` int(10) UNSIGNED NOT NULL
) ENGINE=InnoDB DEFAULT CHARSET=utf8mb4 COLLATE=utf8mb4_general_ci;

--
-- Déchargement des données de la table `favoritecancio`
--

INSERT INTO `favoritecancio` (`id_favorite`, `id_cancio`) VALUES
(1, 191),
(1, 334),
(1, 356),
(1, 487),
(2, 67),
(2, 277),
(2, 402),
(2, 407),
(2, 468),
(3, 25),
(3, 102),
(3, 164),
(3, 323),
(3, 343),
(4, 58),
(4, 240),
(4, 440),
(4, 453),
(5, 51),
(5, 85),
(5, 436),
(5, 437),
(6, 67),
(6, 239),
(6, 294),
(6, 329),
(6, 347),
(6, 391),
(7, 13),
(7, 43),
(7, 73),
(7, 194),
(7, 204),
(7, 220),
(7, 226),
(7, 285),
(7, 293),
(7, 402),
(7, 415),
(8, 78),
(8, 234),
(8, 238),
(8, 247),
(8, 344),
(8, 404),
(8, 470),
(8, 474),
(9, 15),
(9, 100),
(9, 194),
(9, 195),
(9, 220),
(9, 351),
(9, 498),
(10, 1),
(10, 230),
(10, 370),
(11, 59),
(11, 61),
(11, 126),
(11, 201),
(11, 216),
(11, 249),
(11, 251),
(11, 320),
(11, 324),
(11, 430),
(12, 132),
(12, 223),
(12, 460),
(13, 148),
(13, 206),
(13, 481),
(14, 38),
(14, 286),
(15, 28),
(15, 244),
(15, 279),
(15, 426),
(16, 39),
(16, 268),
(16, 405),
(17, 164),
(17, 183),
(17, 202),
(17, 344),
(17, 469),
(17, 498),
(17, 505),
(18, 77),
(18, 255),
(18, 349),
(18, 368),
(19, 199),
(19, 397),
(19, 462),
(19, 468),
(19, 505),
(20, 28),
(20, 89),
(20, 91),
(20, 95),
(20, 172),
(20, 321),
(20, 341),
(21, 114),
(21, 378),
(21, 431),
(22, 60),
(22, 384),
(22, 482),
(22, 496),
(23, 233),
(23, 298),
(23, 305),
(24, 29),
(24, 99),
(24, 167),
(24, 186),
(24, 205),
(24, 270),
(24, 324),
(24, 476),
(24, 478),
(25, 10),
(25, 130),
(25, 226),
(25, 227),
(25, 279),
(25, 398),
(25, 438),
(26, 54),
(27, 59),
(27, 60),
(27, 79),
(27, 237),
(27, 320),
(28, 246),
(29, 95),
(29, 177),
(30, 19),
(30, 36),
(30, 73),
(30, 113),
(30, 263),
(30, 286),
(30, 421),
(30, 452),
(31, 190),
(31, 308),
(31, 375),
(33, 96),
(33, 196),
(33, 251),
(33, 271),
(33, 392),
(33, 401),
(34, 38),
(34, 90),
(35, 132),
(35, 167),
(35, 170),
(35, 231),
(35, 234),
(35, 398),
(35, 489),
(36, 39),
(36, 43),
(36, 86),
(36, 99),
(36, 233),
(36, 277),
(36, 403),
(36, 469),
(36, 483),
(36, 484),
(37, 106),
(37, 245),
(37, 279),
(38, 224),
(38, 338),
(38, 488),
(39, 54),
(39, 91),
(39, 126),
(39, 152),
(39, 175),
(39, 233),
(39, 296),
(39, 351),
(39, 442),
(40, 67),
(40, 146),
(40, 193),
(40, 267),
(40, 292),
(40, 335),
(40, 434),
(40, 466),
(40, 467),
(41, 145),
(41, 150),
(41, 405),
(41, 415),
(41, 469),
(42, 89),
(42, 166),
(42, 310),
(42, 479),
(43, 125),
(43, 146),
(43, 352),
(44, 94),
(44, 117),
(44, 206),
(44, 222),
(44, 251),
(44, 320),
(44, 321),
(44, 375),
(45, 17),
(45, 50),
(45, 171),
(45, 270),
(45, 379),
(45, 396),
(45, 452),
(46, 258),
(47, 125),
(47, 134),
(47, 167),
(47, 189),
(47, 402),
(47, 404),
(48, 40),
(48, 61),
(48, 116),
(48, 155),
(48, 167),
(48, 195),
(48, 226),
(48, 287),
(48, 335),
(49, 47),
(49, 166),
(50, 155),
(50, 347),
(50, 379),
(50, 436),
(50, 475),
(51, 93),
(51, 103),
(51, 326),
(51, 334),
(51, 345),
(51, 399),
(51, 402),
(52, 13),
(52, 69),
(52, 253),
(53, 9),
(53, 183),
(53, 304),
(53, 331),
(54, 184),
(54, 390),
(55, 51),
(55, 136),
(55, 240),
(55, 290),
(55, 406),
(55, 503),
(56, 130),
(56, 190),
(56, 211),
(56, 279),
(56, 338),
(56, 385),
(56, 409),
(56, 458),
(56, 478),
(56, 502),
(57, 330),
(57, 422),
(57, 467),
(57, 479),
(58, 340),
(58, 414),
(58, 415),
(58, 429),
(58, 503),
(59, 131),
(59, 293),
(59, 384),
(59, 455),
(59, 469),
(59, 504),
(60, 53),
(60, 122),
(60, 169),
(60, 188),
(60, 336),
(61, 35),
(61, 53),
(61, 240),
(61, 280),
(61, 391),
(61, 446),
(62, 66),
(62, 156),
(62, 184),
(62, 202),
(62, 482),
(63, 97),
(63, 100),
(63, 355),
(63, 393),
(63, 456),
(63, 468),
(63, 478),
(64, 1),
(64, 132),
(64, 189),
(64, 200),
(64, 269),
(64, 275),
(64, 461),
(65, 2),
(65, 53),
(65, 94),
(65, 162),
(65, 204),
(65, 456),
(66, 56),
(66, 63),
(66, 75),
(66, 105),
(67, 2),
(67, 174),
(67, 308),
(67, 456),
(68, 1),
(68, 286),
(68, 385),
(68, 406),
(68, 412),
(68, 421),
(68, 469),
(69, 55),
(69, 140),
(69, 244),
(69, 401),
(69, 466),
(70, 102),
(70, 110),
(70, 154),
(70, 249),
(70, 307),
(70, 385),
(70, 478),
(71, 7),
(71, 193),
(71, 261),
(71, 302),
(71, 360),
(71, 474),
(72, 144),
(72, 287),
(72, 291),
(72, 297),
(72, 325),
(72, 368),
(72, 493),
(73, 32),
(73, 87),
(73, 140),
(73, 160),
(73, 222),
(74, 181),
(74, 188),
(74, 443),
(75, 63),
(75, 77),
(75, 178),
(75, 292),
(75, 330),
(76, 36),
(76, 127),
(76, 172),
(76, 231),
(76, 382),
(77, 42),
(77, 68),
(77, 240),
(77, 300),
(77, 398),
(78, 122),
(78, 152),
(78, 178),
(78, 196),
(78, 414),
(78, 454),
(78, 472),
(79, 27),
(79, 114),
(79, 318),
(79, 355),
(79, 403),
(79, 482),
(80, 4),
(80, 357),
(80, 410),
(81, 2),
(81, 29),
(81, 172),
(81, 331),
(81, 342),
(82, 26),
(82, 50),
(82, 103),
(82, 231),
(82, 370),
(82, 428),
(82, 481),
(83, 23),
(83, 150),
(83, 344),
(84, 48),
(84, 55),
(84, 106),
(84, 128),
(84, 433),
(85, 113),
(85, 248),
(85, 282),
(85, 291),
(86, 347),
(87, 27),
(87, 40),
(87, 348),
(87, 403),
(88, 159),
(88, 244),
(88, 391),
(89, 82),
(89, 332),
(90, 12),
(90, 25),
(90, 58),
(90, 304),
(90, 456),
(91, 161),
(91, 250),
(91, 255),
(92, 152),
(92, 189),
(92, 222),
(92, 235),
(92, 278),
(93, 40),
(93, 205),
(93, 395),
(94, 15),
(94, 135),
(94, 273),
(95, 11),
(95, 114),
(95, 162),
(95, 231),
(95, 235),
(95, 246),
(95, 303),
(95, 339),
(95, 414),
(95, 423),
(95, 433),
(95, 472),
(96, 23),
(96, 28),
(96, 30),
(96, 48),
(96, 83),
(96, 99),
(96, 120),
(96, 156),
(96, 324),
(96, 406),
(96, 493),
(97, 59),
(97, 100),
(97, 168),
(97, 214),
(97, 272),
(97, 493),
(97, 494),
(98, 203),
(98, 377),
(98, 403),
(99, 72),
(99, 93),
(99, 250),
(99, 273),
(99, 302),
(99, 420),
(99, 435),
(99, 502),
(100, 23),
(100, 109),
(100, 137),
(100, 216),
(100, 391),
(101, 196),
(101, 386),
(101, 395),
(102, 277),
(102, 333),
(103, 48),
(103, 72),
(103, 160),
(104, 108),
(104, 219),
(104, 465),
(105, 356),
(105, 383),
(105, 390),
(106, 285),
(106, 292),
(106, 312),
(106, 487),
(106, 500),
(107, 58),
(107, 87),
(107, 364),
(107, 422),
(108, 8),
(108, 48),
(108, 163),
(108, 214),
(109, 29),
(109, 66),
(109, 247),
(110, 20),
(110, 77),
(110, 198),
(110, 478),
(110, 486),
(111, 225),
(111, 475),
(112, 24),
(112, 187),
(112, 340),
(113, 2),
(113, 39),
(113, 93),
(113, 118),
(113, 180),
(113, 217),
(113, 231),
(113, 299),
(113, 374),
(113, 397),
(114, 37),
(114, 118),
(114, 120),
(114, 170),
(114, 224),
(114, 268),
(114, 295),
(114, 333),
(114, 385),
(114, 451),
(114, 468),
(114, 500),
(115, 55),
(115, 71),
(115, 77),
(115, 277),
(116, 49),
(116, 195),
(116, 336),
(116, 362),
(117, 42),
(117, 175),
(117, 211),
(117, 273),
(117, 275),
(117, 345),
(118, 12),
(118, 226),
(118, 394),
(118, 416),
(119, 26),
(119, 54),
(119, 117),
(119, 420),
(119, 474),
(120, 99),
(120, 299),
(120, 385),
(120, 443),
(121, 41),
(121, 222),
(121, 313),
(121, 374),
(122, 9),
(122, 131),
(122, 358),
(122, 418),
(122, 436),
(123, 33),
(123, 113),
(123, 124),
(123, 155),
(123, 161),
(123, 237),
(123, 504),
(124, 130),
(124, 139),
(124, 502),
(125, 27),
(125, 125),
(126, 184),
(126, 341),
(127, 119),
(127, 212),
(127, 285),
(127, 290),
(127, 342),
(127, 408),
(128, 5),
(128, 145),
(128, 197),
(128, 291),
(129, 198),
(129, 261),
(129, 283),
(129, 420),
(129, 469),
(130, 128),
(130, 144),
(130, 200),
(130, 250),
(130, 255),
(130, 308),
(130, 408),
(130, 419),
(130, 452),
(131, 107),
(131, 154),
(131, 225),
(131, 410),
(131, 440),
(132, 99),
(132, 173),
(132, 196),
(132, 299),
(132, 325),
(132, 435),
(133, 138),
(133, 320),
(133, 424),
(134, 198),
(134, 212),
(134, 294),
(134, 370),
(134, 384),
(134, 404),
(134, 488),
(135, 34),
(135, 120),
(135, 176),
(135, 276),
(135, 292),
(135, 372),
(135, 418),
(136, 73),
(136, 133),
(136, 217),
(137, 422),
(137, 445),
(137, 456),
(138, 6),
(138, 42),
(138, 74),
(138, 130),
(138, 175),
(138, 219),
(138, 222),
(138, 336),
(139, 10),
(139, 17),
(139, 43),
(139, 123),
(139, 153),
(139, 370),
(139, 413),
(140, 80),
(140, 185),
(140, 202),
(140, 342),
(140, 371),
(140, 426),
(141, 217),
(141, 310),
(142, 4),
(142, 204),
(142, 211),
(142, 239),
(142, 301),
(143, 37),
(143, 63),
(143, 189),
(143, 207),
(144, 63),
(144, 91),
(144, 99),
(144, 457),
(145, 172),
(145, 203),
(145, 205),
(145, 228),
(145, 294),
(145, 321),
(145, 336),
(145, 357),
(145, 358),
(145, 435),
(145, 463),
(146, 69),
(146, 158),
(146, 177),
(146, 239),
(146, 279),
(146, 322),
(146, 362),
(146, 402),
(147, 54),
(147, 166),
(147, 384),
(148, 91),
(148, 102),
(148, 161),
(148, 306),
(148, 343),
(148, 377),
(149, 126),
(149, 148),
(149, 162),
(149, 288),
(149, 372),
(149, 408),
(149, 433),
(149, 439),
(150, 322),
(150, 371),
(150, 423),
(150, 494);

-- --------------------------------------------------------

--
-- Structure de la table `free`
--

CREATE TABLE `free` (
  `id` int(10) UNSIGNED NOT NULL
) ENGINE=InnoDB DEFAULT CHARSET=utf8mb4 COLLATE=utf8mb4_general_ci;

--
-- Déchargement des données de la table `free`
--

INSERT INTO `free` (`id`) VALUES
(1),
(3),
(4),
(5),
(6),
(9),
(10),
(11),
(12),
(13),
(14),
(15),
(16),
(17),
(18),
(19),
(20),
(21),
(22),
(23),
(24),
(25),
(26),
(27),
(28),
(30),
(31),
(32),
(33),
(35),
(36),
(38),
(39),
(41),
(42),
(43),
(44),
(45),
(47),
(48),
(49),
(50),
(51),
(52),
(53),
(54),
(55),
(56),
(57),
(58),
(59),
(60),
(61),
(62),
(64),
(65),
(67),
(68),
(69),
(70),
(72),
(73),
(74),
(75),
(76),
(77),
(78),
(79),
(80),
(83),
(84),
(85),
(87),
(88),
(89),
(90),
(91),
(92),
(93),
(94),
(95),
(96),
(97),
(99),
(100),
(101),
(102),
(103),
(105),
(106),
(107),
(108),
(110),
(111),
(112),
(113),
(114),
(115),
(116),
(117),
(118),
(119),
(120),
(121),
(122),
(123),
(124),
(126),
(127),
(128),
(129),
(130),
(131),
(132),
(133);

-- --------------------------------------------------------

--
-- Structure de la table `pagament`
--

CREATE TABLE `pagament` (
  `id` int(10) UNSIGNED NOT NULL,
  `datap` date NOT NULL,
  `total` double NOT NULL,
  `id_subscripcio` int(10) UNSIGNED NOT NULL
) ENGINE=InnoDB DEFAULT CHARSET=utf8mb4 COLLATE=utf8mb4_general_ci;

--
-- Déchargement des données de la table `pagament`
--

INSERT INTO `pagament` (`id`, `datap`, `total`, `id_subscripcio`) VALUES
(1, '2014-08-14', 73114693.60199058, 86),
(2, '2002-01-03', 90144762.40300544, 191),
(3, '2008-03-14', 49682259.343089074, 163),
(4, '2008-02-24', 98587693.32362016, 7),
(5, '2004-02-26', 85712404.43456863, 163),
(6, '2000-09-21', 98742083.38984266, 79),
(7, '2006-08-27', 22815793.03734177, 1),
(8, '2013-03-06', 7479382.813444624, 121),
(9, '2019-05-10', 74315771.82910524, 173),
(10, '2014-03-19', 94958327.04567263, 178),
(11, '2000-02-14', 3051322.8638204383, 114),
(12, '2003-01-20', 69165537.93139485, 224),
(13, '2019-04-10', 85169089.40303199, 7),
(14, '2003-03-11', 5674714.260152059, 70),
(15, '2018-10-18', 40828509.55300814, 26),
(16, '2011-01-30', 35238879.20698725, 156),
(17, '2018-12-11', 99368664.13660748, 207),
(18, '2018-03-21', 56194533.90593078, 200),
(19, '2018-09-28', 47598454.05345582, 92),
(20, '2009-09-28', 4941147.821497294, 89),
(21, '2007-12-11', 58227236.81370429, 28),
(22, '2018-04-12', 85124296.83406785, 129),
(23, '2006-12-13', 22867383.417976428, 145),
(24, '2003-03-09', 15318586.920599319, 121),
(25, '2005-11-18', 96392228.64568235, 25),
(26, '2007-05-19', 23262564.37092026, 148),
(27, '2010-02-16', 61664165.595991895, 34),
(28, '2017-04-15', 60889540.214597195, 202),
(29, '2002-04-27', 24761899.90121238, 59),
(30, '2010-10-14', 83936008.82564604, 39),
(31, '2015-05-30', 68899538.4279028, 58),
(32, '2011-09-01', 79765714.72083265, 71),
(33, '2013-03-13', 12372421.958696544, 166),
(34, '2000-11-04', 10757452.405954704, 38),
(35, '2003-02-19', 3276379.1795241805, 164),
(36, '2015-03-27', 93266264.71787404, 207),
(37, '2007-07-25', 26682692.480228208, 194),
(38, '2012-06-24', 55440753.75089187, 88),
(39, '2002-10-18', 22726714.80188173, 156),
(40, '2017-08-02', 14286540.424857419, 223),
(41, '2013-11-24', 5062722.166922129, 63),
(42, '2009-01-01', 13092606.60406093, 23),
(43, '2016-02-08', 5792581.081885017, 216),
(44, '2000-02-05', 46031019.67502232, 86),
(45, '2000-02-06', 46795273.40020191, 62),
(46, '2017-01-16', 25311429.486803915, 60),
(47, '2010-06-18', 78934239.23933825, 92),
(48, '2000-06-20', 77192562.19680546, 46),
(49, '2014-11-17', 34529328.227228776, 20),
(50, '2014-02-06', 72458726.97160532, 109),
(51, '2002-11-03', 88440715.40040709, 80),
(52, '2005-07-02', 42257789.41625867, 166),
(53, '2009-08-20', 16877926.472722527, 45),
(54, '2001-07-04', 15628413.487414306, 150),
(55, '2010-11-21', 17433951.002168424, 9),
(56, '2012-03-18', 56341069.638836086, 146),
(57, '2011-07-17', 9731759.479562752, 125),
(58, '2019-02-05', 16124780.874055466, 200),
(59, '2004-02-05', 63399340.070570186, 113),
(60, '2005-06-25', 52797217.96198867, 168),
(61, '2012-06-19', 2863839.713021443, 212),
(62, '2003-10-21', 55669927.03196468, 210),
(63, '2003-09-11', 59741769.54063306, 68),
(64, '2000-01-10', 48835702.15029308, 90),
(65, '2000-03-19', 90529485.41002466, 179),
(66, '2013-09-02', 4096635.883229505, 78),
(67, '2003-03-22', 46057738.083823204, 100),
(68, '2009-09-22', 39456777.1540121, 208),
(69, '2003-07-24', 80019729.8329145, 111),
(70, '2009-10-01', 32942844.395337902, 14),
(71, '2010-10-22', 66130497.166839354, 195),
(72, '2002-07-13', 73252647.3374695, 43),
(73, '2019-06-23', 70505201.2357254, 216),
(74, '2002-08-09', 53148981.912585184, 99),
(75, '2004-11-27', 96581.31997107856, 54),
(76, '2004-02-15', 94964400.80949906, 210),
(77, '2007-11-21', 36011424.02233627, 55),
(78, '2016-11-29', 62969638.373149015, 87),
(79, '2004-05-08', 17798499.826006055, 172),
(80, '2008-02-17', 49158108.78716786, 137),
(81, '2008-08-21', 90995374.20082608, 37),
(82, '2018-12-30', 28246173.909513883, 34),
(83, '2004-08-30', 74029771.60413496, 172),
(84, '2010-06-01', 26981179.37946033, 166),
(85, '2017-10-18', 64747045.70182054, 212),
(86, '2007-09-29', 81347024.32632552, 180),
(87, '2000-10-07', 53194867.66498561, 77),
(88, '2005-06-04', 3682641.5973340245, 224),
(89, '2011-11-06', 61718705.21720574, 162),
(90, '2002-04-04', 17367614.825204648, 124),
(91, '2013-02-07', 10848088.441172233, 5),
(92, '2004-07-29', 58428760.629912436, 96),
(93, '2002-05-25', 38888385.73570034, 49),
(94, '2019-11-02', 86591984.49182554, 36),
(95, '2013-01-18', 52641708.13399361, 86),
(96, '2011-09-22', 89918009.56486826, 93),
(97, '2019-09-08', 88393097.21154954, 214),
(98, '2019-03-30', 30753307.89586921, 96),
(99, '2004-02-19', 37405274.743087016, 153),
(100, '2005-04-21', 41397062.00333181, 103),
(101, '2007-06-29', 73921140.80610992, 91),
(102, '2007-04-04', 87290753.35077544, 155),
(103, '2009-04-07', 90394174.0660769, 35),
(104, '2017-07-26', 26902176.579995017, 196),
(105, '2006-09-03', 32731794.92886942, 214),
(106, '2005-10-24', 90585182.30967385, 99),
(107, '2008-11-11', 65187171.375866085, 83),
(108, '2001-01-10', 6897945.39400479, 167),
(109, '2010-01-30', 21674593.732039772, 55),
(110, '2003-09-02', 32066407.802714556, 101),
(111, '2019-12-24', 98278866.80428398, 209),
(112, '2012-09-26', 95958060.05026282, 156),
(113, '2012-08-10', 55209271.90803022, 42),
(114, '2005-07-23', 2119865.251594466, 79),
(115, '2018-03-11', 59104547.48749061, 3),
(116, '2006-10-26', 97730445.83876473, 117),
(117, '2010-02-25', 56181391.35649504, 68),
(118, '2005-04-25', 25880701.79681504, 125),
(119, '2009-10-30', 10051236.937636321, 178),
(120, '2002-05-02', 53151652.19803307, 216),
(121, '2008-07-29', 15987553.966209367, 76),
(122, '2002-09-26', 22288467.892696083, 72),
(123, '2006-02-28', 55950206.8961777, 202),
(124, '2010-12-03', 56723213.052361555, 190),
(125, '2014-05-07', 39768031.29385302, 105),
(126, '2009-11-22', 61185725.838829674, 3),
(127, '2019-04-01', 80612581.73767126, 6),
(128, '2000-04-22', 42635170.582142144, 193),
(129, '2004-03-10', 34393528.83083122, 218),
(130, '2007-03-07', 66779051.61053023, 55),
(131, '2003-06-15', 39161068.9096085, 189),
(132, '2004-11-06', 67619766.99471009, 98),
(133, '2010-12-24', 82266693.04390293, 58),
(134, '2016-01-09', 17441076.473177265, 202),
(135, '2011-02-09', 99227325.18658991, 78),
(136, '2002-03-13', 20640839.96230508, 77),
(137, '2011-10-04', 32337940.94165856, 176),
(138, '2010-05-17', 21617375.53476435, 33),
(139, '2015-10-14', 1525765.8562357167, 18),
(140, '2010-07-14', 70872206.28269458, 27),
(141, '2013-12-24', 31239016.569024604, 169),
(142, '2007-03-15', 7512109.4533957215, 215),
(143, '2004-02-03', 40881131.26000701, 20),
(144, '2008-11-06', 24890922.898519706, 182),
(145, '2005-02-05', 12066638.197918022, 10),
(146, '2013-12-28', 50261579.03874977, 225),
(147, '2015-07-23', 52478451.974137194, 55),
(148, '2003-06-27', 1608980.319530473, 201),
(149, '2004-07-01', 56102492.89825382, 22),
(150, '2013-12-28', 74464920.72217938, 77),
(151, '2019-08-30', 24920528.159697507, 113),
(152, '2018-07-31', 49189649.6328136, 110),
(153, '2016-01-27', 43634731.675180815, 123),
(154, '2014-10-12', 12226375.684226066, 113),
(155, '2016-09-22', 51619393.5056564, 11),
(156, '2001-10-20', 22042364.699419446, 128),
(157, '2003-04-06', 14050043.77765885, 36),
(158, '2008-09-30', 67273695.22439791, 162),
(159, '2012-09-30', 75114651.52880721, 157),
(160, '2006-06-01', 7962643.03890879, 224),
(161, '2000-03-04', 62494271.59472043, 84),
(162, '2013-02-01', 34252439.80701684, 211),
(163, '2012-08-15', 75103018.99707712, 70),
(164, '2007-06-16', 45581260.44625278, 40),
(165, '2004-02-28', 10653454.185717681, 159),
(166, '2018-03-18', 48956022.22577171, 195),
(167, '2017-08-10', 279732.93591648794, 202),
(168, '2006-01-31', 509492.91243681527, 115),
(169, '2014-02-20', 2586084.923849341, 141),
(170, '2016-03-01', 36573.426785613265, 17),
(171, '2014-06-20', 46533997.416399494, 54),
(172, '2008-07-18', 74914939.50776422, 210),
(173, '2010-03-10', 93041266.77061737, 139),
(174, '2001-02-06', 15651814.925426865, 33),
(175, '2019-09-28', 39606940.9153661, 15),
(176, '2002-10-16', 9735077.622453537, 90),
(177, '2003-01-24', 15326378.63501467, 38),
(178, '2011-12-07', 49538286.239932835, 211),
(179, '2014-03-18', 89012022.34340622, 224),
(180, '2018-12-11', 1333354.8287132846, 114),
(181, '2016-06-24', 38541747.638926215, 175),
(182, '2010-03-10', 30161466.56261751, 103),
(183, '2002-06-22', 41834246.29877571, 219),
(184, '2013-01-31', 95125280.69136365, 108),
(185, '2012-05-03', 49878742.82628378, 182),
(186, '2014-02-26', 3878423.31736058, 17),
(187, '2009-08-21', 79965881.02095687, 222),
(188, '2005-04-26', 37549659.031183355, 211),
(189, '2001-12-29', 26681595.882495835, 203),
(190, '2001-04-08', 98458851.74857412, 208),
(191, '2012-05-05', 72402875.16673876, 16),
(192, '2011-10-26', 64732708.51964268, 50),
(193, '2000-07-24', 95102191.25861244, 190),
(194, '2005-09-05', 56845450.16938611, 146),
(195, '2011-10-30', 15417473.855712615, 12),
(196, '2010-07-07', 81290538.8497052, 20),
(197, '2001-06-17', 7430951.883804882, 42),
(198, '2005-03-06', 42694804.47870745, 57),
(199, '2001-06-24', 67739032.33149526, 197),
(200, '2005-08-13', 35938048.62682814, 48),
(201, '2013-08-06', 8565837.004681675, 201),
(202, '2012-11-05', 99025037.9951694, 103),
(203, '2005-08-07', 15316377.313332075, 218),
(204, '2007-01-25', 31919999.663535282, 189),
(205, '2012-01-30', 3585413.2944467375, 204),
(206, '2003-02-06', 49206716.57385578, 122),
(207, '2016-12-28', 80801471.3455529, 131),
(208, '2007-05-03', 19752684.31092232, 167),
(209, '2007-01-28', 83020854.92079902, 140),
(210, '2011-04-09', 65568568.4646907, 128),
(211, '2011-12-22', 26585594.189656757, 204),
(212, '2004-10-30', 7362216.959554013, 55),
(213, '2005-11-03', 10175596.590637691, 31),
(214, '2000-05-11', 95049841.06714715, 137),
(215, '2017-07-12', 87035578.30083908, 90),
(216, '2016-07-07', 88428198.39215557, 200),
(217, '2014-11-19', 25720339.81252123, 118),
(218, '2010-10-18', 23616153.911985505, 27),
(219, '2008-06-18', 5519117.730539924, 224),
(220, '2012-11-01', 33589094.28352023, 166),
(221, '2007-07-08', 78794937.45422822, 78),
(222, '2019-05-31', 81565964.40173186, 11),
(223, '2005-06-04', 44874556.589224845, 70),
(224, '2017-04-07', 11138381.198194824, 193),
(225, '2014-08-06', 50977684.43834603, 122),
(226, '2015-10-26', 40389860.08795619, 176),
(227, '2017-09-25', 86171909.62341145, 53),
(228, '2016-11-15', 3938131.8471596427, 106),
(229, '2000-11-15', 99736323.76244879, 222),
(230, '2008-09-23', 28505059.52310518, 223),
(231, '2009-02-25', 29928376.16371339, 200),
(232, '2006-10-09', 67499377.6919204, 35),
(233, '2017-04-01', 11354124.220090711, 29),
(234, '2005-12-25', 97972690.84362303, 78),
(235, '2018-01-14', 66382944.41026463, 16),
(236, '2001-09-07', 30526256.524694506, 218),
(237, '2001-04-01', 19828180.67412474, 189),
(238, '2011-02-27', 7215521.891456822, 204),
(239, '2015-04-11', 87001073.72607581, 92),
(240, '2005-03-23', 73693589.64391346, 3),
(241, '2008-07-21', 17866037.786576696, 93),
(242, '2011-12-07', 45789006.24591465, 164),
(243, '2019-12-26', 68071946.42218988, 112),
(244, '2019-05-12', 35025206.230421536, 118),
(245, '2001-03-28', 58860666.41564274, 118),
(246, '2012-08-10', 16418663.82770174, 91),
(247, '2011-09-23', 69077051.7340075, 121),
(248, '2011-01-21', 80962968.49583574, 142),
(249, '2011-05-07', 24602665.865456983, 142),
(250, '2010-11-13', 6801967.024472855, 34),
(251, '2013-03-29', 53450409.945321955, 113),
(252, '2004-01-13', 51064135.05716435, 164),
(253, '2018-02-22', 12492554.295977976, 216),
(254, '2019-12-13', 29083037.181132533, 173),
(255, '2004-12-05', 57417006.61201353, 11),
(256, '2014-03-07', 31237317.052017942, 147),
(257, '2004-12-20', 78144833.92451523, 151),
(258, '2017-07-09', 78443661.20535317, 98),
(259, '2014-02-19', 3787572.676751405, 128),
(260, '2017-01-29', 35525009.07040781, 49),
(261, '2006-10-03', 54529472.2200517, 148),
(262, '2015-07-22', 63914245.57624496, 121),
(263, '2012-02-23', 81904087.12043864, 8),
(264, '2004-04-29', 79663218.50910278, 85),
(265, '2006-04-23', 57175350.76302833, 109),
(266, '2017-07-30', 94293511.04550226, 14),
(267, '2000-06-27', 92371933.92532496, 142),
(268, '2016-08-28', 10996491.175436907, 7),
(269, '2009-01-07', 76464096.83641173, 207),
(270, '2005-04-18', 59975867.63568259, 191),
(271, '2007-05-20', 85780933.38341764, 68),
(272, '2011-07-14', 18799232.567743175, 169),
(273, '2009-04-11', 52671666.219346836, 101),
(274, '2002-08-15', 37520598.987558015, 196),
(275, '2003-07-18', 8308955.578388699, 133),
(276, '2000-11-03', 86651849.93455891, 102),
(277, '2013-07-10', 27168929.63008023, 30),
(278, '2016-06-26', 57957084.6365692, 26),
(279, '2014-04-24', 3918195.294987692, 209),
(280, '2011-07-20', 64242977.881259434, 158),
(281, '2014-11-13', 64071425.177556515, 48),
(282, '2018-04-26', 22105526.395072937, 12),
(283, '2018-08-01', 12795575.287360206, 125),
(284, '2014-07-03', 29816609.378182955, 54),
(285, '2011-10-19', 40632310.95614802, 195),
(286, '2012-11-15', 16602691.366645029, 12),
(287, '2012-11-17', 48755196.45035788, 129),
(288, '2000-03-02', 86455715.99833995, 163),
(289, '2002-03-18', 11801567.349542575, 46),
(290, '2010-12-05', 82857463.9042742, 14),
(291, '2015-06-29', 34512142.3260349, 51),
(292, '2016-09-16', 85491488.84293868, 198),
(293, '2006-02-16', 64628235.995024666, 54),
(294, '2014-11-27', 17821057.56044361, 20),
(295, '2017-08-11', 23053308.793964334, 206),
(296, '2007-05-23', 98550079.15148915, 86),
(297, '2012-08-10', 91561555.62608144, 184),
(298, '2011-02-06', 40241952.76322252, 47),
(299, '2018-07-30', 35772421.2207323, 202),
(300, '2017-07-23', 66096311.882647276, 73),
(301, '2003-12-07', 28210654.701955717, 208),
(302, '2005-02-12', 38985723.8973319, 154),
(303, '2015-02-03', 3602719.7775258203, 196),
(304, '2004-10-28', 34806550.342784815, 131),
(305, '2003-02-25', 20751392.15903654, 116),
(306, '2008-06-26', 31035165.913373463, 197),
(307, '2000-11-04', 6072266.900664824, 219),
(308, '2011-04-20', 58700478.7338682, 223),
(309, '2007-07-28', 10922869.650606215, 204),
(310, '2000-12-30', 95946190.25589539, 88),
(311, '2015-09-25', 65023189.257224746, 22),
(312, '2017-12-04', 79684332.86324172, 25),
(313, '2014-04-03', 52435029.555198886, 107),
(314, '2005-11-05', 20820174.028299898, 84),
(315, '2002-03-16', 64677612.7423444, 62),
(316, '2015-12-14', 22005626.992596395, 146),
(317, '2015-03-30', 1612620.7110646274, 189),
(318, '2010-07-17', 85263591.38236184, 155),
(319, '2000-08-07', 37799419.06364148, 70),
(320, '2008-05-08', 32092227.383098826, 25),
(321, '2006-05-02', 57229811.75693279, 186),
(322, '2017-03-17', 39340897.69743113, 95),
(323, '2013-05-05', 78892386.43228067, 46),
(324, '2018-10-02', 70346136.8236523, 39),
(325, '2008-07-12', 59743524.85130439, 53),
(326, '2009-06-12', 79186822.88295184, 156),
(327, '2008-01-05', 19691671.961644463, 44),
(328, '2001-04-03', 14685147.043804513, 156),
(329, '2014-11-16', 98512563.1660387, 77),
(330, '2010-12-11', 4729343.868689861, 143),
(331, '2007-04-22', 29646985.33603107, 102),
(332, '2001-07-04', 66973056.93056565, 106),
(333, '2015-04-11', 17093472.668444455, 81),
(334, '2013-01-08', 51884798.54174665, 55),
(335, '2006-06-15', 84662259.20857334, 194),
(336, '2017-03-06', 62951884.963726334, 20),
(337, '2010-04-03', 51332952.39035458, 21);

-- --------------------------------------------------------

--
-- Structure de la table `paypal`
--

CREATE TABLE `paypal` (
  `id_paypal` int(10) UNSIGNED NOT NULL,
  `NomUsuari` varchar(40) NOT NULL
) ENGINE=InnoDB DEFAULT CHARSET=utf8mb4 COLLATE=utf8mb4_general_ci;

--
-- Déchargement des données de la table `paypal`
--

INSERT INTO `paypal` (`id_paypal`, `NomUsuari`) VALUES
(1, 'Rudi like sports. Rudi like swimming. '),
(2, 'Mike loves flowers. '),
(3, 'I like swimming. I loves flowers. '),
(4, 'Rudi loves flowers. '),
(5, 'Mike like sports. '),
(6, 'I like sports. '),
(7, 'Mike like sports. Mike watches football.'),
(8, 'Rudi like sports. Rudi like swimming. '),
(9, 'Mike like sports. Mike loves flowers. '),
(10, 'I like swimming. Rudi loves flowers. '),
(11, 'Mike loves flowers. '),
(12, 'I watches football. Rudi loves flowers. '),
(13, 'Mike watches football. I loves flowers. '),
(14, 'Rudi loves flowers. '),
(15, 'I watches football. '),
(16, 'Rudi loves flowers. Mike like sports. '),
(17, 'Mike watches football. '),
(18, 'Mike like swimming. Rudi like swimming. '),
(19, 'I loves flowers. '),
(20, 'Rudi loves flowers. Rudi like swimming. '),
(21, 'Mike like sports. I loves flowers. '),
(22, 'Rudi loves flowers. '),
(23, 'Mike loves flowers. '),
(24, 'Mike watches football. '),
(25, 'Mike like swimming. I watches football. '),
(26, 'Mike loves flowers. Mike like swimming. '),
(27, 'Mike loves flowers. I watches football. '),
(28, 'I loves flowers. '),
(29, 'Mike watches football. I like swimming. '),
(30, 'Mike like sports. Mike loves flowers. '),
(31, 'Mike watches football. Rudi like sports.'),
(32, 'Rudi watches football. '),
(33, 'I like swimming. Mike watches football. '),
(34, 'Rudi like swimming. I watches football. '),
(35, 'Mike watches football. '),
(36, 'Mike like sports. I loves flowers. '),
(37, 'Rudi like swimming. Rudi loves flowers. '),
(38, 'Mike watches football. I like swimming. '),
(39, 'Mike watches football. '),
(40, 'Mike loves flowers. '),
(41, 'Rudi like swimming. Mike loves flowers. '),
(42, 'I watches football. '),
(43, 'I watches football. Rudi like sports. '),
(44, 'Mike like sports. Mike watches football.'),
(45, 'I loves flowers. Rudi watches football. '),
(46, 'Mike like swimming. Rudi like swimming. '),
(47, 'I like sports. Rudi like sports. '),
(48, 'Mike loves flowers. I like swimming. '),
(49, 'I like swimming. I like swimming. '),
(50, 'Rudi watches football. I like swimming. '),
(51, 'Mike like swimming. I like sports. '),
(52, 'Mike like swimming. '),
(54, 'I watches football. Rudi loves flowers. '),
(55, 'I like swimming. Mike loves flowers. '),
(56, 'Mike like sports. Rudi watches football.'),
(57, 'Rudi watches football. '),
(58, 'Rudi loves flowers. Mike like swimming. '),
(59, 'I like sports. Mike like swimming. '),
(60, 'I loves flowers. Rudi loves flowers. '),
(61, 'Mike watches football. '),
(62, 'I like swimming. Mike like swimming. '),
(63, 'I like sports. Mike loves flowers. '),
(64, 'I loves flowers. Mike watches football. '),
(65, 'Rudi loves flowers. I watches football. '),
(66, 'Rudi watches football. Mike like sports.'),
(67, 'Rudi like sports. Mike loves flowers. '),
(68, 'Mike loves flowers. Rudi loves flowers. '),
(69, 'Mike loves flowers. Mike like sports. '),
(70, 'Rudi watches football. '),
(71, 'I loves flowers. I like swimming. '),
(72, 'I watches football. Mike like swimming. '),
(73, 'I like swimming. Rudi loves flowers. '),
(74, 'Rudi loves flowers. '),
(75, 'Mike like swimming. Rudi like swimming. '),
(76, 'I watches football. '),
(77, 'Rudi watches football. Mike like sports.'),
(78, 'Mike like swimming. Mike like swimming. '),
(79, 'Mike like sports. Rudi watches football.'),
(80, 'Mike like sports. Mike loves flowers. '),
(81, 'Rudi watches football. Mike like sports.'),
(82, 'I loves flowers. Mike watches football. '),
(83, 'I watches football. '),
(84, 'Rudi loves flowers. I like swimming. '),
(85, 'Mike loves flowers. I like swimming. '),
(86, 'Rudi watches football. '),
(87, 'I like sports. Mike loves flowers. '),
(88, 'Mike loves flowers. Mike loves flowers. '),
(89, 'I watches football. Rudi like swimming. '),
(90, 'Rudi like swimming. Mike loves flowers. '),
(91, 'Mike like swimming. I like sports. '),
(92, 'Mike like swimming. '),
(93, 'I watches football. I like sports. '),
(94, 'Mike like swimming. Rudi like sports. '),
(95, 'I watches football. '),
(96, 'Mike loves flowers. '),
(97, 'I like sports. Rudi watches football. '),
(98, 'I like sports. Mike watches football. '),
(99, 'Mike like swimming. Mike like sports. '),
(100, 'Mike watches football. I like sports. '),
(101, 'Rudi like sports. Rudi loves flowers. '),
(102, 'Mike like sports. Rudi loves flowers. '),
(103, 'Mike loves flowers. Mike loves flowers. '),
(104, 'Mike loves flowers. Mike loves flowers. '),
(105, 'Mike loves flowers. Mike loves flowers. '),
(106, 'Rudi like swimming. I loves flowers. '),
(107, 'Rudi watches football. '),
(108, 'Mike loves flowers. Rudi loves flowers. '),
(109, 'Rudi loves flowers. Mike like sports. '),
(110, 'I watches football. Rudi like sports. '),
(111, 'Mike loves flowers. Rudi like swimming. '),
(112, 'Mike loves flowers. Rudi like swimming. '),
(113, 'Mike loves flowers. '),
(114, 'Rudi like sports. Mike watches football.'),
(115, 'I like sports. I like swimming. '),
(116, 'Mike loves flowers. Mike like sports. '),
(117, 'I like sports. Rudi watches football. '),
(118, 'Mike watches football. Mike like sports.'),
(119, 'Rudi loves flowers. Mike loves flowers. '),
(120, 'Mike loves flowers. I watches football. '),
(121, 'Rudi loves flowers. '),
(122, 'Rudi like sports. Mike loves flowers. '),
(123, 'I loves flowers. Rudi watches football. '),
(124, 'Rudi loves flowers. Mike like sports. '),
(125, 'Mike watches football. I loves flowers. '),
(126, 'Rudi loves flowers. I watches football. '),
(127, 'I watches football. '),
(128, 'I like swimming. I watches football. '),
(129, 'Mike like sports. Mike watches football.'),
(130, 'I loves flowers. Rudi watches football. '),
(131, 'Mike like swimming. Mike like swimming. '),
(132, 'Mike watches football. Mike like sports.'),
(133, 'Mike like swimming. Rudi loves flowers. '),
(134, 'Mike loves flowers. Rudi loves flowers. '),
(135, 'Mike watches football. '),
(136, 'I like swimming. Mike loves flowers. '),
(137, 'Rudi watches football. I like swimming. '),
(138, 'Mike loves flowers. '),
(139, 'Mike loves flowers. '),
(140, 'Mike like sports. Rudi watches football.'),
(141, 'Rudi loves flowers. Rudi loves flowers. '),
(142, 'Mike watches football. '),
(143, 'Rudi like sports. Mike loves flowers. '),
(144, 'Mike like sports. Mike loves flowers. '),
(145, 'I loves flowers. Rudi like swimming. '),
(146, 'I watches football. '),
(147, 'I like swimming. Mike like swimming. '),
(148, 'Mike loves flowers. '),
(149, 'Mike watches football. '),
(150, 'Mike loves flowers. Mike loves flowers. '),
(151, 'I loves flowers. Rudi watches football. '),
(152, 'I watches football. '),
(153, 'I like sports. Rudi loves flowers. '),
(154, 'I loves flowers. Rudi watches football. '),
(155, 'Mike like swimming. I watches football. '),
(156, 'I watches football. Mike loves flowers. '),
(157, 'Mike like sports. '),
(158, 'Mike watches football. Mike like sports.'),
(159, 'Mike loves flowers. I watches football. '),
(160, 'I loves flowers. Mike like swimming. '),
(161, 'Mike watches football. '),
(162, 'Rudi like sports. I like swimming. '),
(163, 'I watches football. '),
(164, 'I loves flowers. '),
(165, 'I like sports. Rudi loves flowers. '),
(166, 'Mike loves flowers. I watches football. '),
(167, 'Rudi like sports. Rudi like swimming. '),
(168, 'I like swimming. Mike like swimming. '),
(169, 'Mike watches football. Mike like sports.'),
(170, 'Rudi like swimming. I loves flowers. '),
(171, 'Mike watches football. Mike like sports.'),
(172, 'I loves flowers. '),
(173, 'Mike loves flowers. I watches football. '),
(174, 'Rudi watches football. I loves flowers. '),
(175, 'Mike loves flowers. I watches football. '),
(176, 'Mike watches football. '),
(177, 'Rudi like swimming. '),
(178, 'I like swimming. Mike watches football. '),
(179, 'Rudi like sports. Mike loves flowers. '),
(180, 'Mike like sports. Mike watches football.'),
(181, 'Mike like sports. Rudi watches football.'),
(182, 'I like swimming. Mike loves flowers. '),
(183, 'Mike watches football. I like swimming. '),
(184, 'I watches football. I loves flowers. '),
(185, 'I watches football. I like sports. '),
(186, 'Mike loves flowers. I watches football. '),
(187, 'Mike like swimming. '),
(188, 'Mike like sports. I watches football. '),
(189, 'Mike loves flowers. Rudi like swimming. '),
(190, 'Rudi like swimming. I watches football. '),
(191, 'Mike loves flowers. Rudi like swimming. '),
(192, 'Rudi loves flowers. Mike loves flowers. '),
(193, 'Mike watches football. '),
(194, 'Rudi watches football. Rudi like sports.'),
(195, 'Rudi loves flowers. I watches football. '),
(196, 'Rudi like swimming. Mike loves flowers. '),
(197, 'Rudi loves flowers. Rudi like swimming. '),
(198, 'I like sports. Rudi watches football. '),
(199, 'Rudi loves flowers. I watches football. '),
(200, 'Mike loves flowers. I loves flowers. '),
(201, 'Mike loves flowers. Rudi loves flowers. '),
(202, 'Mike watches football. '),
(203, 'Mike loves flowers. '),
(204, 'I watches football. Mike like swimming. '),
(205, 'Mike loves flowers. Rudi like swimming. '),
(206, 'Mike watches football. I like sports. '),
(207, 'Rudi loves flowers. I like sports. '),
(208, 'I like sports. Mike like swimming. '),
(209, 'I watches football. I loves flowers. '),
(210, 'Rudi loves flowers. Mike loves flowers. '),
(211, 'Rudi watches football. I loves flowers. '),
(212, 'I like sports. Mike loves flowers. '),
(213, 'Mike watches football. I loves flowers. '),
(214, 'I loves flowers. Rudi watches football. '),
(215, 'Mike watches football. '),
(216, 'Rudi loves flowers. I like sports. '),
(217, 'I like sports. Mike loves flowers. '),
(218, 'I like sports. '),
(219, 'Rudi loves flowers. '),
(220, 'Mike like swimming. Mike like sports. '),
(221, 'I watches football. Rudi loves flowers. '),
(222, 'Mike loves flowers. I like swimming. '),
(223, 'Mike like swimming. Rudi loves flowers. '),
(224, 'I loves flowers. Rudi loves flowers. '),
(225, 'Rudi loves flowers. Rudi like sports. '),
(226, 'Mike watches football. Mike like sports.'),
(227, 'Mike like sports. Mike like sports. '),
(228, 'Rudi loves flowers. I watches football. '),
(229, 'Rudi like swimming. Rudi like sports. '),
(230, 'Mike like swimming. Mike like swimming. '),
(231, 'Mike like sports. I watches football. '),
(232, 'I loves flowers. I loves flowers. '),
(233, 'Mike loves flowers. Rudi like sports. '),
(234, 'Mike watches football. '),
(235, 'Mike like sports. Mike like swimming. '),
(236, 'I watches football. I loves flowers. '),
(237, 'Mike like sports. '),
(238, 'Mike watches football. '),
(239, 'Rudi watches football. '),
(240, 'I watches football. Rudi like sports. '),
(241, 'Mike like swimming. I watches football. '),
(242, 'Mike loves flowers. Mike loves flowers. '),
(243, 'Mike like sports. '),
(244, 'Mike like swimming. Mike loves flowers. '),
(245, 'Mike watches football. '),
(246, 'I watches football. Rudi like sports. '),
(247, 'Mike watches football. I loves flowers. '),
(248, 'Mike like swimming. I loves flowers. '),
(249, 'Mike watches football. Mike like sports.'),
(250, 'I like swimming. Mike loves flowers. '),
(251, 'I loves flowers. I watches football. '),
(252, 'I loves flowers. I loves flowers. '),
(253, 'Mike loves flowers. '),
(254, 'Mike watches football. Mike like sports.'),
(255, 'Rudi watches football. Mike like sports.'),
(256, 'Rudi loves flowers. Rudi loves flowers. '),
(257, 'Mike loves flowers. '),
(258, 'Mike loves flowers. I like swimming. '),
(259, 'Mike loves flowers. Mike like sports. '),
(260, 'Rudi watches football. '),
(261, 'Mike like sports. Rudi watches football.'),
(262, 'I like sports. Rudi watches football. '),
(263, 'Rudi watches football. '),
(264, 'I like sports. Mike watches football. '),
(265, 'Mike loves flowers. I watches football. '),
(267, 'Mike like sports. Rudi watches football.'),
(268, 'Mike like sports. Rudi watches football.'),
(269, 'Mike watches football. '),
(270, 'Rudi loves flowers. I watches football. '),
(271, 'Rudi loves flowers. Rudi loves flowers. '),
(272, 'I loves flowers. Rudi watches football. '),
(273, 'Mike like swimming. Mike loves flowers. '),
(274, 'Mike like swimming. I like swimming. '),
(275, 'Rudi like sports. Rudi loves flowers. '),
(276, 'Mike loves flowers. I watches football. '),
(277, 'I watches football. I watches football. '),
(278, 'Rudi watches football. I loves flowers. '),
(279, 'I loves flowers. '),
(280, 'Rudi like sports. Rudi loves flowers. '),
(281, 'I loves flowers. I watches football. '),
(282, 'Mike loves flowers. Rudi loves flowers. '),
(283, 'I like sports. '),
(284, 'Rudi like swimming. I loves flowers. '),
(285, 'Mike loves flowers. I like swimming. '),
(286, 'I loves flowers. I watches football. '),
(287, 'Mike watches football. I loves flowers. '),
(288, 'I like sports. Rudi watches football. '),
(289, 'Rudi watches football. '),
(290, 'Rudi watches football. '),
(291, 'I loves flowers. I loves flowers. '),
(292, 'I watches football. I watches football. '),
(293, 'I watches football. Mike like swimming. '),
(294, 'Mike watches football. Rudi like sports.'),
(295, 'Mike loves flowers. Mike like swimming. '),
(296, 'I like swimming. I like sports. '),
(297, 'I watches football. '),
(298, 'Mike watches football. '),
(299, 'Mike loves flowers. Mike like sports. '),
(300, 'I watches football. Mike like sports. '),
(301, 'Mike like swimming. I watches football. '),
(302, 'Mike like sports. Rudi like swimming. '),
(303, 'Mike like sports. '),
(304, 'I like swimming. '),
(305, 'I like sports. Mike watches football. '),
(306, 'Mike watches football. I loves flowers. '),
(307, 'Mike loves flowers. Rudi loves flowers. '),
(308, 'Mike watches football. '),
(309, 'Mike like sports. Mike watches football.'),
(310, 'Mike like sports. Rudi like swimming. '),
(311, 'Rudi like sports. Rudi watches football.'),
(312, 'Mike loves flowers. I loves flowers. '),
(313, 'I loves flowers. Rudi like swimming. '),
(314, 'Mike watches football. Mike like sports.'),
(315, 'I watches football. Rudi loves flowers. '),
(316, 'Rudi watches football. '),
(317, 'Mike watches football. Mike like sports.'),
(318, 'Mike loves flowers. Rudi like sports. '),
(319, 'Mike watches football. Mike like sports.'),
(320, 'Rudi loves flowers. I watches football. '),
(321, 'I like sports. '),
(322, 'Mike loves flowers. Rudi loves flowers. '),
(323, 'Rudi like sports. '),
(324, 'Mike loves flowers. Rudi like swimming. '),
(325, 'Rudi like swimming. I like sports. '),
(326, 'Mike loves flowers. Rudi loves flowers. '),
(327, 'I loves flowers. Mike loves flowers. '),
(328, 'Rudi like swimming. '),
(329, 'Mike loves flowers. Rudi loves flowers. '),
(330, 'I watches football. Rudi loves flowers. '),
(331, 'I loves flowers. Rudi loves flowers. '),
(332, 'Mike like sports. Mike like sports. '),
(333, 'Rudi loves flowers. '),
(334, 'Mike like swimming. Mike loves flowers. '),
(335, 'I like sports. Mike loves flowers. '),
(336, 'Mike watches football. Rudi like sports.'),
(337, 'I loves flowers. Mike like swimming. ');

-- --------------------------------------------------------

--
-- Structure de la table `playlist`
--

CREATE TABLE `playlist` (
  `id` int(10) UNSIGNED NOT NULL,
  `titulo` varchar(50) NOT NULL,
  `eliminada` tinyint(1) NOT NULL
) ENGINE=InnoDB DEFAULT CHARSET=utf8mb4 COLLATE=utf8mb4_general_ci;

--
-- Déchargement des données de la table `playlist`
--

INSERT INTO `playlist` (`id`, `titulo`, `eliminada`) VALUES
(1, 'Mike like swimming. Mike watches football. ', 0),
(2, 'I watches football. I watches football. ', 0),
(3, 'Rudi like swimming. I loves flowers. ', 1),
(4, 'Mike watches football. Mike like sports. ', 0),
(5, 'Mike watches football. Mike like swimming. ', 0),
(6, 'Rudi watches football. Mike watches football. ', 0),
(7, 'I like sports. Rudi loves flowers. ', 1),
(8, 'Mike loves flowers. Mike watches football. ', 1),
(9, 'I watches football. I loves flowers. ', 0),
(10, 'Mike watches football. Mike watches football. ', 0),
(11, 'Mike watches football. Rudi loves flowers. ', 1),
(12, 'I loves flowers. Rudi watches football. ', 0),
(13, 'Mike watches football. I like swimming. ', 0),
(14, 'I watches football. Rudi loves flowers. ', 1),
(15, 'Mike like sports. ', 1),
(16, 'I watches football. Rudi loves flowers. ', 1),
(17, 'Mike like sports. Mike watches football. ', 0),
(18, 'Mike watches football. I loves flowers. ', 0),
(19, 'I watches football. Rudi like sports. ', 1),
(20, 'Mike like sports. Mike loves flowers. ', 1),
(21, 'Mike watches football. I like swimming. ', 0),
(22, 'I loves flowers. Mike like sports. ', 0),
(23, 'Mike watches football. Mike watches football. ', 1),
(24, 'Rudi like sports. Rudi like swimming. ', 1),
(25, 'Mike loves flowers. I watches football. ', 0),
(26, 'Mike watches football. Mike watches football. ', 1),
(27, 'I watches football. I watches football. ', 0),
(28, 'Mike loves flowers. Mike watches football. ', 0),
(29, 'Mike loves flowers. Mike watches football. ', 1),
(30, 'Rudi watches football. I watches football. ', 0),
(31, 'Mike loves flowers. Rudi loves flowers. ', 0),
(32, 'I like sports. ', 0),
(33, 'I watches football. ', 1),
(34, 'I loves flowers. Rudi watches football. ', 1),
(35, 'Rudi watches football. ', 1),
(36, 'Mike like swimming. Mike watches football. ', 0),
(37, 'I like sports. Rudi like sports. ', 1),
(38, 'I watches football. ', 0),
(39, 'Mike watches football. ', 1),
(40, 'Mike loves flowers. Rudi watches football. ', 1),
(41, 'I loves flowers. Mike like swimming. ', 1),
(42, 'Mike like sports. ', 1),
(43, 'I watches football. ', 1),
(44, 'Mike loves flowers. Rudi watches football. ', 1),
(45, 'Mike like swimming. Rudi watches football. ', 1),
(46, 'Mike watches football. ', 1),
(47, 'Mike like sports. Mike loves flowers. ', 0),
(48, 'Mike loves flowers. Mike like sports. ', 0),
(49, 'Rudi watches football. ', 1),
(50, 'Rudi loves flowers. Rudi watches football. ', 0),
(51, 'Rudi loves flowers. Mike like swimming. ', 0),
(52, 'Rudi loves flowers. ', 1),
(53, 'Mike watches football. Mike watches football. ', 1),
(54, 'I loves flowers. Rudi watches football. ', 1),
(55, 'Mike loves flowers. I loves flowers. ', 1),
(56, 'Rudi like sports. Mike like swimming. ', 0),
(57, 'I watches football. I watches football. ', 1),
(58, 'Rudi loves flowers. Rudi like sports. ', 1),
(59, 'I like swimming. I like swimming. ', 0),
(60, 'Rudi like swimming. Rudi like sports. ', 0),
(61, 'Mike like swimming. Mike like swimming. ', 1),
(62, 'I watches football. Rudi watches football. ', 0),
(63, 'Rudi like swimming. Rudi watches football. ', 0),
(64, 'Mike loves flowers. Mike watches football. ', 1),
(65, 'Mike loves flowers. Rudi loves flowers. ', 0),
(66, 'Mike loves flowers. I watches football. ', 1),
(67, 'Rudi watches football. I loves flowers. ', 1),
(68, 'Mike watches football. ', 1),
(69, 'Mike watches football. ', 0),
(70, 'Mike watches football. Rudi watches football. ', 1),
(71, 'Rudi watches football. Mike watches football. ', 0),
(72, 'Rudi like swimming. ', 0),
(73, 'Rudi like swimming. I loves flowers. ', 0),
(74, 'I like sports. Rudi watches football. ', 0),
(75, 'Mike watches football. Rudi loves flowers. ', 1),
(76, 'Mike loves flowers. Mike watches football. ', 0),
(77, 'Mike loves flowers. Mike watches football. ', 1),
(78, 'Mike like swimming. Rudi loves flowers. ', 0),
(79, 'Mike loves flowers. Rudi watches football. ', 1),
(80, 'I like sports. Rudi watches football. ', 1),
(81, 'Rudi like swimming. Rudi like sports. ', 0),
(82, 'Rudi watches football. I like swimming. ', 1),
(83, 'I like swimming. Mike watches football. ', 0),
(84, 'Rudi like sports. Rudi like swimming. ', 1),
(85, 'Mike watches football. Rudi loves flowers. ', 0),
(86, 'Rudi loves flowers. I watches football. ', 0),
(87, 'Mike loves flowers. Rudi like swimming. ', 0),
(88, 'Rudi like sports. Rudi like sports. ', 1),
(89, 'Mike watches football. Rudi watches football. ', 0),
(90, 'Mike watches football. Mike watches football. ', 1),
(91, 'Mike watches football. Mike loves flowers. ', 1),
(92, 'Rudi like swimming. Mike like sports. ', 0),
(93, 'Rudi watches football. Mike watches football. ', 1),
(94, 'Rudi watches football. ', 0),
(95, 'Mike watches football. Mike loves flowers. ', 0),
(96, 'Rudi loves flowers. Mike like sports. ', 0),
(97, 'Mike watches football. Rudi watches football. ', 0),
(98, 'Mike loves flowers. I watches football. ', 1),
(99, 'Mike watches football. Mike like sports. ', 1),
(100, 'Rudi like swimming. Mike loves flowers. ', 1);

-- --------------------------------------------------------

--
-- Structure de la table `playlistcompartidausario`
--

CREATE TABLE `playlistcompartidausario` (
  `id_compartida` int(10) UNSIGNED NOT NULL,
  `id_usari` int(10) UNSIGNED NOT NULL
) ENGINE=InnoDB DEFAULT CHARSET=utf8mb4 COLLATE=utf8mb4_general_ci;

--
-- Déchargement des données de la table `playlistcompartidausario`
--

INSERT INTO `playlistcompartidausario` (`id_compartida`, `id_usari`) VALUES
(1, 1),
(34, 1),
(54, 1),
(75, 1),
(87, 1),
(31, 3),
(66, 3),
(72, 3),
(58, 4),
(75, 4),
(5, 5),
(61, 5),
(65, 5),
(5, 6),
(18, 6),
(26, 6),
(31, 6),
(42, 6),
(74, 6),
(23, 9),
(62, 9),
(90, 9),
(84, 10),
(15, 11),
(41, 11),
(74, 11),
(90, 11),
(51, 12),
(53, 12),
(73, 12),
(38, 13),
(72, 14),
(84, 15),
(91, 15),
(12, 16),
(21, 16),
(30, 16),
(72, 16),
(1, 17),
(15, 17),
(55, 17),
(28, 18),
(67, 18),
(69, 18),
(3, 19),
(20, 19),
(58, 19),
(75, 20),
(78, 20),
(84, 20),
(22, 21),
(26, 21),
(31, 21),
(15, 22),
(26, 22),
(37, 22),
(51, 22),
(62, 22),
(63, 22),
(47, 23),
(12, 24),
(20, 24),
(47, 24),
(31, 25),
(62, 25),
(73, 25),
(22, 26),
(6, 27),
(9, 27),
(64, 27),
(65, 27),
(72, 27),
(82, 27),
(31, 28),
(45, 28),
(49, 30),
(86, 30),
(9, 31),
(87, 31),
(10, 32),
(52, 32),
(77, 32),
(35, 33),
(62, 33),
(98, 33),
(8, 35),
(50, 35),
(63, 35),
(17, 36),
(24, 36),
(42, 36),
(48, 36),
(55, 36),
(69, 36),
(17, 38),
(19, 38),
(32, 38),
(42, 38),
(93, 38),
(21, 39),
(33, 39),
(48, 39),
(15, 41),
(46, 41),
(75, 41),
(77, 41),
(20, 42),
(38, 42),
(73, 43),
(9, 44),
(34, 44),
(82, 44),
(89, 45),
(23, 47),
(56, 47),
(69, 47),
(95, 47),
(13, 48),
(32, 48),
(2, 49),
(56, 49),
(5, 50),
(33, 50),
(38, 50),
(6, 51),
(8, 51),
(28, 51),
(32, 51),
(71, 51),
(73, 51),
(10, 52),
(22, 52),
(42, 52),
(92, 52),
(5, 53),
(28, 54),
(34, 54),
(9, 55),
(61, 55),
(94, 55),
(25, 56),
(20, 57),
(39, 57),
(71, 57),
(54, 58),
(68, 58),
(93, 58),
(97, 58),
(98, 58),
(2, 59),
(64, 59),
(76, 59),
(79, 59),
(28, 60),
(59, 60),
(64, 60),
(69, 60),
(30, 61),
(76, 62),
(79, 62),
(95, 64),
(36, 65),
(53, 65),
(61, 65),
(99, 65),
(18, 67),
(28, 67),
(29, 67),
(40, 68),
(3, 69),
(32, 69),
(36, 69),
(86, 69),
(89, 69),
(54, 70),
(57, 70),
(14, 72),
(21, 72),
(57, 72),
(74, 72),
(1, 74),
(5, 74),
(31, 74),
(57, 74),
(73, 74),
(90, 74),
(91, 74),
(1, 75),
(26, 75),
(51, 75),
(86, 75),
(99, 75),
(33, 76),
(69, 76),
(96, 76),
(52, 77),
(14, 78),
(23, 78),
(80, 78),
(26, 79),
(53, 79),
(57, 79),
(58, 79),
(98, 79),
(100, 79),
(22, 80),
(35, 80),
(50, 80),
(71, 80),
(72, 80),
(64, 83),
(71, 83),
(5, 84),
(88, 84),
(99, 84),
(2, 85),
(98, 85),
(79, 87),
(84, 87),
(85, 87),
(95, 87),
(3, 88),
(10, 88),
(26, 88),
(38, 88),
(3, 89),
(18, 89),
(97, 89),
(11, 90),
(12, 90),
(70, 90),
(75, 90),
(86, 90),
(94, 90),
(32, 91),
(90, 91),
(13, 92),
(7, 93),
(37, 93),
(52, 94),
(100, 94),
(1, 95),
(36, 95),
(2, 96),
(3, 96),
(19, 96),
(36, 96),
(54, 96),
(78, 96),
(79, 96),
(68, 97),
(72, 97),
(95, 97),
(1, 99),
(9, 99),
(59, 99),
(35, 100),
(74, 100),
(24, 101),
(54, 101),
(82, 101),
(94, 101),
(34, 102),
(18, 103),
(29, 103),
(36, 103),
(76, 103),
(97, 105),
(3, 106),
(68, 106),
(69, 106),
(27, 107),
(60, 107),
(94, 107),
(97, 107),
(8, 108),
(48, 110),
(49, 110),
(83, 110),
(99, 110),
(49, 112),
(92, 112),
(93, 112),
(32, 113),
(77, 114),
(80, 114),
(6, 115),
(33, 115),
(61, 115),
(82, 116),
(88, 116),
(99, 116),
(1, 117),
(43, 117),
(59, 117),
(5, 118),
(42, 118),
(61, 118),
(2, 119),
(27, 119),
(40, 119),
(60, 119),
(97, 119),
(98, 119),
(62, 120),
(45, 121),
(69, 121),
(3, 122),
(19, 122),
(55, 122),
(100, 122),
(32, 123),
(66, 123),
(32, 124),
(49, 124),
(54, 124),
(71, 126),
(95, 126),
(31, 127),
(88, 127),
(99, 127),
(37, 128),
(55, 128),
(75, 128),
(39, 129),
(81, 129),
(95, 129),
(8, 130),
(60, 130),
(85, 130),
(1, 132),
(78, 132),
(98, 132),
(42, 133),
(62, 133),
(75, 133),
(86, 133);

-- --------------------------------------------------------

--
-- Structure de la table `premium`
--

CREATE TABLE `premium` (
  `id` int(10) UNSIGNED NOT NULL
) ENGINE=InnoDB DEFAULT CHARSET=utf8mb4 COLLATE=utf8mb4_general_ci;

--
-- Déchargement des données de la table `premium`
--

INSERT INTO `premium` (`id`) VALUES
(1),
(3),
(4),
(5),
(6),
(9),
(10),
(11),
(12),
(13),
(14),
(15),
(16),
(17),
(18),
(19),
(20),
(21),
(22),
(23),
(24),
(25),
(26),
(27),
(28),
(30),
(31),
(32),
(33),
(35),
(36),
(38),
(39),
(41),
(42),
(43),
(44),
(45),
(47),
(48),
(49),
(50),
(51),
(52),
(53),
(54),
(55),
(56),
(57),
(58),
(59),
(60),
(61),
(62),
(64),
(65),
(67),
(68),
(69),
(70),
(72),
(73),
(74),
(75),
(76),
(77),
(78),
(79),
(80),
(83),
(84),
(85),
(87),
(88),
(89),
(90),
(91),
(92),
(93),
(94),
(95),
(96),
(97),
(99),
(100),
(101),
(102),
(103),
(105),
(106),
(107),
(108),
(110),
(111),
(112),
(113),
(114),
(115),
(116),
(117),
(118),
(119),
(120),
(121),
(122),
(123),
(124),
(126),
(127),
(128),
(129),
(130),
(131),
(132),
(133);

-- --------------------------------------------------------

--
-- Structure de la table `publicacio`
--

CREATE TABLE `publicacio` (
  `id_album` int(10) UNSIGNED NOT NULL,
  `id_artista` int(10) UNSIGNED NOT NULL
) ENGINE=InnoDB DEFAULT CHARSET=utf8mb4 COLLATE=utf8mb4_general_ci;

--
-- Déchargement des données de la table `publicacio`
--

INSERT INTO `publicacio` (`id_album`, `id_artista`) VALUES
(1, 71),
(1, 94),
(1, 115),
(2, 16),
(2, 59),
(2, 71),
(2, 85),
(2, 94),
(3, 67),
(3, 86),
(3, 121),
(7, 105),
(9, 49),
(9, 52),
(12, 92),
(13, 34),
(13, 129),
(14, 27),
(14, 31),
(16, 32),
(17, 89),
(18, 23),
(18, 89),
(21, 47),
(21, 76),
(22, 15),
(22, 22),
(24, 39),
(26, 65),
(27, 6),
(27, 64),
(28, 37),
(30, 19),
(31, 15),
(33, 50),
(34, 78),
(37, 55),
(38, 7),
(38, 21),
(38, 77),
(41, 54),
(41, 65),
(42, 65),
(42, 102),
(44, 25),
(45, 6),
(45, 37),
(45, 121),
(46, 46),
(46, 48),
(47, 1),
(48, 52),
(49, 33),
(49, 99),
(52, 94),
(53, 64),
(54, 21),
(54, 48),
(56, 128),
(57, 66),
(57, 117),
(59, 37),
(59, 51),
(59, 133),
(63, 27),
(69, 23),
(69, 24),
(70, 108),
(71, 30),
(71, 36),
(71, 123),
(72, 108),
(73, 73),
(76, 64),
(77, 68),
(78, 15),
(78, 127),
(80, 45),
(81, 77),
(83, 4),
(83, 68),
(83, 69),
(86, 129),
(88, 55),
(88, 113),
(89, 21),
(89, 24),
(89, 118),
(90, 8),
(91, 21),
(92, 27),
(94, 2),
(99, 17),
(100, 96),
(101, 17),
(101, 36),
(101, 60),
(101, 88),
(103, 49),
(104, 2),
(104, 15),
(104, 27),
(105, 10),
(105, 24),
(105, 41),
(106, 69),
(106, 97),
(109, 1),
(109, 127),
(112, 39),
(113, 19),
(113, 132),
(114, 62),
(114, 86),
(114, 95),
(115, 59),
(120, 128),
(121, 27),
(121, 100),
(123, 13),
(124, 19),
(125, 72),
(125, 88),
(125, 133),
(126, 28),
(127, 1),
(127, 31),
(128, 126),
(129, 67),
(131, 71),
(134, 38),
(135, 55),
(136, 45),
(136, 125),
(136, 128),
(138, 58),
(138, 104),
(139, 58),
(139, 106),
(139, 131),
(140, 72),
(140, 85),
(140, 114),
(140, 117),
(141, 80),
(141, 93),
(141, 108),
(141, 125),
(142, 77),
(142, 121);

-- --------------------------------------------------------

--
-- Structure de la table `recuperacio`
--

CREATE TABLE `recuperacio` (
  `id` int(10) UNSIGNED NOT NULL,
  `dataHora` datetime NOT NULL,
  `id_eliminacio` int(10) UNSIGNED NOT NULL,
  `id_usari` int(10) UNSIGNED NOT NULL
) ENGINE=InnoDB DEFAULT CHARSET=utf8mb4 COLLATE=utf8mb4_general_ci;

--
-- Déchargement des données de la table `recuperacio`
--

INSERT INTO `recuperacio` (`id`, `dataHora`, `id_eliminacio`, `id_usari`) VALUES
(1, '2008-09-24 11:02:02', 24, 100),
(2, '2008-02-06 17:33:22', 195, 76),
(3, '2008-05-30 01:08:58', 162, 12),
(4, '2008-05-29 01:57:02', 4, 110),
(5, '2008-03-16 23:34:00', 62, 11),
(6, '2008-01-14 05:17:28', 186, 78),
(7, '2008-05-01 17:35:10', 80, 105),
(8, '2008-08-29 02:29:21', 8, 78),
(9, '2008-12-20 03:46:02', 186, 31),
(10, '2008-09-17 02:08:12', 128, 116),
(11, '2008-01-03 04:43:59', 148, 90),
(12, '2008-02-25 20:38:04', 127, 49),
(13, '2008-12-18 16:10:57', 114, 110),
(14, '2008-02-28 08:44:00', 35, 11),
(15, '2008-12-09 22:46:37', 200, 5),
(16, '2008-07-21 17:58:14', 203, 56),
(17, '2008-12-12 15:09:35', 38, 111),
(18, '2008-11-29 08:47:18', 130, 19),
(19, '2008-12-08 22:19:44', 198, 127),
(20, '2008-06-27 05:34:31', 152, 117),
(21, '2008-05-25 07:46:44', 224, 21),
(22, '2008-11-30 11:14:57', 208, 96),
(23, '2008-05-07 03:35:53', 17, 122),
(24, '2008-02-28 06:38:19', 171, 78),
(25, '2008-04-17 13:59:48', 193, 133),
(26, '2008-05-15 00:19:05', 135, 6),
(27, '2008-07-04 07:57:07', 76, 74),
(28, '2008-11-12 08:26:34', 28, 19),
(29, '2008-02-12 09:39:15', 103, 131),
(30, '2008-07-16 07:51:23', 198, 65),
(31, '2008-10-08 23:23:12', 26, 22),
(32, '2008-08-01 11:10:48', 84, 74),
(33, '2008-08-29 11:29:49', 221, 75),
(34, '2008-01-16 10:32:54', 106, 62),
(35, '2008-02-27 07:51:51', 44, 14),
(36, '2008-10-05 17:33:01', 31, 111),
(37, '2008-05-18 09:07:35', 119, 59),
(38, '2008-08-16 07:58:29', 59, 55),
(39, '2008-02-21 02:40:30', 121, 56),
(40, '2008-11-17 18:26:43', 115, 12),
(41, '2008-09-11 07:25:22', 177, 39),
(42, '2008-06-13 17:43:05', 107, 124),
(43, '2008-10-21 16:07:14', 193, 23),
(44, '2008-01-02 17:37:28', 50, 100),
(45, '2008-01-02 19:08:27', 114, 67),
(46, '2008-11-07 21:11:43', 18, 16),
(47, '2008-07-10 10:13:08', 79, 127),
(48, '2008-01-09 12:42:13', 58, 17),
(49, '2008-09-29 06:09:34', 223, 120),
(50, '2008-09-14 23:48:26', 48, 44),
(51, '2008-02-21 22:31:37', 46, 73),
(52, '2008-04-10 14:51:45', 143, 75),
(53, '2008-06-25 06:30:03', 140, 77),
(54, '2008-01-28 13:12:22', 180, 52),
(55, '2008-07-18 06:22:08', 218, 35),
(56, '2008-08-11 10:26:09', 24, 50),
(57, '2008-07-30 04:14:53', 130, 94),
(58, '2008-12-15 11:06:40', 95, 19),
(59, '2008-03-15 22:57:36', 126, 129),
(60, '2008-04-10 06:25:21', 220, 15),
(61, '2008-08-16 02:37:40', 17, 47),
(62, '2008-03-10 13:44:09', 196, 57),
(63, '2008-03-08 13:28:00', 59, 35),
(64, '2008-01-01 10:24:23', 220, 48),
(65, '2008-01-04 20:51:05', 67, 57),
(66, '2008-09-07 03:05:47', 6, 60),
(67, '2008-02-28 21:36:15', 208, 18),
(68, '2008-06-26 22:18:15', 15, 31),
(69, '2008-03-06 03:02:00', 8, 102),
(70, '2008-06-27 09:19:53', 101, 11),
(71, '2008-07-16 17:50:51', 178, 62),
(72, '2008-02-16 06:50:03', 63, 27),
(73, '2008-12-22 09:09:27', 207, 23),
(74, '2008-02-17 14:45:10', 43, 33),
(75, '2008-03-30 18:49:35', 152, 60),
(76, '2008-03-16 10:55:38', 8, 57),
(77, '2008-05-24 08:28:17', 114, 39),
(78, '2008-11-05 11:14:19', 68, 51),
(79, '2008-03-20 14:24:59', 78, 68),
(80, '2008-05-28 18:03:15', 80, 61),
(81, '2008-06-07 01:44:52', 121, 69),
(82, '2008-12-13 14:23:35', 31, 73),
(83, '2008-03-26 07:02:25', 181, 68),
(84, '2008-07-09 13:31:26', 183, 74),
(85, '2008-11-21 15:57:29', 131, 47),
(86, '2008-05-21 16:36:27', 90, 95),
(87, '2008-01-14 23:39:47', 5, 44),
(88, '2008-04-09 06:08:58', 142, 49),
(89, '2008-08-04 18:27:31', 14, 114),
(90, '2008-02-11 06:01:02', 194, 41),
(91, '2008-08-27 18:02:41', 91, 10),
(92, '2008-03-24 16:47:47', 66, 126),
(93, '2008-02-13 19:39:57', 66, 121),
(94, '2008-12-28 23:41:31', 73, 114),
(95, '2008-08-26 18:21:19', 137, 100),
(96, '2008-08-02 12:36:19', 177, 123),
(97, '2008-12-26 05:17:28', 153, 76),
(98, '2008-12-18 03:05:39', 128, 126),
(99, '2008-03-16 14:58:54', 95, 30),
(100, '2008-04-07 00:07:25', 196, 17),
(101, '2008-05-17 01:55:15', 161, 9),
(102, '2008-05-12 18:40:41', 12, 100),
(103, '2008-06-18 13:03:51', 87, 15),
(104, '2008-11-17 11:07:07', 133, 122),
(105, '2008-05-02 01:25:54', 42, 76),
(106, '2008-04-16 08:47:28', 192, 33),
(107, '2008-06-11 04:10:40', 47, 79),
(108, '2008-01-19 18:55:20', 216, 25),
(109, '2008-07-03 11:19:36', 40, 39),
(110, '2008-03-08 03:13:00', 14, 6),
(111, '2008-12-31 14:02:48', 44, 96),
(112, '2008-08-21 01:16:00', 25, 56),
(113, '2008-08-18 16:28:34', 215, 127),
(114, '2008-04-11 16:24:04', 46, 78),
(115, '2008-11-28 20:47:08', 107, 12),
(116, '2008-05-04 17:35:49', 207, 41),
(117, '2008-07-04 18:17:05', 138, 35),
(118, '2008-04-07 05:41:42', 182, 94),
(119, '2008-06-28 19:54:26', 111, 115),
(120, '2008-02-12 15:49:53', 214, 23),
(121, '2008-06-05 21:26:23', 224, 67),
(122, '2008-02-20 00:55:07', 190, 33),
(123, '2008-04-22 17:17:17', 183, 20),
(124, '2008-07-18 19:50:56', 169, 36),
(125, '2008-09-19 11:57:33', 117, 88),
(126, '2008-06-29 23:44:11', 118, 13),
(127, '2008-12-18 04:50:57', 147, 89),
(128, '2008-01-06 14:08:10', 30, 42),
(129, '2008-03-17 15:11:01', 182, 92),
(130, '2008-05-11 08:24:28', 57, 39),
(131, '2008-03-04 03:32:49', 54, 102),
(132, '2008-03-29 16:55:46', 25, 128),
(133, '2008-07-19 20:59:54', 5, 22),
(134, '2008-10-20 04:21:49', 70, 20),
(135, '2008-07-22 06:14:03', 142, 60),
(136, '2008-02-10 03:50:37', 71, 44),
(137, '2008-08-03 02:22:27', 25, 54),
(138, '2008-07-08 20:01:24', 99, 85),
(139, '2008-10-15 19:15:02', 97, 21),
(140, '2008-07-11 17:45:38', 34, 83),
(141, '2008-09-12 19:04:26', 145, 1),
(142, '2008-05-11 17:43:18', 103, 53),
(143, '2008-03-15 20:31:05', 24, 120),
(144, '2008-06-10 22:14:17', 119, 19),
(145, '2008-04-03 06:07:27', 166, 120),
(146, '2008-09-13 00:13:58', 218, 43),
(147, '2008-10-11 16:13:00', 123, 39),
(148, '2008-03-04 18:40:31', 148, 9),
(149, '2008-03-23 07:35:47', 4, 101),
(150, '2008-09-13 00:12:42', 48, 44),
(151, '2008-12-25 18:34:40', 198, 129),
(152, '2008-12-05 23:05:19', 124, 5),
(153, '2008-10-21 01:59:07', 90, 24),
(154, '2008-09-27 10:00:51', 53, 129),
(155, '2008-11-02 01:11:24', 48, 95),
(156, '2008-02-02 22:50:50', 7, 49),
(157, '2008-02-29 15:42:04', 105, 114),
(158, '2008-06-09 01:19:13', 54, 114),
(159, '2008-08-21 06:46:39', 173, 118),
(160, '2008-04-27 08:46:12', 88, 49),
(161, '2008-01-04 03:57:04', 10, 84),
(162, '2008-08-27 11:28:39', 71, 113),
(163, '2008-08-18 23:22:18', 163, 11),
(164, '2008-05-16 10:19:09', 89, 13),
(165, '2008-03-17 01:52:41', 93, 121),
(166, '2008-11-29 05:24:46', 38, 62),
(167, '2008-11-18 04:03:28', 207, 20),
(168, '2008-04-21 07:24:30', 7, 13),
(169, '2008-09-15 17:40:33', 52, 1),
(170, '2008-10-22 18:35:13', 203, 113),
(171, '2008-09-21 17:05:46', 170, 60),
(172, '2008-06-05 08:51:47', 128, 57),
(173, '2008-07-05 10:23:07', 123, 25),
(174, '2008-01-21 03:11:21', 199, 84),
(175, '2008-12-27 05:42:16', 21, 4),
(176, '2008-02-21 01:22:03', 30, 48),
(177, '2008-02-26 01:06:53', 140, 62),
(178, '2008-08-06 07:20:52', 198, 113),
(179, '2008-09-17 00:41:18', 40, 49),
(180, '2008-12-12 15:43:59', 220, 90),
(181, '2008-10-28 12:50:53', 208, 3),
(182, '2008-07-05 09:27:20', 71, 17),
(183, '2008-02-15 05:19:39', 177, 58),
(184, '2008-08-27 10:30:32', 75, 30),
(185, '2008-08-13 18:18:01', 29, 19),
(186, '2008-09-16 00:02:06', 136, 113),
(187, '2008-06-25 07:40:42', 191, 100),
(188, '2008-04-07 06:41:34', 208, 113),
(189, '2008-02-06 11:12:23', 111, 97),
(190, '2008-01-24 04:20:16', 36, 31),
(191, '2008-08-13 20:00:31', 162, 64),
(192, '2008-08-04 05:12:01', 63, 50),
(193, '2008-01-11 06:00:32', 161, 36),
(194, '2008-04-13 21:44:11', 142, 50),
(195, '2008-08-04 10:12:03', 139, 55),
(196, '2008-07-11 09:33:04', 53, 120),
(197, '2008-01-27 16:27:37', 135, 127),
(198, '2008-04-04 17:59:10', 49, 99),
(199, '2008-01-28 01:26:13', 164, 130),
(200, '2008-04-12 18:09:06', 21, 17),
(201, '2008-09-05 19:33:08', 93, 10),
(202, '2008-08-23 01:41:11', 193, 17),
(203, '2008-04-12 10:32:02', 118, 92),
(204, '2008-05-09 06:43:51', 198, 102),
(205, '2008-08-09 00:23:32', 182, 110),
(206, '2008-02-26 16:17:59', 86, 38),
(207, '2008-11-06 22:14:41', 207, 108),
(208, '2008-05-14 04:43:08', 215, 25),
(209, '2008-05-09 10:59:00', 206, 91),
(210, '2008-07-25 04:35:03', 38, 49),
(211, '2008-08-07 01:23:14', 182, 110),
(212, '2008-03-29 09:15:46', 25, 39),
(213, '2008-04-16 20:44:54', 23, 26),
(214, '2008-01-07 13:08:13', 179, 62),
(215, '2008-11-16 17:40:19', 175, 47),
(216, '2008-10-29 04:24:16', 16, 19),
(217, '2008-09-29 08:29:18', 45, 99),
(218, '2008-07-16 12:16:04', 48, 83),
(219, '2008-06-03 20:40:32', 82, 49),
(220, '2008-08-22 20:53:35', 4, 75),
(221, '2008-05-17 12:05:56', 80, 60),
(222, '2008-12-21 04:56:22', 158, 95),
(223, '2008-04-09 06:02:24', 49, 11),
(224, '2008-11-11 21:51:21', 60, 42),
(225, '2008-09-24 01:46:22', 152, 38),
(226, '2008-10-16 09:50:13', 120, 54),
(227, '2008-11-20 12:09:44', 64, 88),
(228, '2008-11-04 17:50:31', 147, 38),
(229, '2008-01-16 22:53:03', 124, 101),
(230, '2008-06-08 16:38:30', 142, 12),
(231, '2008-06-16 11:26:16', 7, 19),
(232, '2008-05-03 21:44:51', 80, 15),
(233, '2008-11-11 14:45:28', 44, 133),
(234, '2008-04-19 10:31:28', 35, 60),
(235, '2008-11-26 01:30:00', 73, 64),
(236, '2008-01-31 19:04:12', 168, 92),
(237, '2008-01-23 19:53:54', 222, 102),
(238, '2008-07-23 03:12:24', 176, 110),
(239, '2008-10-06 12:23:55', 123, 127),
(240, '2008-04-05 14:29:51', 148, 13),
(241, '2008-06-05 11:55:01', 47, 123),
(242, '2008-08-06 08:17:50', 101, 15),
(243, '2008-12-31 15:49:36', 77, 65),
(244, '2008-12-20 05:43:49', 155, 99),
(245, '2008-01-23 14:44:41', 183, 99),
(246, '2008-08-18 17:03:31', 94, 9),
(247, '2008-08-02 13:14:23', 125, 77),
(248, '2008-07-21 06:51:51', 182, 61),
(249, '2008-07-26 14:06:07', 199, 61),
(250, '2008-07-17 20:23:35', 21, 73),
(251, '2008-08-30 06:14:08', 218, 129),
(252, '2008-03-14 18:50:12', 196, 14),
(253, '2008-11-28 00:33:27', 43, 23),
(254, '2008-12-31 00:09:38', 101, 31),
(255, '2008-03-31 04:07:45', 87, 95),
(256, '2008-09-16 11:02:18', 34, 47),
(257, '2008-03-31 21:43:29', 153, 131),
(258, '2008-11-16 13:41:50', 147, 128),
(259, '2008-09-15 16:02:36', 99, 48),
(260, '2008-11-08 12:58:22', 176, 121),
(261, '2008-05-03 13:32:24', 142, 6),
(262, '2008-10-11 14:25:08', 32, 78),
(263, '2008-08-10 05:49:50', 1, 90),
(264, '2008-03-20 03:54:57', 14, 53),
(265, '2008-04-25 09:40:25', 6, 44),
(266, '2008-11-17 15:02:55', 79, 11),
(267, '2008-01-09 21:57:47', 40, 61),
(268, '2008-10-31 19:13:34', 122, 110),
(269, '2008-06-14 00:39:30', 221, 111),
(270, '2008-04-06 21:33:50', 201, 76),
(271, '2008-05-15 01:28:32', 217, 35),
(272, '2008-07-30 00:50:03', 51, 1),
(273, '2008-06-18 17:21:02', 82, 6),
(274, '2008-02-17 22:18:08', 43, 123),
(275, '2008-03-05 19:53:59', 45, 27),
(276, '2008-01-16 08:20:10', 83, 106),
(277, '2008-09-04 10:03:56', 60, 77),
(278, '2008-10-28 15:35:51', 188, 5),
(279, '2008-09-18 20:35:18', 201, 96),
(280, '2008-07-30 07:07:10', 111, 118),
(281, '2008-09-29 00:45:30', 209, 18),
(282, '2008-12-01 04:08:18', 78, 55),
(283, '2008-12-06 00:14:14', 200, 94),
(284, '2008-09-22 09:23:17', 36, 61),
(285, '2008-08-03 20:37:29', 103, 62),
(286, '2008-08-23 13:21:46', 134, 55),
(287, '2008-08-23 16:00:13', 91, 97),
(288, '2008-01-04 00:21:40', 117, 11),
(289, '2008-02-10 09:32:34', 67, 17),
(290, '2008-07-18 22:20:55', 170, 10),
(291, '2008-10-10 11:07:19', 20, 80),
(292, '2008-11-01 18:12:27', 192, 103),
(293, '2008-04-22 03:08:39', 111, 60),
(294, '2008-09-29 17:43:58', 156, 120),
(295, '2008-11-18 06:10:43', 60, 42),
(296, '2008-05-15 04:26:34', 164, 100),
(297, '2008-08-18 16:26:46', 44, 33),
(298, '2008-07-22 02:30:22', 145, 129),
(299, '2008-12-05 22:24:07', 38, 20),
(300, '2008-11-17 06:56:06', 135, 28),
(301, '2008-03-12 22:43:09', 91, 31),
(302, '2008-04-03 15:22:32', 160, 132),
(303, '2008-10-03 03:48:46', 173, 122),
(304, '2008-03-29 06:53:29', 200, 108),
(305, '2008-02-27 15:37:36', 110, 48),
(306, '2008-06-04 05:38:25', 92, 130),
(307, '2008-01-16 09:29:49', 67, 58),
(308, '2008-07-25 18:05:37', 9, 12),
(309, '2008-05-18 12:49:22', 35, 110),
(310, '2008-01-19 05:00:19', 177, 55),
(311, '2008-10-14 20:34:31', 51, 101),
(312, '2008-11-24 00:13:17', 96, 133),
(313, '2008-09-17 19:48:54', 65, 91),
(314, '2008-04-16 22:44:18', 137, 84),
(315, '2008-02-10 07:38:35', 106, 65),
(316, '2008-10-18 20:47:35', 141, 49),
(317, '2008-10-05 21:34:36', 216, 102),
(318, '2008-07-11 20:28:59', 86, 100),
(319, '2008-01-11 23:07:28', 39, 11),
(320, '2008-06-01 19:30:33', 2, 133),
(321, '2008-04-25 20:17:26', 213, 116),
(322, '2008-11-10 21:36:27', 24, 106),
(323, '2008-09-01 02:34:19', 153, 17),
(324, '2008-12-09 03:31:47', 130, 64),
(325, '2008-06-05 00:52:32', 63, 88),
(326, '2008-06-21 20:04:38', 129, 56),
(327, '2008-05-26 13:29:38', 159, 105),
(328, '2008-01-23 22:31:04', 81, 56),
(329, '2008-09-29 04:12:04', 15, 44),
(330, '2008-07-19 05:48:55', 81, 121),
(331, '2008-05-13 15:50:43', 173, 106),
(332, '2008-01-28 13:22:48', 135, 38),
(333, '2008-10-06 11:49:20', 4, 79),
(334, '2008-08-26 06:39:15', 50, 39),
(335, '2008-04-28 01:19:33', 149, 60),
(336, '2008-11-10 07:16:03', 182, 120),
(337, '2008-07-06 14:43:18', 180, 25);

-- --------------------------------------------------------

--
-- Structure de la table `seguimiento`
--

CREATE TABLE `seguimiento` (
  `id_usari` int(10) UNSIGNED NOT NULL,
  `id_artista` int(10) UNSIGNED NOT NULL
) ENGINE=InnoDB DEFAULT CHARSET=utf8mb4 COLLATE=utf8mb4_general_ci;

--
-- Déchargement des données de la table `seguimiento`
--

INSERT INTO `seguimiento` (`id_usari`, `id_artista`) VALUES
(1, 71),
(1, 94),
(1, 115),
(3, 16),
(3, 59),
(3, 71),
(3, 85),
(3, 94),
(4, 67),
(4, 86),
(4, 121),
(5, 105),
(9, 49),
(9, 52),
(11, 92),
(12, 34),
(12, 129),
(13, 27),
(13, 31),
(15, 32),
(16, 23),
(16, 89),
(17, 89),
(18, 47),
(19, 76),
(20, 15),
(20, 22),
(20, 39),
(23, 65),
(24, 6),
(24, 64),
(25, 19),
(25, 37),
(27, 15),
(28, 50),
(30, 78),
(32, 55),
(33, 77),
(35, 7),
(35, 21),
(38, 54),
(38, 65),
(39, 102),
(41, 65),
(43, 6),
(43, 25),
(43, 37),
(43, 121),
(44, 46),
(44, 48),
(47, 1),
(47, 52),
(49, 33),
(49, 94),
(49, 99),
(50, 64),
(51, 21),
(52, 48),
(53, 128),
(54, 66),
(54, 117),
(56, 37),
(56, 51),
(56, 133),
(59, 27),
(62, 23),
(62, 24),
(64, 108),
(65, 30),
(65, 36),
(65, 123),
(67, 108),
(68, 73),
(72, 64),
(73, 68),
(74, 15),
(74, 127),
(75, 45),
(76, 77),
(77, 4),
(77, 68),
(77, 69),
(80, 129),
(83, 55),
(83, 113),
(84, 21),
(84, 24),
(84, 118),
(85, 8),
(85, 21),
(88, 27),
(90, 2),
(91, 17),
(92, 96),
(94, 17),
(94, 36),
(94, 60),
(94, 88),
(96, 15),
(96, 27),
(96, 49),
(97, 2),
(99, 10),
(99, 24),
(99, 41),
(100, 69),
(100, 97),
(101, 1),
(101, 127),
(105, 39),
(105, 132),
(106, 19),
(106, 95),
(107, 59),
(107, 62),
(107, 86),
(110, 128),
(111, 27),
(111, 100),
(113, 13),
(114, 19),
(116, 28),
(116, 72),
(116, 88),
(116, 133),
(117, 1),
(117, 31),
(119, 67),
(119, 126),
(121, 71),
(124, 38),
(126, 55),
(127, 45),
(127, 125),
(128, 128),
(129, 58),
(129, 104),
(130, 58),
(130, 106),
(130, 131),
(131, 85),
(131, 114),
(131, 117),
(132, 72),
(132, 80),
(132, 93),
(132, 108),
(132, 125),
(133, 77),
(133, 121);

-- --------------------------------------------------------

--
-- Structure de la table `subscripcio`
--

CREATE TABLE `subscripcio` (
  `id` int(10) UNSIGNED NOT NULL,
  `dataInici` date NOT NULL,
  `dataRenovacio` date NOT NULL,
  `id_premium` int(10) UNSIGNED NOT NULL
) ENGINE=InnoDB DEFAULT CHARSET=utf8mb4 COLLATE=utf8mb4_general_ci;

--
-- Déchargement des données de la table `subscripcio`
--

INSERT INTO `subscripcio` (`id`, `dataInici`, `dataRenovacio`, `id_premium`) VALUES
(1, '2014-08-14', '2014-08-16', 100),
(2, '2002-01-03', '2005-11-13', 76),
(3, '2008-03-14', '2018-01-11', 12),
(4, '2008-02-24', '2000-01-31', 110),
(5, '2004-02-26', '2009-12-08', 11),
(6, '2000-09-21', '2017-02-03', 78),
(7, '2006-08-27', '2019-09-19', 105),
(8, '2013-03-06', '2000-08-31', 78),
(9, '2019-05-10', '2017-02-21', 31),
(10, '2014-03-19', '2018-06-18', 116),
(11, '2000-02-14', '2019-10-01', 90),
(12, '2003-01-20', '2009-01-21', 49),
(13, '2019-04-10', '2004-07-24', 110),
(14, '2003-03-11', '2010-05-26', 11),
(15, '2018-10-18', '2001-06-30', 5),
(16, '2011-01-30', '2016-10-21', 56),
(17, '2018-12-11', '2014-11-11', 111),
(18, '2018-03-21', '2004-12-11', 19),
(19, '2018-09-28', '2018-12-28', 127),
(20, '2009-09-28', '2011-01-28', 117),
(21, '2007-12-11', '2000-08-10', 21),
(22, '2018-04-12', '2002-03-20', 96),
(23, '2006-12-13', '2013-10-31', 122),
(24, '2003-03-09', '2015-09-15', 78),
(25, '2005-11-18', '2017-01-12', 133),
(26, '2007-05-19', '2007-07-20', 6),
(27, '2010-02-16', '2001-02-18', 74),
(28, '2017-04-15', '2005-07-03', 19),
(29, '2002-04-27', '2008-03-01', 131),
(30, '2010-10-14', '2018-12-25', 65),
(31, '2015-05-30', '2007-01-18', 22),
(32, '2011-09-01', '2010-06-11', 74),
(33, '2013-03-13', '2019-11-15', 75),
(34, '2000-11-04', '2013-06-24', 62),
(35, '2003-02-19', '2011-03-29', 14),
(36, '2015-03-27', '2006-09-08', 111),
(37, '2007-07-25', '2009-07-09', 59),
(38, '2012-06-24', '2015-12-08', 55),
(39, '2002-10-18', '2000-12-26', 56),
(40, '2017-08-02', '2003-06-07', 12),
(41, '2013-11-24', '2011-08-24', 39),
(42, '2009-01-01', '2003-04-15', 124),
(43, '2016-02-08', '2017-01-09', 23),
(44, '2000-02-05', '2011-11-13', 100),
(45, '2000-02-06', '2004-07-28', 67),
(46, '2017-01-16', '2004-10-07', 16),
(47, '2010-06-18', '2003-01-24', 127),
(48, '2000-06-20', '2013-04-07', 17),
(49, '2014-11-17', '2019-04-12', 120),
(50, '2014-02-06', '2012-07-26', 44),
(51, '2002-11-03', '2004-08-26', 73),
(52, '2005-07-02', '2013-09-24', 75),
(53, '2009-08-20', '2012-05-01', 77),
(54, '2001-07-04', '2000-07-12', 52),
(55, '2010-11-21', '2012-03-05', 35),
(56, '2012-03-18', '2014-08-28', 50),
(57, '2011-07-17', '2004-12-13', 94),
(58, '2019-02-05', '2014-07-27', 19),
(59, '2004-02-05', '2016-10-14', 129),
(60, '2005-06-25', '2000-03-12', 15),
(61, '2012-06-19', '2013-10-12', 47),
(62, '2003-10-21', '2010-10-21', 57),
(63, '2003-09-11', '2015-12-14', 35),
(64, '2000-01-10', '2000-03-18', 48),
(65, '2000-03-19', '2002-06-22', 57),
(66, '2013-09-02', '2016-07-07', 60),
(67, '2003-03-22', '2002-02-24', 18),
(68, '2009-09-22', '2002-02-05', 31),
(69, '2003-07-24', '2000-08-27', 102),
(70, '2009-10-01', '2016-12-14', 11),
(71, '2010-10-22', '2018-08-27', 62),
(72, '2002-07-13', '2014-12-12', 27),
(73, '2019-06-23', '2005-05-03', 23),
(74, '2002-08-09', '2016-02-29', 33),
(75, '2004-11-27', '2011-02-01', 60),
(76, '2004-02-15', '2000-09-14', 57),
(77, '2007-11-21', '2004-07-18', 39),
(78, '2016-11-29', '2002-07-24', 51),
(79, '2004-05-08', '2002-11-09', 68),
(80, '2008-02-17', '2019-09-06', 61),
(81, '2008-08-21', '2001-01-04', 69),
(82, '2018-12-30', '2006-09-03', 73),
(83, '2004-08-30', '2002-08-14', 68),
(84, '2010-06-01', '2011-03-14', 74),
(85, '2017-10-18', '2001-02-27', 47),
(86, '2007-09-29', '2007-03-17', 95),
(87, '2000-10-07', '2009-03-16', 44),
(88, '2005-06-04', '2007-10-31', 49),
(89, '2011-11-06', '2009-05-11', 114),
(90, '2002-04-04', '2007-09-10', 41),
(91, '2013-02-07', '2005-01-22', 10),
(92, '2004-07-29', '2015-10-25', 126),
(93, '2002-05-25', '2015-10-15', 121),
(94, '2019-11-02', '2005-03-18', 114),
(95, '2013-01-18', '2015-06-09', 100),
(96, '2011-09-22', '2011-08-28', 123),
(97, '2019-09-08', '2006-11-27', 76),
(98, '2019-03-30', '2018-05-27', 126),
(99, '2004-02-19', '2014-06-29', 30),
(100, '2005-04-21', '2010-10-16', 17),
(101, '2007-06-29', '2017-09-08', 9),
(102, '2007-04-04', '2008-05-16', 100),
(103, '2009-04-07', '2008-06-13', 15),
(104, '2017-07-26', '2008-07-29', 122),
(105, '2006-09-03', '2003-05-17', 76),
(106, '2005-10-24', '2014-06-14', 33),
(107, '2008-11-11', '2003-02-15', 79),
(108, '2001-01-10', '2015-01-19', 25),
(109, '2010-01-30', '2003-06-27', 39),
(110, '2003-09-02', '2009-05-10', 6),
(111, '2019-12-24', '2011-04-08', 96),
(112, '2012-09-26', '2016-01-01', 56),
(113, '2012-08-10', '2001-12-11', 127),
(114, '2005-07-23', '2004-09-05', 78),
(115, '2018-03-11', '2003-03-23', 12),
(116, '2006-10-26', '2005-05-04', 41),
(117, '2010-02-25', '2012-09-05', 35),
(118, '2005-04-25', '2018-02-04', 94),
(119, '2009-10-30', '2010-07-23', 115),
(120, '2002-05-02', '2003-12-16', 23),
(121, '2008-07-29', '2000-07-28', 67),
(122, '2002-09-26', '2005-12-18', 33),
(123, '2006-02-28', '2011-02-18', 20),
(124, '2010-12-03', '2012-05-31', 36),
(125, '2014-05-07', '2011-12-13', 88),
(126, '2009-11-22', '2017-06-11', 13),
(127, '2019-04-01', '2009-10-07', 89),
(128, '2000-04-22', '2018-10-15', 42),
(129, '2004-03-10', '2018-02-08', 92),
(130, '2007-03-07', '2004-11-15', 39),
(131, '2003-06-15', '2000-10-26', 102),
(132, '2004-11-06', '2016-01-26', 128),
(133, '2010-12-24', '2009-03-18', 22),
(134, '2016-01-09', '2016-03-29', 20),
(135, '2011-02-09', '2007-11-22', 60),
(136, '2002-03-13', '2018-05-19', 44),
(137, '2011-10-04', '2016-01-02', 54),
(138, '2010-05-17', '2013-05-02', 85),
(139, '2015-10-14', '2006-08-03', 21),
(140, '2010-07-14', '2012-11-10', 83),
(141, '2013-12-24', '2013-03-23', 1),
(142, '2007-03-15', '2008-02-15', 53),
(143, '2004-02-03', '2014-08-26', 120),
(144, '2008-11-06', '2009-07-24', 19),
(145, '2005-02-05', '2014-02-06', 120),
(146, '2013-12-28', '2012-03-15', 43),
(147, '2015-07-23', '2010-08-18', 39),
(148, '2003-06-27', '2019-10-13', 9),
(149, '2004-07-01', '2000-01-08', 101),
(150, '2013-12-28', '2012-07-13', 44),
(151, '2019-08-30', '2018-12-29', 129),
(152, '2018-07-31', '2011-10-02', 5),
(153, '2016-01-27', '2007-03-15', 24),
(154, '2014-10-12', '2011-06-07', 129),
(155, '2016-09-22', '2012-08-04', 95),
(156, '2001-10-20', '2019-07-17', 49),
(157, '2003-04-06', '2003-07-24', 114),
(158, '2008-09-30', '2000-11-04', 114),
(159, '2012-09-30', '2009-10-30', 118),
(160, '2006-06-01', '2007-06-02', 49),
(161, '2000-03-04', '2018-03-14', 84),
(162, '2013-02-01', '2018-05-17', 113),
(163, '2012-08-15', '2005-08-25', 11),
(164, '2007-06-16', '2008-09-06', 13),
(165, '2004-02-28', '2014-10-21', 121),
(166, '2018-03-18', '2014-11-27', 62),
(167, '2017-08-10', '2005-05-25', 20),
(168, '2006-01-31', '2019-07-05', 13),
(169, '2014-02-20', '2012-12-12', 1),
(170, '2016-03-01', '2016-11-17', 113),
(171, '2014-06-20', '2016-04-08', 60),
(172, '2008-07-18', '2018-06-19', 57),
(173, '2010-03-10', '2010-08-21', 25),
(174, '2001-02-06', '2007-12-04', 84),
(175, '2019-09-28', '2000-09-26', 4),
(176, '2002-10-16', '2018-10-28', 48),
(177, '2003-01-24', '2012-05-05', 62),
(178, '2011-12-07', '2018-12-08', 113),
(179, '2014-03-18', '2003-06-22', 49),
(180, '2018-12-11', '2000-04-05', 90),
(181, '2016-06-24', '2002-03-03', 3),
(182, '2010-03-10', '2018-05-16', 17),
(183, '2002-06-22', '2011-09-08', 58),
(184, '2013-01-31', '2010-02-28', 30),
(185, '2012-05-03', '2007-10-11', 19),
(186, '2014-02-26', '2017-11-26', 113),
(187, '2009-08-21', '2017-04-26', 100),
(188, '2005-04-26', '2002-02-24', 113),
(189, '2001-12-29', '2010-07-12', 97),
(190, '2001-04-08', '2006-05-18', 31),
(191, '2012-05-05', '2017-12-25', 64),
(192, '2011-10-26', '2015-01-03', 50),
(193, '2000-07-24', '2017-09-05', 36),
(194, '2005-09-05', '2007-11-11', 50),
(195, '2011-10-30', '2006-02-24', 55),
(196, '2010-07-07', '2011-06-05', 120),
(197, '2001-06-17', '2007-06-25', 127),
(198, '2005-03-06', '2019-02-14', 99),
(199, '2001-06-24', '2008-04-12', 130),
(200, '2005-08-13', '2000-10-17', 17),
(201, '2013-08-06', '2014-10-13', 10),
(202, '2012-11-05', '2017-01-06', 17),
(203, '2005-08-07', '2017-06-16', 92),
(204, '2007-01-25', '2019-01-06', 102),
(205, '2012-01-30', '2018-01-29', 110),
(206, '2003-02-06', '2006-10-04', 38),
(207, '2016-12-28', '2005-05-19', 108),
(208, '2007-05-03', '2001-11-18', 25),
(209, '2007-01-28', '2006-07-19', 91),
(210, '2011-04-09', '2014-11-14', 49),
(211, '2011-12-22', '2018-02-12', 110),
(212, '2004-10-30', '2016-01-03', 39),
(213, '2005-11-03', '2013-01-13', 26),
(214, '2000-05-11', '2003-09-06', 62),
(215, '2017-07-12', '2001-05-18', 47),
(216, '2016-07-07', '2015-11-12', 19),
(217, '2014-11-19', '2004-05-02', 99),
(218, '2010-10-18', '2012-08-08', 83),
(219, '2008-06-18', '2006-05-31', 49),
(220, '2012-11-01', '2000-01-15', 75),
(221, '2007-07-08', '2019-08-28', 60),
(222, '2019-05-31', '2001-04-15', 95),
(223, '2005-06-04', '2019-03-11', 11),
(224, '2017-04-07', '2000-04-28', 42),
(225, '2014-08-06', '2011-01-16', 38);

-- --------------------------------------------------------

--
-- Structure de la table `targeta`
--

CREATE TABLE `targeta` (
  `id_targeta` int(10) UNSIGNED NOT NULL,
  `Numero` int(11) NOT NULL,
  `caducitat` date NOT NULL,
  `codiSegeritat` int(11) NOT NULL
) ENGINE=InnoDB DEFAULT CHARSET=utf8mb4 COLLATE=utf8mb4_general_ci;

--
-- Déchargement des données de la table `targeta`
--

INSERT INTO `targeta` (`id_targeta`, `Numero`, `caducitat`, `codiSegeritat`) VALUES
(1, 1123424192, '2015-09-15', 2025439906),
(2, 201559652, '2004-05-17', 336326836),
(3, 321727049, '2002-02-22', 1903558413),
(4, 751588539, '2012-11-03', 2129396128),
(5, 500698256, '2003-04-15', 1070168337),
(6, 686568060, '2016-12-17', 1600224817),
(7, 1169422546, '2005-07-03', 545708235),
(8, 1890552872, '2011-03-14', 300634018),
(9, 257352383, '2003-01-24', 1931678617),
(10, 1960611369, '2002-10-24', 772288418),
(11, 1741160319, '2001-08-03', 402178455),
(12, 249037425, '2001-06-30', 2099191950),
(13, 336611384, '2004-12-11', 200888217),
(14, 2031502416, '2019-07-19', 389810912),
(15, 2018345552, '2000-08-31', 64032973),
(16, 1139418934, '2002-11-05', 512874076),
(17, 1771840049, '2000-09-27', 1001705186),
(18, 1485030493, '2007-12-04', 719090296),
(19, 1414963282, '2002-01-04', 755525708),
(20, 749494822, '2006-05-31', 1760502160),
(21, 10791483, '2013-10-31', 1046807267),
(22, 1396949006, '2005-06-18', 70373227),
(23, 243026657, '2007-01-30', 621439072),
(24, 393099454, '2014-11-22', 643171092),
(25, 286831111, '2015-08-18', 1480482870),
(26, 815749766, '2013-07-10', 1444501152),
(27, 1597694517, '2017-01-12', 1912569705),
(28, 807041982, '2011-04-08', 960201205),
(29, 1492389421, '2000-08-10', 615248861),
(30, 300138075, '2011-01-28', 886614145),
(31, 1055139154, '2013-07-19', 203134207),
(32, 13136548, '2017-02-03', 1418025578),
(33, 159689839, '2018-02-12', 433844138),
(34, 134192945, '2010-07-23', 1620285848),
(35, 214212097, '2015-06-09', 1540879974),
(36, 352320285, '2005-06-14', 1198125075),
(37, 1157480511, '2001-01-04', 660214738),
(38, 631482667, '2004-07-24', 2145650272),
(39, 529323862, '2018-10-15', 1502658025),
(40, 252457107, '2003-01-15', 440962454),
(41, 1160493859, '2006-09-08', 1006255270),
(42, 1790647845, '2005-06-27', 1647600513),
(43, 812182707, '2018-12-28', 952173548),
(44, 1599929654, '2001-05-11', 1040222184),
(45, 586833319, '2015-04-19', 1728549001),
(46, 279649460, '2011-09-08', 692138853),
(47, 2091292611, '2009-07-09', 363273927),
(48, 1691482755, '2006-02-18', 1790067629),
(49, 1090191367, '2016-10-14', 555229557),
(50, 1353776785, '2000-01-08', 538625630),
(51, 1751853253, '2010-08-18', 1113679078),
(52, 304991432, '2007-07-20', 1150531537),
(54, 2078239989, '2009-12-08', 488197467),
(55, 931787984, '2009-02-26', 2017936672),
(56, 1882146265, '2015-01-19', 726136900),
(57, 1576309915, '2001-05-20', 2147225073),
(58, 804553675, '2004-08-26', 102695415),
(59, 1781748334, '2006-02-24', 814641253),
(60, 1689230491, '2019-07-17', 1594475519),
(61, 809332384, '2010-05-18', 1356228824),
(62, 1976288811, '2010-07-12', 324923617),
(63, 1980640893, '2007-09-16', 154211307),
(64, 1598263888, '2003-06-27', 1558888082),
(65, 794037445, '2007-10-28', 672773476),
(66, 852925404, '2019-10-01', 327992918),
(67, 521236275, '2009-11-08', 84884460),
(68, 677133841, '2011-03-11', 1068393404),
(69, 651475982, '2019-02-14', 828401279),
(70, 1057700930, '2006-04-11', 2101726775),
(71, 1374224743, '2012-03-17', 1563364555),
(72, 2145730077, '2005-12-18', 1034337494),
(73, 759829713, '2003-05-17', 1437711082),
(74, 1272099958, '2007-12-07', 2058304540),
(75, 248653787, '2004-05-02', 1166939184),
(76, 359918250, '2019-08-28', 1248044993),
(77, 1861848753, '2010-08-23', 1271990772),
(78, 63990111, '2019-06-03', 458360959),
(79, 1907867821, '2000-10-10', 1148561631),
(80, 1595432625, '2006-05-01', 1674509975),
(81, 1739225163, '2019-03-11', 1222190897),
(82, 1554243884, '2006-05-18', 496017314),
(83, 1569548962, '2014-08-16', 1569933745),
(84, 1915542447, '2005-10-03', 1813792265),
(85, 1904269146, '2004-09-05', 1380933416),
(86, 1715663667, '2015-01-09', 594975066),
(87, 834789762, '2005-05-19', 3406412),
(88, 1910886500, '2000-01-03', 365633871),
(89, 1218252592, '2011-12-13', 975425520),
(90, 798736170, '2019-01-06', 7402023),
(91, 843593642, '2013-10-21', 452208380),
(92, 1752114584, '2018-07-09', 181744446),
(93, 329093778, '2009-05-11', 993297306),
(94, 2347447, '2014-12-01', 489913190),
(95, 1995232662, '2008-02-15', 1488452973),
(96, 544110045, '2019-09-14', 1463412588),
(97, 1369015305, '2019-09-06', 1875941226),
(98, 482268713, '2011-03-28', 1754963976),
(99, 1881305981, '2016-12-28', 975832869),
(100, 1527108676, '2013-02-12', 199314824),
(101, 322474696, '2006-11-14', 151952300),
(102, 112358029, '2010-10-24', 52687416),
(103, 272540311, '2003-07-25', 188471598),
(104, 2113817117, '2019-04-12', 1198946813),
(105, 1031382760, '2015-09-09', 649543676),
(106, 533625563, '2018-02-08', 2101927901),
(107, 1758821401, '2011-07-09', 787202318),
(108, 449882219, '2002-06-22', 1446031336),
(109, 1325310706, '2011-08-28', 1013258699),
(110, 1033128145, '2010-12-20', 53525628),
(111, 1259113969, '2012-05-31', 1231785773),
(112, 1493596407, '2010-11-04', 1673204460),
(113, 1055383427, '2000-03-12', 1823496772),
(114, 483231894, '2011-02-01', 1594115785),
(115, 1501105290, '2018-08-27', 15473740),
(116, 140439033, '2008-04-12', 1016602761),
(117, 93276042, '2011-06-24', 387877107),
(119, 701814883, '2006-02-25', 722444730),
(120, 1270105808, '2018-05-27', 863650108),
(121, 955187854, '2007-11-11', 416399222),
(122, 1729213471, '2002-03-20', 363435639),
(123, 576812781, '2001-10-07', 1594701906),
(124, 1567284952, '2001-12-11', 597007180),
(125, 1166953960, '2014-11-01', 1899756459),
(126, 1799992859, '2015-07-18', 746319313),
(127, 527049510, '2015-12-08', 969403917),
(128, 492317620, '2014-06-05', 672221819),
(129, 2036198001, '2004-10-31', 1340519969),
(130, 746289284, '2009-01-21', 1954803377),
(131, 853952558, '2007-01-06', 1507425659),
(132, 1673153593, '2001-08-18', 863496752),
(133, 1439218686, '2004-08-11', 2049675514),
(134, 350262157, '2002-11-09', 1803223098),
(135, 64572333, '2007-06-02', 135521759),
(136, 727352581, '2014-03-01', 1796629465),
(137, 1355469963, '2006-09-03', 140383394),
(138, 888003563, '2019-01-09', 1509145818),
(139, 1953238578, '2011-11-25', 669113281),
(140, 549146554, '2000-04-21', 572014409),
(141, 1540438127, '2015-12-14', 1368775841),
(142, 503529268, '2010-02-28', 98053889),
(143, 816799878, '2009-02-11', 1985839358),
(144, 1308120511, '2016-01-03', 1257269666),
(145, 659172232, '2009-11-03', 373745915),
(146, 1979069007, '2008-09-05', 1100903260),
(147, 1507127486, '2013-03-12', 1794329937),
(148, 915779470, '2005-08-25', 1380476492),
(149, 607625547, '2006-12-28', 165823634),
(150, 1814026934, '2008-02-02', 657154891),
(151, 1530623624, '2003-07-24', 1427184018),
(152, 1911064491, '2017-01-09', 719951318),
(153, 2069540292, '2019-09-19', 1732318273),
(154, 421703895, '2008-01-29', 639389080),
(155, 1999548868, '2019-05-09', 1544235985),
(156, 1536680209, '2012-11-10', 1526872763),
(157, 1813779159, '2010-08-26', 1582478123),
(158, 678427696, '2018-07-15', 1045271893),
(159, 372354488, '2000-04-07', 19048124),
(160, 927727709, '2011-08-24', 1097551184),
(161, 1192859266, '2002-02-05', 962504969),
(162, 1114782102, '2006-06-24', 1934960659),
(163, 2140017815, '2000-04-05', 732428291),
(164, 258888927, '2014-10-10', 1054178800),
(165, 1401080337, '2011-09-14', 1404678399),
(166, 349228523, '2012-12-07', 50733008),
(167, 4236552, '2009-12-01', 1946239919),
(168, 162828873, '2011-09-28', 1433092220),
(169, 1968626467, '2012-03-20', 999922966),
(170, 547413878, '2005-05-03', 1907690920),
(171, 1295201615, '2003-08-15', 2023439112),
(172, 777590243, '2000-09-18', 477996282),
(173, 114017346, '2004-01-02', 2047905296),
(174, 1178866553, '2002-02-24', 336515876),
(175, 370760519, '2016-07-07', 1613892349),
(176, 1824589738, '2008-07-29', 1709171013),
(177, 1081896030, '2011-09-15', 1195600997),
(178, 961475200, '2009-01-29', 641124486),
(179, 93850829, '2003-03-23', 1593285121),
(180, 278480501, '2007-12-15', 445052317),
(181, 1670635488, '2018-10-28', 1412079189),
(182, 725250168, '2000-10-26', 86573874),
(183, 918478930, '2000-07-28', 1966702146),
(184, 419003429, '2017-09-07', 1013529840),
(185, 485065024, '2015-03-03', 146019125),
(186, 1856234255, '2012-09-19', 1649617472),
(187, 1451963417, '2006-08-03', 1221659392),
(188, 17982374, '2019-01-13', 1485428424),
(189, 82306376, '2011-11-13', 686441194),
(190, 1231700946, '2018-01-27', 2072147759),
(191, 1498463858, '2013-02-20', 131966510),
(192, 756803370, '2011-05-30', 1851426918),
(193, 1383005855, '2009-07-24', 1533182177),
(194, 535335385, '2007-01-06', 1452414374),
(195, 1553428780, '2007-03-17', 966591053),
(196, 281682881, '2016-04-08', 44273057),
(197, 784488098, '2014-11-27', 1678205608),
(198, 1301783550, '2000-06-03', 1667612951),
(199, 214239574, '2008-12-03', 1313836070),
(200, 1460150195, '2017-09-08', 113357219),
(201, 954463304, '2010-08-21', 218529318),
(202, 168639052, '2007-01-02', 1181007981),
(203, 1438352900, '2014-11-14', 2133995028),
(204, 847227194, '2000-12-26', 607777387),
(205, 386417653, '2000-06-20', 574370701),
(206, 298697360, '2003-06-22', 1042906719),
(207, 1105801909, '2000-04-28', 1959719698),
(208, 626401629, '2005-08-23', 165850473),
(209, 2034085596, '2017-02-21', 1741974563),
(210, 380625825, '2013-05-02', 436361688),
(211, 1408926308, '2007-10-11', 1183733989),
(212, 12698436, '2013-08-12', 1055000409),
(213, 2033812956, '2005-04-26', 1213837882),
(214, 629174045, '2000-04-27', 539768716),
(215, 272110622, '2007-04-04', 1065435840),
(216, 1374062428, '2008-02-16', 216156371),
(217, 1761061939, '2006-02-05', 1420820280),
(218, 750269256, '2003-10-05', 1064361034),
(219, 1205988694, '2011-05-30', 104322093),
(220, 141619869, '2012-12-11', 28017326),
(221, 1725757814, '2004-07-18', 374984382),
(222, 622935532, '2000-10-18', 786755719),
(223, 129836612, '2016-05-08', 1945340411),
(224, 133041326, '2000-10-14', 551363994),
(225, 1239313373, '2008-03-01', 1483437507),
(226, 1272124739, '2004-07-28', 1809816680),
(227, 1083826703, '2005-08-19', 1387785647),
(228, 52553498, '2016-03-29', 983041913),
(229, 18812852, '2001-01-04', 1309011481),
(230, 467297004, '2003-06-07', 1076127630),
(231, 813331068, '2017-04-30', 206218548),
(232, 2004994135, '2006-08-24', 501342016),
(233, 751148132, '2006-10-09', 1471063832),
(234, 1803589687, '2005-09-13', 195735930),
(235, 1056209662, '2010-03-12', 1185367505),
(236, 1598488151, '2001-08-22', 1347257418),
(237, 1272201514, '2002-10-22', 644283802),
(238, 215554465, '2018-07-08', 1296275221),
(239, 1034791528, '2005-03-18', 1584629657),
(240, 440048488, '2018-12-25', 2064185410),
(241, 1953520287, '2000-03-03', 246998111),
(242, 952957324, '2008-04-19', 735748924),
(243, 1731429294, '2003-02-18', 2033878712),
(244, 716422472, '2012-05-01', 1196269191),
(245, 320676061, '2016-10-28', 1837030724),
(246, 1219904961, '2011-10-09', 1675919017),
(247, 1894585660, '2011-12-05', 1869276774),
(248, 1436399482, '2009-12-22', 335180701),
(249, 714504436, '2000-01-31', 1649604561),
(250, 1324624723, '2001-10-20', 936135889),
(251, 1369980526, '2007-06-25', 563045837),
(252, 392675501, '2013-12-23', 1833602593),
(253, 477674502, '2006-03-24', 593508072),
(254, 1538809739, '2015-07-22', 1188483650),
(255, 745891421, '2007-07-03', 1910730026),
(256, 277228243, '2008-06-21', 661939520),
(257, 236810777, '2000-11-04', 1042064650),
(258, 894301156, '2007-01-31', 817599395),
(259, 1401183058, '2013-04-07', 1572192796),
(260, 1474098452, '2019-09-10', 26069117),
(261, 1122954410, '2005-06-25', 1967044913),
(262, 1458461820, '2017-08-08', 185436399),
(263, 658166775, '2010-08-18', 970699708),
(264, 572125522, '2014-10-13', 313341806),
(265, 747530502, '2012-11-24', 304696818),
(266, 1463566932, '2009-10-09', 1975891911),
(267, 1193929248, '2017-04-26', 111156828),
(268, 582597979, '2016-01-01', 136332649),
(269, 1253579227, '2011-10-27', 1845740549),
(270, 769895035, '2005-11-25', 99108887),
(271, 424133376, '2019-05-07', 1628393353),
(272, 951791489, '2000-07-12', 1256836805),
(273, 563007700, '2001-06-26', 1167038819),
(274, 1027948607, '2016-11-17', 1059001023),
(275, 839617459, '2007-02-14', 1776765439),
(276, 233696471, '2015-05-31', 375972045),
(277, 1353784136, '2004-12-13', 2022242449),
(278, 1606806533, '2012-03-26', 660909136),
(279, 342136379, '2001-10-20', 1502128242),
(280, 2066769599, '2000-03-18', 1388082344),
(281, 1733183296, '2006-10-04', 566370667),
(282, 1029916157, '2003-05-03', 282226359),
(283, 396655455, '2010-06-11', 558361066),
(284, 446064224, '2018-01-11', 144139122),
(285, 2138459186, '2002-07-09', 2029704431),
(286, 1597215760, '2014-10-21', 684926076),
(287, 1314150649, '2009-04-22', 906640047),
(288, 1670562660, '2016-02-29', 601936801),
(289, 1525947709, '2007-09-10', 757293716),
(290, 1631857688, '2000-12-12', 117306981),
(291, 1721815626, '2010-07-24', 62021073),
(292, 880641836, '2005-11-13', 152454233),
(293, 1668188961, '2017-06-21', 931300106),
(294, 2064122299, '2010-04-28', 128590766),
(295, 1852096744, '2012-09-05', 2137517613),
(296, 492141744, '2017-01-06', 150089180),
(297, 1285553479, '2014-06-14', 1725385800),
(298, 868944911, '2000-09-20', 863206912),
(299, 1923919688, '2002-09-17', 1752670219),
(300, 982903658, '2005-05-04', 295142307),
(301, 1082622885, '2012-03-05', 610468448),
(302, 377317074, '2017-09-05', 1487308372),
(303, 1889178629, '2018-05-09', 2031374038),
(304, 1135949300, '2016-11-20', 1650946748),
(305, 1520261870, '2001-06-25', 289236059),
(306, 350201871, '2005-02-21', 871079793),
(307, 1338663589, '2007-01-18', 716797517),
(308, 1406974598, '2004-10-07', 115536189),
(309, 1417108800, '2014-11-11', 1179158926),
(310, 1570176602, '2007-10-31', 1862285432),
(311, 147060964, '2003-07-06', 1549974563),
(312, 1891071242, '2019-10-13', 653392151),
(313, 652784428, '2017-06-16', 1152700447),
(314, 1356870510, '2003-11-02', 888751642),
(315, 1733275611, '2016-01-08', 1415423263),
(316, 382369871, '2011-03-29', 1606018849),
(317, 2012368590, '2018-06-18', 2030265882),
(318, 2006815538, '2000-05-12', 536179831),
(319, 661624497, '2010-10-21', 301715304),
(320, 1889736661, '2002-05-31', 1514697911),
(321, 1933482512, '2017-02-05', 1532491324),
(322, 1793913139, '2003-11-01', 1939133622),
(323, 1292601837, '2011-06-05', 1594667975),
(324, 1094127713, '2009-03-16', 410448755),
(325, 148335562, '2001-11-13', 1190538326),
(326, 1107864096, '2017-11-16', 1065031635),
(327, 692926811, '2019-07-05', 954097692),
(328, 439451501, '2014-12-12', 1911037475),
(329, 201781340, '2013-02-10', 609098136),
(330, 1087665307, '2010-05-26', 1159625347),
(331, 1656513778, '2018-04-19', 1607153217),
(332, 1716690697, '2016-01-02', 1373850207),
(333, 1101055288, '2012-12-12', 404042242),
(334, 707310016, '2005-12-18', 1222795673),
(335, 1948371519, '2009-10-07', 371896071),
(336, 1602958112, '2014-06-25', 1351826089),
(337, 1304242150, '2016-01-26', 1402829675);

-- --------------------------------------------------------

--
-- Structure de la table `usuari`
--

CREATE TABLE `usuari` (
  `id` int(10) UNSIGNED NOT NULL,
  `email` varchar(80) NOT NULL,
  `passwordU` varchar(20) NOT NULL,
  `nomUsuari` varchar(20) NOT NULL,
  `dataNaxement` date NOT NULL,
  `sexe` varchar(10) NOT NULL,
  `pais` varchar(40) NOT NULL,
  `codiPostal` int(11) NOT NULL
) ENGINE=InnoDB DEFAULT CHARSET=utf8mb4 COLLATE=utf8mb4_general_ci;

--
-- Déchargement des données de la table `usuari`
--

INSERT INTO `usuari` (`id`, `email`, `passwordU`, `nomUsuari`, `dataNaxement`, `sexe`, `pais`, `codiPostal`) VALUES
(1, 'avbs.cpyhf@---dd-.net', 'Cindy met Adrian. ', 'Cindy called Rolph. ', '2018-02-24', 'vlt', 'I like sports. I watches football. ', 1608829471),
(3, 'majg715@jl-e-x.org', 'Cindy called Poe. ', 'John met Poe. ', '2016-03-19', 'sii', 'I loves flowers. Rudi watches football. ', 1926887990),
(4, 'fwvh@--voxs.com', 'John knows Tony. ', 'John called Adrian. ', '2005-09-08', 'oiv', 'I loves flowers. Rudi watches football. ', 1825174485),
(5, 'tjow@gl--wh.org', 'Cindy called Rolph. ', 'Cindy called Rolph. ', '2001-07-26', 'msm', 'I like swimming. I watches football. ', 178712981),
(6, 'xmco@qvuablh.jb-oyu.com', 'I knows Rolph. ', 'Cindy knows Adrian. ', '2009-12-19', 'dpq', 'Mike like sports. Rudi loves flowers. ', 1994471298),
(9, 'kidb@--e-z-.com', 'Cindy met Rolph. ', 'John met Poe. ', '2017-01-19', 'zjy', 'I loves flowers. Mike loves flowers. ', 1685258902),
(10, 'cfki836@-yrw-o.net', 'I met Adrian. ', 'I knows Rolph. ', '2013-12-26', 'wtu', 'I like sports. Mike loves flowers. ', 1264798709),
(11, 'xgqm851@o--q-h.org', 'I met Tony. ', 'John called Mike. ', '2016-02-06', 'tdt', 'Rudi loves flowers. ', 546366578),
(12, 'cojx@x-----.com', 'I called Rolph. ', 'John called Rolph. ', '2005-05-10', 'uix', 'Mike watches football. Rudi like sports.', 821700115),
(13, 'cojx@x-----.com', 'I called Rolph. ', 'John called Rolph. ', '2005-05-10', 'uix', 'Mike watches football. Rudi like sports.', 821700115),
(14, 'lssm6@-n--zg.org', 'Cindy called Rolph. ', 'I is visiting Tony. ', '2011-06-29', 'uku', 'Mike loves flowers. ', 472334550),
(15, 'duup54@-i-e-v.net', 'I is visiting Mike. ', 'Cindy called Rolph. ', '2018-06-29', 'mcr', 'Mike watches football. I like swimming. ', 672191834),
(16, 'nimj01@b-himp.net', 'John called Poe. ', 'John knows Adrian. ', '2008-05-29', 'lka', 'I watches football. Mike like swimming. ', 1861145653),
(17, 'kvmb@-v-lto.org', 'Cindy met Rolph. ', 'John knows Poe. ', '2015-04-11', 'xdi', 'Mike like swimming. I loves flowers. ', 222046335),
(18, 'jksb5@s-cwqu.com', 'Cindy knows Rolph. ', 'Cindy called Adrian.', '2014-05-05', 'lnv', 'Mike watches football. ', 947507656),
(19, 'oivpx72@-xqg--.com', 'I knows Tony. ', 'Cindy called Rolph. ', '2000-01-25', 'dri', 'Mike watches football. I loves flowers. ', 1122259346),
(20, 'kvmb@-v-lto.org', 'Cindy met Rolph. ', 'John knows Poe. ', '2015-04-11', 'xdi', 'Mike like swimming. I loves flowers. ', 222046335),
(21, 'jksb5@s-cwqu.com', 'Cindy knows Rolph. ', 'Cindy called Adrian.', '2014-05-05', 'lnv', 'Mike watches football. ', 947507656),
(22, 'oivpx72@-xqg--.com', 'I knows Tony. ', 'Cindy called Rolph. ', '2000-01-25', 'dri', 'Mike watches football. I loves flowers. ', 1122259346),
(23, 'cesm6@dml-l-.net', 'Cindy called Adrian.', 'Cindy called Mike. ', '2014-09-23', 'mlm', 'Mike like sports. I loves flowers. ', 1282819266),
(24, 'qwqyw@-t----.org', 'Cindy knows Tony. ', 'Cindy met Poe. ', '2007-03-18', 'sho', 'Rudi watches football. ', 1606935007),
(25, 'qwqyw@-t----.org', 'Cindy knows Tony. ', 'Cindy met Poe. ', '2007-03-18', 'sho', 'Rudi watches football. ', 1606935007),
(26, 'losdb.ccsjstdiq@-sd-fw.com', 'Cindy called Poe. ', 'John knows Florian. ', '2009-01-27', 'yut', 'I like swimming. Rudi watches football. ', 1793136858),
(27, 'lehy.gcma@wzvo--.org', 'Cindy called Mike. ', 'I knows Rolph. ', '2012-11-21', 'esb', 'Rudi watches football. ', 234949909),
(28, 'ejnh@hzfla.f-c--l.net', 'I called Adrian. ', 'I knows Rolph. ', '2015-01-12', 'xsz', 'Mike like sports. Rudi loves flowers. ', 1306204540),
(30, 'mbxnf3@-m--qi.com', 'Cindy knows Rolph. ', 'Cindy met Tony. ', '2005-08-10', 'kvn', 'Mike watches football. I like sports. ', 1671827615),
(31, 'emfsk@----ds.net', 'I called Poe. ', 'John knows Mike. ', '2004-08-08', 'eua', 'Rudi watches football. I like sports. ', 1086676969),
(32, 'yusc.rgio@-rsj--.org', 'Cindy called Adrian.', 'John met Poe. ', '2007-09-03', 'hdw', 'Mike like sports. Rudi like swimming. ', 1230173319),
(33, 'axcj223@uevx--.net', 'I called Rolph. ', 'Cindy called Tony. ', '2001-01-10', 'udj', 'Rudi loves flowers. ', 1506411967),
(35, 'phkrh.korfp@-s-g--.net', 'Cindy knows Rolph. ', 'Cindy knows Poe. ', '2006-12-08', 'qrd', 'Mike like sports. Rudi watches football.', 236575786),
(36, 'twkb@r-sr-j.com', 'I knows Rolph. ', 'I met Florian. ', '2018-02-17', 'gab', 'Mike like sports. ', 685325886),
(38, 'kifn@y-y---.com', 'Cindy called Mike. ', 'Cindy met Tony. ', '2011-05-30', 'ksj', 'Mike watches football. ', 1625153210),
(39, 'fvps6@-d-lr-.com', 'Cindy met Rolph. ', 'John called Mike. ', '2016-10-20', 'vei', 'I loves flowers. Mike loves flowers. ', 1021533658),
(41, 'dfkrd@--t-jh.com', 'John met Rolph. ', 'I called Florian. ', '2019-11-03', 'ccx', 'Mike like sports. Mike watches football.', 597973271),
(42, 'xzck.scky@b-de--.com', 'I met Adrian. ', 'Cindy called Adrian.', '2004-04-16', 'twu', 'Mike like swimming. I like sports. ', 2021217197),
(43, 'ztdx@-b-w-r.com', 'John knows Florian. ', 'Cindy knows Tony. ', '2017-05-08', 'ufo', 'Mike loves flowers. ', 1423213628),
(44, 'ztdx@-b-w-r.com', 'John knows Florian. ', 'Cindy knows Tony. ', '2017-05-08', 'ufo', 'Mike loves flowers. ', 1423213628),
(45, 'pbru@g--dhr.com', 'Cindy called Mike. ', 'I called Poe. ', '2002-12-18', 'utx', 'I loves flowers. Mike watches football. ', 839253162),
(47, 'eqic414@egcd.xq-y-o.com', 'I met Rolph. ', 'Cindy called Mike. ', '2013-08-13', 'ncn', 'Mike watches football. Rudi like sports.', 1334620418),
(48, 'vwwd@w-vs-d.org', 'Cindy knows Tony. ', 'I is visiting Mike. ', '2018-09-23', 'buo', 'Rudi watches football. Mike like sports.', 1519831649),
(49, 'vomr36@----u-.com', 'Cindy called Tony. ', 'I knows Mike. ', '2007-07-19', 'dlm', 'Rudi loves flowers. ', 11616378),
(50, 'gaqf5@-smu-g.com', 'Cindy called Mike. ', 'Cindy met Rolph. ', '2011-03-27', 'ghp', 'Mike like sports. Mike like swimming. ', 929047632),
(51, 'wtel@------.com', 'I is visiting Mike. ', 'John called Adrian. ', '2011-04-07', 'djw', 'I watches football. I like sports. ', 2091779385),
(52, 'vsxq@ty-zqa.com', 'Cindy knows Florian.', 'I is visiting Mike. ', '2016-07-31', 'fdy', 'Rudi like sports. I like swimming. ', 862089384),
(53, 'wtel@------.com', 'I is visiting Mike. ', 'John called Adrian. ', '2011-04-07', 'djw', 'I watches football. I like sports. ', 2091779385),
(54, 'vsxq@ty-zqa.com', 'Cindy knows Florian.', 'I is visiting Mike. ', '2016-07-31', 'fdy', 'Rudi like sports. I like swimming. ', 862089384),
(55, 'kiik@b-u-yf.org', 'Cindy knows Adrian. ', 'Cindy met Rolph. ', '2011-04-27', 'kvr', 'Mike watches football. ', 423072853),
(56, 'xpou8@gf-uxd.org', 'John called Poe. ', 'Cindy knows Mike. ', '2006-09-16', 'lhe', 'Mike watches football. I like sports. ', 1116186410),
(57, 'xpou8@gf-uxd.org', 'John called Poe. ', 'Cindy knows Mike. ', '2006-09-16', 'lhe', 'Mike watches football. I like sports. ', 1116186410),
(58, 'fkml46@dim-n-.org', 'Cindy called Tony. ', 'I called Adrian. ', '2008-04-13', 'oru', 'Mike watches football. ', 2140266476),
(59, 'lkhn36@gf-m--.com', 'Cindy called Rolph. ', 'Cindy knows Adrian. ', '2012-04-29', 'rsj', 'Rudi loves flowers. Rudi like swimming. ', 1777806702),
(60, 'yvza.jmvqt@qc-ajq.net', 'I knows Mike. ', 'Cindy knows Tony. ', '2003-01-08', 'jpd', 'Mike loves flowers. Mike loves flowers. ', 2048597661),
(61, 'cupl637@-w-v--.com', 'I knows Rolph. ', 'Cindy met Rolph. ', '2013-10-11', 'zrd', 'I watches football. ', 441683449),
(62, 'vmin38@iio--h.org', 'John met Rolph. ', 'Cindy called Tony. ', '2006-02-21', 'tyk', 'Rudi like swimming. Mike like swimming. ', 1899945373),
(64, 'oknmi8@-t--dg.com', 'John called Rolph. ', 'I knows Tony. ', '2006-07-24', 'rfv', 'Mike watches football. I loves flowers. ', 1940008432),
(65, 'diri3@w----e.com', 'Cindy called Rolph. ', 'I knows Mike. ', '2017-03-06', 'lfy', 'I like swimming. ', 845721158),
(67, 'jpqm.ubpg@d-q--o.net', 'John knows Poe. ', 'Cindy called Adrian.', '2007-01-02', 'bwf', 'I like swimming. Mike like sports. ', 890671984),
(68, 'pvef4@-db-qd.org', 'John knows Mike. ', 'John called Tony. ', '2009-06-22', 'mwu', 'Rudi like swimming. ', 1028863277),
(69, 'qucvj.cuqwk@-l---a.net', 'Cindy knows Tony. ', 'Cindy called Tony. ', '2009-02-05', 'bul', 'I watches football. ', 795583689),
(70, 'qgyo@q-c--k.com', 'I knows Tony. ', 'I called Rolph. ', '2001-03-10', 'kgq', 'Mike loves flowers. I watches football. ', 852196550),
(72, 'xiqf.umtx@le-s-y.com', 'Cindy called Mike. ', 'I called Florian. ', '2016-09-28', 'pbf', 'Rudi loves flowers. ', 1461079632),
(73, 'umfh52@a-nh-b.com', 'Cindy called Poe. ', 'I called Mike. ', '2008-09-23', 'ldo', 'I watches football. Mike like swimming. ', 1377363287),
(74, 'eeoo.zzvfmqb@-o--sb.org', 'Cindy knows Adrian. ', 'I knows Adrian. ', '2009-06-26', 'cxd', 'Mike like swimming. Mike like swimming. ', 142242617),
(75, 'irhb88@o-ou-w.com', 'Cindy called Mike. ', 'I knows Tony. ', '2006-02-01', 'emq', 'I watches football. ', 1363926462),
(76, 'irhb88@o-ou-w.com', 'Cindy called Mike. ', 'I knows Tony. ', '2006-02-01', 'emq', 'I watches football. ', 1363926462),
(77, 'dqed.bkkfq@qj-g-m.com', 'I is visiting Tony. ', 'I met Florian. ', '2015-10-21', 'ict', 'Rudi loves flowers. I loves flowers. ', 1269548762),
(78, 'ykvq@-nf-pa.com', 'John met Tony. ', 'Cindy called Tony. ', '2007-06-01', 'cnw', 'Mike like sports. Mike loves flowers. ', 324889993),
(79, 'yvkr.mkbe@u--t-y.com', 'Cindy met Tony. ', 'Cindy met Rolph. ', '2004-12-23', 'evv', 'Rudi loves flowers. I loves flowers. ', 1682267410),
(80, 'ydaa@------.com', 'Cindy knows Florian.', 'I met Tony. ', '2008-03-17', 'mdy', 'Mike like sports. I watches football. ', 1546487624),
(83, 'hdkl.yrxydcqp@kc-fn-.net', 'Cindy called Adrian.', 'Cindy called Tony. ', '2013-07-14', 'yuh', 'I watches football. ', 1526034139),
(84, 'yvrd@c-bjqw.com', 'Cindy met Rolph. ', 'John called Adrian. ', '2008-02-20', 'mli', 'I like swimming. Mike watches football. ', 1232829597),
(85, 'lpmx4@-e----.net', 'I called Poe. ', 'John knows Mike. ', '2007-03-12', 'kdx', 'Rudi watches football. ', 981266687),
(87, 'ijcgc@-ot-ox.com', 'John called Adrian. ', 'John called Poe. ', '2015-06-14', 'tux', 'I watches football. Rudi like sports. ', 1542730896),
(88, 'upwrt@-u-ygy.org', 'Cindy knows Adrian. ', 'John met Tony. ', '2000-05-01', 'rjh', 'I watches football. Mike like sports. ', 347202640),
(89, 'hntd@-----f.org', 'John met Tony. ', 'Cindy knows Florian.', '2005-05-28', 'vsk', 'I like swimming. Mike watches football. ', 1280929813),
(90, 'htuy16@m-w-k-.net', 'Cindy met Poe. ', 'I met Mike. ', '2004-12-10', 'nnp', 'I like swimming. I watches football. ', 2086966459),
(91, 'unjm1@--exe-.com', 'Cindy knows Tony. ', 'I is visiting Rolph.', '2018-02-15', 'jgh', 'I watches football. Mike loves flowers. ', 1407579521),
(92, 'qexuk@z-l-x-.com', 'Cindy called Rolph. ', 'Cindy called Tony. ', '2000-11-09', 'xke', 'Mike like swimming. Rudi loves flowers. ', 2047787829),
(93, 'unjm1@--exe-.com', 'Cindy knows Tony. ', 'I is visiting Rolph.', '2018-02-15', 'jgh', 'I watches football. Mike loves flowers. ', 1407579521),
(94, 'qexuk@z-l-x-.com', 'Cindy called Rolph. ', 'Cindy called Tony. ', '2000-11-09', 'xke', 'Mike like swimming. Rudi loves flowers. ', 2047787829),
(95, 'faml.gmyts@um-wpk.com', 'Cindy knows Florian.', 'I met Poe. ', '2015-09-01', 'odo', 'Rudi loves flowers. I loves flowers. ', 1652397257),
(96, 'yvew4@f-----.net', 'Cindy called Adrian.', 'John knows Poe. ', '2005-05-30', 'oze', 'Mike watches football. ', 2141106553),
(97, 'oepc176@l--zef.com', 'Cindy called Tony. ', 'I is visiting Rolph.', '2002-02-24', 'krn', 'Rudi loves flowers. ', 1670221117),
(99, 'ljov@---u--.com', 'Cindy met Adrian. ', 'John called Mike. ', '2013-07-06', 'ook', 'I like swimming. I watches football. ', 362021797),
(100, 'awta@qk--d-.org', 'John knows Poe. ', 'Cindy knows Tony. ', '2001-07-07', 'psl', 'I like swimming. Mike loves flowers. ', 2038254235),
(101, 'yecx1@-d-lmv.com', 'Cindy called Tony. ', 'Cindy met Adrian. ', '2018-08-18', 'mbr', 'I loves flowers. Rudi loves flowers. ', 1904591524),
(102, 'jlax3@j-----.com', 'Cindy knows Adrian. ', 'John knows Rolph. ', '2006-10-05', 'wzj', 'Mike like sports. ', 1929191819),
(103, 'gjsc0@----n-.org', 'Cindy met Mike. ', 'John knows Adrian. ', '2004-12-12', 'wrd', 'Mike like sports. Mike watches football.', 752356082),
(105, 'qemm@-----k.com', 'Cindy called Adrian.', 'I met Tony. ', '2010-10-15', 'bie', 'Mike watches football. Rudi like sports.', 304010085),
(106, 'kgowm0@-l--vs.com', 'I met Poe. ', 'I is visiting Rolph.', '2002-01-01', 'xcm', 'I watches football. Rudi loves flowers. ', 445729488),
(107, 'rvnp.tbfc@-y----.net', 'John called Mike. ', 'Cindy knows Mike. ', '2016-11-24', 'wkb', 'I loves flowers. Rudi like swimming. ', 1634118596),
(108, 'gzxj5@---kwy.net', 'John called Adrian. ', 'John called Rolph. ', '2006-09-14', 'nov', 'Rudi like swimming. ', 312743297),
(110, 'beyw@-mi-s-.com', 'Cindy called Rolph. ', 'I called Mike. ', '2003-06-12', 'srn', 'Mike watches football. Mike like sports.', 1414809454),
(111, 'elggo87@-p--tt.net', 'Cindy called Tony. ', 'John called Rolph. ', '2015-06-10', 'gzh', 'Mike like sports. Mike like sports. ', 29431569),
(112, 'hchn535@-g--mc.com', 'I met Tony. ', 'I met Tony. ', '2011-03-28', 'rit', 'I like sports. ', 474550685),
(113, 'nkoa160@-ivi--.com', 'John knows Florian. ', 'Cindy called Adrian.', '2014-09-06', 'mrv', 'I like sports. Rudi like sports. ', 1411758888),
(114, 'iroh@m--y--.com', 'John met Florian. ', 'Cindy knows Mike. ', '2015-02-13', 'lrc', 'Rudi like sports. Rudi loves flowers. ', 1590070285),
(115, 'znfb@-xxs-x.com', 'I called Adrian. ', 'Cindy met Tony. ', '2006-01-29', 'ysc', 'I loves flowers. I watches football. ', 1584790638),
(116, 'znfb@-xxs-x.com', 'I called Adrian. ', 'Cindy met Tony. ', '2006-01-29', 'ysc', 'I loves flowers. I watches football. ', 1584790638),
(117, 'subf31@d-tctj.com', 'I called Tony. ', 'Cindy knows Tony. ', '2005-06-08', 'elw', 'I like sports. Rudi like swimming. ', 1477852005),
(118, 'ocac3@kt----.org', 'I called Rolph. ', 'John met Florian. ', '2005-08-19', 'ppy', 'I like sports. Mike like sports. ', 1051476477),
(119, 'vqsu@u-y--y.net', 'Cindy met Mike. ', 'Cindy knows Tony. ', '2014-03-17', 'ynw', 'Mike like sports. Mike watches football.', 251884151),
(120, 'vxiw86@-pq---.org', 'I called Adrian. ', 'I is visiting Rolph.', '2015-01-17', 'mqh', 'Mike watches football. ', 935954117),
(121, 'nnst@rck---.com', 'Cindy met Rolph. ', 'John called Adrian. ', '2013-11-08', 'pjk', 'Mike loves flowers. I watches football. ', 774644107),
(122, 'rxct5@bx-ls-.net', 'Cindy called Adrian.', 'Cindy called Mike. ', '2003-04-06', 'yzy', 'I like sports. I like swimming. ', 1357057098),
(123, 'rxct5@bx-ls-.net', 'Cindy called Adrian.', 'Cindy called Mike. ', '2003-04-06', 'yzy', 'I like sports. I like swimming. ', 1357057098),
(124, 'auok@yxci-d.net', 'Cindy called Adrian.', 'Cindy knows Mike. ', '2010-11-25', 'cbq', 'Mike watches football. Rudi like sports.', 1582272306),
(126, 'occw15@brz--j.net', 'I is visiting Rolph.', 'Cindy called Tony. ', '2000-06-27', 'vmw', 'Mike loves flowers. I watches football. ', 2074400888),
(127, 'vluk@ng---r.com', 'I knows Mike. ', 'I knows Florian. ', '2019-12-03', 'nbb', 'I watches football. I like sports. ', 242543780),
(128, 'tofj@g---sz.net', 'I met Rolph. ', 'John called Mike. ', '2012-02-09', 'qgz', 'I like sports. Mike watches football. ', 1498117492),
(129, 'lcrn51@---pbc.com', 'Cindy knows Rolph. ', 'John called Tony. ', '2004-01-14', 'bfx', 'Rudi like sports. ', 1556768777),
(130, 'lcrn51@---pbc.com', 'Cindy knows Rolph. ', 'John called Tony. ', '2004-01-14', 'bfx', 'Rudi like sports. ', 1556768777),
(131, 'plsv@-go-i-.org', 'I met Rolph. ', 'I called Adrian. ', '2001-01-02', 'trx', 'Rudi like sports. Mike watches football.', 702909873),
(132, 'utjf245@k-tds-.com', 'I met Rolph. ', 'Cindy knows Tony. ', '2014-03-30', 'dex', 'I loves flowers. I watches football. ', 1685485412),
(133, 'oith.pxlp@-o--ex.org', 'Cindy knows Rolph. ', 'Cindy knows Rolph. ', '2017-04-04', 'ltw', 'Rudi watches football. ', 172028673);

--
-- Index pour les tables déchargées
--

--
-- Index pour la table `activa`
--
ALTER TABLE `activa`
  ADD PRIMARY KEY (`id`);

--
-- Index pour la table `addicio`
--
ALTER TABLE `addicio`
  ADD PRIMARY KEY (`id`),
  ADD KEY `id_usari` (`id_usari`),
  ADD KEY `id_compartida` (`id_compartida`);

--
-- Index pour la table `album`
--
ALTER TABLE `album`
  ADD PRIMARY KEY (`id`);

--
-- Index pour la table `artista`
--
ALTER TABLE `artista`
  ADD PRIMARY KEY (`id`);

--
-- Index pour la table `cancio`
--
ALTER TABLE `cancio`
  ADD PRIMARY KEY (`id`),
  ADD KEY `id_album` (`id_album`),
  ADD KEY `id_addicio` (`id_addicio`);

--
-- Index pour la table `compartida`
--
ALTER TABLE `compartida`
  ADD PRIMARY KEY (`id`);

--
-- Index pour la table `creaciopl`
--
ALTER TABLE `creaciopl`
  ADD PRIMARY KEY (`id`),
  ADD KEY `id_usari` (`id_usari`),
  ADD KEY `id_playlist` (`id_playlist`);

--
-- Index pour la table `eliminacio`
--
ALTER TABLE `eliminacio`
  ADD PRIMARY KEY (`id`),
  ADD KEY `id_usari` (`id_usari`),
  ADD KEY `id_creaciopl` (`id_creaciopl`);

--
-- Index pour la table `esborrada`
--
ALTER TABLE `esborrada`
  ADD PRIMARY KEY (`id`);

--
-- Index pour la table `estilomusica`
--
ALTER TABLE `estilomusica`
  ADD PRIMARY KEY (`id`),
  ADD KEY `id_artista` (`id_artista`);

--
-- Index pour la table `favorite`
--
ALTER TABLE `favorite`
  ADD PRIMARY KEY (`id`),
  ADD KEY `id_usari` (`id_usari`);

--
-- Index pour la table `favoritealbum`
--
ALTER TABLE `favoritealbum`
  ADD PRIMARY KEY (`id_favorite`,`id_album`),
  ADD KEY `id_album` (`id_album`);

--
-- Index pour la table `favoritecancio`
--
ALTER TABLE `favoritecancio`
  ADD PRIMARY KEY (`id_favorite`,`id_cancio`),
  ADD KEY `id_cancio` (`id_cancio`);

--
-- Index pour la table `free`
--
ALTER TABLE `free`
  ADD PRIMARY KEY (`id`);

--
-- Index pour la table `pagament`
--
ALTER TABLE `pagament`
  ADD PRIMARY KEY (`id`),
  ADD KEY `id_subscripcio` (`id_subscripcio`);

--
-- Index pour la table `paypal`
--
ALTER TABLE `paypal`
  ADD PRIMARY KEY (`id_paypal`);

--
-- Index pour la table `playlist`
--
ALTER TABLE `playlist`
  ADD PRIMARY KEY (`id`);

--
-- Index pour la table `playlistcompartidausario`
--
ALTER TABLE `playlistcompartidausario`
  ADD PRIMARY KEY (`id_usari`,`id_compartida`),
  ADD KEY `id_compartida` (`id_compartida`);

--
-- Index pour la table `premium`
--
ALTER TABLE `premium`
  ADD PRIMARY KEY (`id`);

--
-- Index pour la table `publicacio`
--
ALTER TABLE `publicacio`
  ADD PRIMARY KEY (`id_album`,`id_artista`),
  ADD KEY `id_artista` (`id_artista`);

--
-- Index pour la table `recuperacio`
--
ALTER TABLE `recuperacio`
  ADD PRIMARY KEY (`id`),
  ADD KEY `id_usari` (`id_usari`),
  ADD KEY `id_eliminacio` (`id_eliminacio`);

--
-- Index pour la table `seguimiento`
--
ALTER TABLE `seguimiento`
  ADD PRIMARY KEY (`id_usari`,`id_artista`),
  ADD KEY `id_artista` (`id_artista`);

--
-- Index pour la table `subscripcio`
--
ALTER TABLE `subscripcio`
  ADD PRIMARY KEY (`id`),
  ADD KEY `id_premium` (`id_premium`);

--
-- Index pour la table `targeta`
--
ALTER TABLE `targeta`
  ADD PRIMARY KEY (`id_targeta`);

--
-- Index pour la table `usuari`
--
ALTER TABLE `usuari`
  ADD PRIMARY KEY (`id`);

--
-- AUTO_INCREMENT pour les tables déchargées
--

--
-- AUTO_INCREMENT pour la table `addicio`
--
ALTER TABLE `addicio`
  MODIFY `id` int(10) UNSIGNED NOT NULL AUTO_INCREMENT, AUTO_INCREMENT=338;

--
-- AUTO_INCREMENT pour la table `album`
--
ALTER TABLE `album`
  MODIFY `id` int(10) UNSIGNED NOT NULL AUTO_INCREMENT, AUTO_INCREMENT=143;

--
-- AUTO_INCREMENT pour la table `artista`
--
ALTER TABLE `artista`
  MODIFY `id` int(10) UNSIGNED NOT NULL AUTO_INCREMENT, AUTO_INCREMENT=134;

--
-- AUTO_INCREMENT pour la table `cancio`
--
ALTER TABLE `cancio`
  MODIFY `id` int(10) UNSIGNED NOT NULL AUTO_INCREMENT, AUTO_INCREMENT=506;

--
-- AUTO_INCREMENT pour la table `creaciopl`
--
ALTER TABLE `creaciopl`
  MODIFY `id` int(10) UNSIGNED NOT NULL AUTO_INCREMENT, AUTO_INCREMENT=151;

--
-- AUTO_INCREMENT pour la table `eliminacio`
--
ALTER TABLE `eliminacio`
  MODIFY `id` int(10) UNSIGNED NOT NULL AUTO_INCREMENT, AUTO_INCREMENT=226;

--
-- AUTO_INCREMENT pour la table `estilomusica`
--
ALTER TABLE `estilomusica`
  MODIFY `id` int(10) UNSIGNED NOT NULL AUTO_INCREMENT, AUTO_INCREMENT=213;

--
-- AUTO_INCREMENT pour la table `favorite`
--
ALTER TABLE `favorite`
  MODIFY `id` int(10) UNSIGNED NOT NULL AUTO_INCREMENT, AUTO_INCREMENT=151;

--
-- AUTO_INCREMENT pour la table `pagament`
--
ALTER TABLE `pagament`
  MODIFY `id` int(10) UNSIGNED NOT NULL AUTO_INCREMENT, AUTO_INCREMENT=338;

--
-- AUTO_INCREMENT pour la table `playlist`
--
ALTER TABLE `playlist`
  MODIFY `id` int(10) UNSIGNED NOT NULL AUTO_INCREMENT, AUTO_INCREMENT=101;

--
-- AUTO_INCREMENT pour la table `recuperacio`
--
ALTER TABLE `recuperacio`
  MODIFY `id` int(10) UNSIGNED NOT NULL AUTO_INCREMENT, AUTO_INCREMENT=338;

--
-- AUTO_INCREMENT pour la table `subscripcio`
--
ALTER TABLE `subscripcio`
  MODIFY `id` int(10) UNSIGNED NOT NULL AUTO_INCREMENT, AUTO_INCREMENT=226;

--
-- AUTO_INCREMENT pour la table `usuari`
--
ALTER TABLE `usuari`
  MODIFY `id` int(10) UNSIGNED NOT NULL AUTO_INCREMENT, AUTO_INCREMENT=134;

--
-- Contraintes pour les tables déchargées
--

--
-- Contraintes pour la table `activa`
--
ALTER TABLE `activa`
  ADD CONSTRAINT `activa_ibfk_1` FOREIGN KEY (`id`) REFERENCES `playlist` (`id`);

--
-- Contraintes pour la table `addicio`
--
ALTER TABLE `addicio`
  ADD CONSTRAINT `addicio_ibfk_1` FOREIGN KEY (`id_usari`) REFERENCES `usuari` (`id`),
  ADD CONSTRAINT `addicio_ibfk_2` FOREIGN KEY (`id_compartida`) REFERENCES `compartida` (`id`);

--
-- Contraintes pour la table `cancio`
--
ALTER TABLE `cancio`
  ADD CONSTRAINT `cancio_ibfk_1` FOREIGN KEY (`id_album`) REFERENCES `album` (`id`),
  ADD CONSTRAINT `cancio_ibfk_2` FOREIGN KEY (`id_addicio`) REFERENCES `addicio` (`id`);

--
-- Contraintes pour la table `compartida`
--
ALTER TABLE `compartida`
  ADD CONSTRAINT `compartida_ibfk_1` FOREIGN KEY (`id`) REFERENCES `activa` (`id`);

--
-- Contraintes pour la table `creaciopl`
--
ALTER TABLE `creaciopl`
  ADD CONSTRAINT `creaciopl_ibfk_1` FOREIGN KEY (`id_usari`) REFERENCES `usuari` (`id`),
  ADD CONSTRAINT `creaciopl_ibfk_2` FOREIGN KEY (`id_playlist`) REFERENCES `playlist` (`id`);

--
-- Contraintes pour la table `eliminacio`
--
ALTER TABLE `eliminacio`
  ADD CONSTRAINT `eliminacio_ibfk_1` FOREIGN KEY (`id_usari`) REFERENCES `usuari` (`id`),
  ADD CONSTRAINT `eliminacio_ibfk_2` FOREIGN KEY (`id_creaciopl`) REFERENCES `creaciopl` (`id`);

--
-- Contraintes pour la table `esborrada`
--
ALTER TABLE `esborrada`
  ADD CONSTRAINT `esborrada_ibfk_1` FOREIGN KEY (`id`) REFERENCES `playlist` (`id`);

--
-- Contraintes pour la table `estilomusica`
--
ALTER TABLE `estilomusica`
  ADD CONSTRAINT `estilomusica_ibfk_1` FOREIGN KEY (`id_artista`) REFERENCES `artista` (`id`);

--
-- Contraintes pour la table `favorite`
--
ALTER TABLE `favorite`
  ADD CONSTRAINT `favorite_ibfk_1` FOREIGN KEY (`id_usari`) REFERENCES `usuari` (`id`);

--
-- Contraintes pour la table `favoritealbum`
--
ALTER TABLE `favoritealbum`
  ADD CONSTRAINT `favoritealbum_ibfk_1` FOREIGN KEY (`id_album`) REFERENCES `album` (`id`),
  ADD CONSTRAINT `favoritealbum_ibfk_2` FOREIGN KEY (`id_favorite`) REFERENCES `favorite` (`id`);

--
-- Contraintes pour la table `favoritecancio`
--
ALTER TABLE `favoritecancio`
  ADD CONSTRAINT `favoritecancio_ibfk_1` FOREIGN KEY (`id_cancio`) REFERENCES `cancio` (`id`),
  ADD CONSTRAINT `favoritecancio_ibfk_2` FOREIGN KEY (`id_favorite`) REFERENCES `favorite` (`id`);

--
-- Contraintes pour la table `free`
--
ALTER TABLE `free`
  ADD CONSTRAINT `free_ibfk_1` FOREIGN KEY (`id`) REFERENCES `usuari` (`id`);

--
-- Contraintes pour la table `pagament`
--
ALTER TABLE `pagament`
  ADD CONSTRAINT `pagament_ibfk_1` FOREIGN KEY (`id_subscripcio`) REFERENCES `subscripcio` (`id`);

--
-- Contraintes pour la table `paypal`
--
ALTER TABLE `paypal`
  ADD CONSTRAINT `paypal_ibfk_1` FOREIGN KEY (`id_paypal`) REFERENCES `pagament` (`id`);

--
-- Contraintes pour la table `playlistcompartidausario`
--
ALTER TABLE `playlistcompartidausario`
  ADD CONSTRAINT `playlistcompartidausario_ibfk_1` FOREIGN KEY (`id_usari`) REFERENCES `usuari` (`id`),
  ADD CONSTRAINT `playlistcompartidausario_ibfk_2` FOREIGN KEY (`id_compartida`) REFERENCES `compartida` (`id`);

--
-- Contraintes pour la table `premium`
--
ALTER TABLE `premium`
  ADD CONSTRAINT `premium_ibfk_1` FOREIGN KEY (`id`) REFERENCES `usuari` (`id`);

--
-- Contraintes pour la table `publicacio`
--
ALTER TABLE `publicacio`
  ADD CONSTRAINT `publicacio_ibfk_1` FOREIGN KEY (`id_album`) REFERENCES `album` (`id`),
  ADD CONSTRAINT `publicacio_ibfk_2` FOREIGN KEY (`id_artista`) REFERENCES `artista` (`id`);

--
-- Contraintes pour la table `recuperacio`
--
ALTER TABLE `recuperacio`
  ADD CONSTRAINT `recuperacio_ibfk_1` FOREIGN KEY (`id_usari`) REFERENCES `usuari` (`id`),
  ADD CONSTRAINT `recuperacio_ibfk_2` FOREIGN KEY (`id_eliminacio`) REFERENCES `eliminacio` (`id`);

--
-- Contraintes pour la table `seguimiento`
--
ALTER TABLE `seguimiento`
  ADD CONSTRAINT `seguimiento_ibfk_1` FOREIGN KEY (`id_usari`) REFERENCES `usuari` (`id`),
  ADD CONSTRAINT `seguimiento_ibfk_2` FOREIGN KEY (`id_artista`) REFERENCES `artista` (`id`);

--
-- Contraintes pour la table `subscripcio`
--
ALTER TABLE `subscripcio`
  ADD CONSTRAINT `subscripcio_ibfk_1` FOREIGN KEY (`id_premium`) REFERENCES `premium` (`id`);

--
-- Contraintes pour la table `targeta`
--
ALTER TABLE `targeta`
  ADD CONSTRAINT `targeta_ibfk_1` FOREIGN KEY (`id_targeta`) REFERENCES `pagament` (`id`);
COMMIT;

/*!40101 SET CHARACTER_SET_CLIENT=@OLD_CHARACTER_SET_CLIENT */;
/*!40101 SET CHARACTER_SET_RESULTS=@OLD_CHARACTER_SET_RESULTS */;
/*!40101 SET COLLATION_CONNECTION=@OLD_COLLATION_CONNECTION */;
