-- phpMyAdmin SQL Dump
-- version 5.2.1
-- https://www.phpmyadmin.net/
--
-- Hôte : 127.0.0.1
-- Généré le : jeu. 27 juil. 2023 à 22:20
-- Version du serveur : 10.4.28-MariaDB
-- Version de PHP : 8.2.4

SET SQL_MODE = "NO_AUTO_VALUE_ON_ZERO";
START TRANSACTION;
SET time_zone = "+00:00";


/*!40101 SET @OLD_CHARACTER_SET_CLIENT=@@CHARACTER_SET_CLIENT */;
/*!40101 SET @OLD_CHARACTER_SET_RESULTS=@@CHARACTER_SET_RESULTS */;
/*!40101 SET @OLD_COLLATION_CONNECTION=@@COLLATION_CONNECTION */;
/*!40101 SET NAMES utf8mb4 */;

--
-- Base de données : `youtube`
--

-- --------------------------------------------------------

--
-- Structure de la table `agrada`
--

CREATE TABLE `agrada` (
  `id` int(10) UNSIGNED NOT NULL,
  `id_usario` int(10) UNSIGNED NOT NULL,
  `id_comentari` int(10) UNSIGNED NOT NULL,
  `dataHora` datetime NOT NULL
) ENGINE=InnoDB DEFAULT CHARSET=utf8mb4 COLLATE=utf8mb4_general_ci;

--
-- Déchargement des données de la table `agrada`
--

INSERT INTO `agrada` (`id`, `id_usario`, `id_comentari`, `dataHora`) VALUES
(1, 109, 33, '2008-09-24 12:36:27'),
(2, 16, 75, '2008-07-24 19:11:55'),
(3, 60, 18, '2008-01-26 22:35:37'),
(4, 60, 11, '2008-10-21 16:19:15'),
(5, 31, 107, '2008-01-25 12:34:54'),
(6, 5, 78, '2008-07-31 22:06:31'),
(7, 50, 97, '2008-10-08 02:29:25'),
(8, 99, 65, '2008-07-29 11:04:55'),
(9, 141, 78, '2008-03-24 03:54:26'),
(10, 106, 19, '2008-11-07 21:51:48'),
(11, 1, 94, '2008-08-29 15:14:49'),
(12, 23, 21, '2008-05-09 02:08:11'),
(13, 141, 5, '2008-10-22 04:49:12'),
(14, 24, 103, '2008-01-25 07:04:42'),
(15, 137, 54, '2008-01-11 20:55:05'),
(16, 80, 43, '2008-05-30 14:12:05'),
(17, 138, 95, '2008-10-23 20:19:04'),
(18, 133, 99, '2008-02-19 10:42:45'),
(19, 137, 9, '2008-12-11 23:32:09'),
(20, 71, 126, '2008-11-12 11:59:05'),
(21, 59, 65, '2008-02-25 20:36:41'),
(22, 134, 93, '2008-09-17 12:24:33'),
(23, 52, 56, '2008-11-29 02:51:59'),
(24, 24, 50, '2008-07-29 23:57:33'),
(25, 44, 134, '2008-12-31 15:30:01'),
(26, 55, 7, '2008-01-16 02:11:28'),
(27, 73, 87, '2008-07-16 14:17:42'),
(28, 127, 92, '2008-02-20 13:55:04'),
(29, 18, 26, '2008-12-23 17:28:09'),
(30, 78, 9, '2008-06-24 08:12:17'),
(31, 114, 114, '2008-02-27 22:43:03'),
(32, 84, 20, '2008-07-17 12:43:10'),
(33, 99, 111, '2008-07-19 22:11:41'),
(34, 6, 137, '2008-06-18 14:06:07'),
(35, 24, 27, '2008-02-04 04:42:24'),
(36, 113, 60, '2008-10-23 11:13:27'),
(37, 56, 3, '2008-06-11 05:44:25'),
(38, 94, 125, '2008-05-28 12:15:50'),
(39, 22, 6, '2008-05-31 01:34:43'),
(40, 129, 24, '2008-01-28 02:10:53'),
(41, 104, 138, '2008-04-14 19:35:39'),
(42, 66, 14, '2008-12-04 23:11:06'),
(43, 119, 134, '2008-03-02 21:35:07'),
(44, 1, 47, '2008-09-24 07:45:13'),
(45, 1, 5, '2008-06-27 08:49:38'),
(46, 125, 59, '2008-02-10 02:02:56'),
(47, 76, 51, '2008-12-11 03:47:45'),
(48, 4, 32, '2008-02-12 15:39:29'),
(49, 111, 98, '2008-11-21 22:06:53'),
(50, 105, 124, '2008-04-27 07:10:46'),
(51, 22, 5, '2008-07-15 01:05:52'),
(52, 42, 89, '2008-07-20 00:58:41'),
(53, 70, 55, '2008-07-28 04:33:13'),
(54, 13, 64, '2008-05-17 15:12:21'),
(55, 79, 30, '2008-04-02 23:08:51'),
(56, 93, 33, '2008-05-11 06:19:08'),
(57, 83, 99, '2008-09-09 18:48:21'),
(58, 139, 33, '2008-02-20 05:15:15'),
(59, 30, 139, '2008-12-17 18:16:45'),
(60, 42, 44, '2008-02-05 19:02:36'),
(61, 94, 56, '2008-05-02 02:57:56'),
(62, 28, 70, '2008-06-03 23:22:32'),
(63, 28, 125, '2008-04-05 02:54:07'),
(64, 1, 44, '2008-05-04 17:03:37'),
(65, 2, 72, '2008-06-02 10:48:44'),
(66, 102, 31, '2008-06-11 20:03:42'),
(67, 24, 93, '2008-02-15 20:29:28'),
(68, 71, 90, '2008-03-25 21:30:44'),
(69, 27, 65, '2008-09-30 16:12:33'),
(70, 71, 134, '2008-01-23 06:38:26'),
(71, 78, 17, '2008-06-20 10:57:17'),
(72, 20, 66, '2008-03-16 18:22:28'),
(73, 142, 79, '2008-03-02 20:55:26'),
(74, 20, 49, '2008-04-01 00:27:10'),
(75, 38, 126, '2008-06-14 04:13:10'),
(76, 31, 128, '2008-06-04 17:27:48'),
(77, 58, 5, '2008-04-13 13:01:59'),
(78, 125, 39, '2008-05-14 09:00:52'),
(79, 32, 122, '2008-07-02 08:45:31'),
(80, 60, 97, '2008-06-16 15:47:15'),
(81, 63, 6, '2008-07-06 00:23:19'),
(82, 139, 60, '2008-07-16 06:15:50'),
(83, 34, 39, '2008-07-01 08:22:58'),
(84, 75, 126, '2008-07-19 03:03:01'),
(85, 131, 87, '2008-05-02 15:51:58'),
(86, 57, 106, '2008-09-14 02:58:22'),
(87, 6, 4, '2008-04-26 22:47:49'),
(88, 41, 23, '2008-05-08 14:08:51'),
(89, 85, 80, '2008-11-04 09:49:02'),
(90, 18, 105, '2008-04-17 13:22:44'),
(91, 99, 99, '2008-01-20 15:35:07'),
(92, 34, 10, '2008-12-08 19:35:39'),
(93, 19, 10, '2008-11-25 04:16:40'),
(94, 144, 143, '2008-11-02 13:04:56'),
(95, 98, 146, '2008-09-24 21:50:52'),
(96, 84, 138, '2008-12-01 16:14:01'),
(97, 143, 88, '2008-07-23 07:08:02'),
(98, 140, 19, '2008-12-07 20:36:50'),
(99, 31, 8, '2008-03-20 23:30:35'),
(100, 41, 68, '2008-02-11 22:43:16'),
(101, 55, 104, '2008-01-18 11:03:41'),
(102, 54, 102, '2008-09-25 09:23:10'),
(103, 68, 142, '2008-02-07 14:18:15'),
(104, 129, 37, '2008-11-29 17:52:41'),
(105, 50, 24, '2008-07-22 20:10:56'),
(106, 44, 8, '2008-03-30 17:48:18'),
(107, 65, 12, '2008-08-02 03:55:31'),
(108, 9, 66, '2008-03-08 21:01:18'),
(109, 73, 35, '2008-04-14 00:02:26'),
(110, 27, 80, '2008-01-15 12:15:46'),
(111, 145, 27, '2008-09-16 07:20:55'),
(112, 96, 1, '2008-05-30 20:58:34'),
(113, 95, 29, '2008-12-10 14:43:02'),
(114, 42, 59, '2008-07-31 22:47:35'),
(115, 133, 14, '2008-01-29 06:31:44'),
(116, 51, 79, '2008-04-16 17:08:54'),
(117, 74, 133, '2008-04-04 14:05:35'),
(118, 41, 18, '2008-09-10 04:04:16'),
(119, 71, 53, '2008-11-06 17:46:26'),
(120, 18, 131, '2008-03-03 11:28:50'),
(121, 63, 65, '2008-06-30 06:11:11'),
(122, 21, 75, '2008-03-30 09:50:15'),
(123, 46, 126, '2008-02-21 09:07:34'),
(124, 79, 71, '2008-04-06 01:14:22'),
(125, 107, 84, '2008-08-21 05:47:52'),
(126, 72, 28, '2008-01-30 02:56:51'),
(127, 140, 81, '2008-08-24 12:46:05'),
(128, 3, 82, '2008-04-19 01:40:16'),
(129, 31, 18, '2008-09-03 09:48:03'),
(130, 53, 76, '2008-04-13 05:19:15'),
(131, 26, 48, '2008-10-02 00:24:52'),
(132, 37, 1, '2008-12-13 13:59:21'),
(133, 79, 4, '2008-02-27 07:28:25'),
(134, 118, 49, '2008-02-21 20:43:58'),
(135, 80, 116, '2008-06-13 00:00:00'),
(136, 17, 15, '2008-04-25 14:40:57'),
(137, 84, 1, '2008-05-24 22:04:47'),
(138, 75, 96, '2008-08-13 22:25:31'),
(139, 117, 52, '2008-02-24 14:52:58'),
(140, 76, 16, '2008-08-09 02:39:19'),
(141, 105, 32, '2008-01-03 14:17:34'),
(142, 53, 130, '2008-05-23 00:03:12'),
(143, 30, 33, '2008-11-21 15:50:52'),
(144, 65, 3, '2008-02-18 14:30:41'),
(145, 39, 61, '2008-11-21 02:09:33'),
(146, 105, 30, '2008-04-22 04:47:46'),
(147, 115, 53, '2008-04-12 13:08:36'),
(148, 26, 94, '2008-01-19 13:44:10'),
(149, 33, 11, '2008-09-28 15:31:14'),
(150, 105, 124, '2008-04-26 05:10:35'),
(151, 143, 9, '2008-12-17 14:38:26'),
(152, 136, 47, '2008-01-13 16:22:32'),
(153, 119, 106, '2008-03-04 20:49:26'),
(154, 110, 109, '2008-12-17 14:02:11'),
(155, 123, 124, '2008-09-12 15:13:54'),
(156, 15, 73, '2008-05-07 09:00:44'),
(157, 25, 35, '2008-11-03 06:50:49'),
(158, 64, 48, '2008-11-03 15:20:01'),
(159, 96, 81, '2008-11-15 16:17:27'),
(160, 48, 123, '2008-05-09 14:33:16'),
(161, 2, 22, '2008-08-11 01:20:22'),
(162, 99, 15, '2008-10-30 23:12:13'),
(163, 95, 149, '2008-01-24 21:13:10'),
(164, 55, 101, '2008-01-30 09:05:29'),
(165, 31, 95, '2008-11-23 23:08:34'),
(166, 133, 95, '2008-06-19 21:47:13'),
(167, 129, 79, '2008-02-21 04:42:13'),
(168, 46, 73, '2008-02-01 01:29:58'),
(169, 106, 135, '2008-01-01 04:48:43'),
(170, 119, 43, '2008-10-31 12:18:02'),
(171, 108, 36, '2008-06-13 16:42:48'),
(172, 63, 19, '2008-06-04 08:33:02'),
(173, 74, 53, '2008-03-10 21:53:10'),
(174, 10, 116, '2008-08-13 08:59:01'),
(175, 144, 128, '2008-01-08 08:53:25'),
(176, 21, 58, '2008-05-04 15:14:08'),
(177, 23, 55, '2008-06-18 05:57:07'),
(178, 91, 9, '2008-10-30 18:06:00'),
(179, 106, 35, '2008-05-09 00:36:37'),
(180, 138, 44, '2008-08-28 17:14:06'),
(181, 122, 93, '2008-01-05 22:52:46'),
(182, 74, 15, '2008-02-12 05:43:28'),
(183, 19, 138, '2008-06-06 14:41:49'),
(184, 98, 42, '2008-03-22 17:45:46'),
(185, 93, 23, '2008-02-18 02:44:14'),
(186, 106, 115, '2008-10-31 17:26:23'),
(187, 70, 46, '2008-09-27 00:43:11'),
(188, 41, 93, '2008-10-29 15:12:11'),
(189, 16, 20, '2008-09-19 13:45:59'),
(190, 11, 100, '2008-03-26 12:22:01'),
(191, 93, 115, '2008-06-21 15:36:04'),
(192, 85, 66, '2008-05-13 03:22:34'),
(193, 4, 104, '2008-04-07 01:38:08'),
(194, 43, 23, '2008-05-10 12:29:37'),
(195, 85, 145, '2008-05-27 03:38:50'),
(196, 76, 109, '2008-11-21 12:17:05'),
(197, 12, 7, '2008-12-10 03:16:20'),
(198, 40, 13, '2008-09-21 20:37:42'),
(199, 13, 102, '2008-12-20 00:01:26'),
(200, 43, 128, '2008-02-13 22:31:13'),
(201, 102, 91, '2008-01-20 06:40:21'),
(202, 97, 134, '2008-02-11 22:18:06'),
(203, 43, 28, '2008-09-04 02:35:25'),
(204, 53, 9, '2008-10-02 01:09:10'),
(205, 92, 18, '2008-10-21 04:56:47'),
(206, 24, 60, '2008-04-11 07:39:57'),
(207, 125, 79, '2008-10-18 06:08:21'),
(208, 54, 29, '2008-03-08 16:00:25'),
(209, 53, 52, '2008-09-01 23:46:05'),
(210, 81, 95, '2008-05-08 03:13:47'),
(211, 91, 18, '2008-10-21 00:27:49'),
(212, 37, 1, '2008-04-12 17:16:37'),
(213, 44, 135, '2008-03-13 15:36:36'),
(214, 3, 67, '2008-06-18 01:40:00'),
(215, 129, 108, '2008-05-03 17:10:02'),
(216, 122, 10, '2008-02-20 06:06:50'),
(217, 111, 110, '2008-09-22 15:25:37'),
(218, 78, 124, '2008-08-07 13:47:53'),
(219, 62, 118, '2008-05-09 20:02:03'),
(220, 97, 11, '2008-07-19 18:03:46'),
(221, 56, 97, '2008-06-12 14:34:35'),
(222, 142, 34, '2008-09-13 02:16:13'),
(223, 41, 13, '2008-01-24 04:39:01'),
(224, 127, 45, '2008-04-19 05:18:19'),
(225, 109, 119, '2008-04-11 16:58:44');

-- --------------------------------------------------------

--
-- Structure de la table `canal`
--

CREATE TABLE `canal` (
  `id` int(10) UNSIGNED NOT NULL,
  `nom` varchar(50) NOT NULL,
  `descripcio` varchar(150) NOT NULL
) ENGINE=InnoDB DEFAULT CHARSET=utf8mb4 COLLATE=utf8mb4_general_ci;

--
-- Déchargement des données de la table `canal`
--

INSERT INTO `canal` (`id`, `nom`, `descripcio`) VALUES
(1, 'Mike like swimming. Mike watches football. ', 'Anne is walking. Anne bought new car. Tony bought new car. John is shopping. John has free time. '),
(2, 'I watches football. I watches football. ', 'Anne is walking. Anne is walking. John bought new car. Tony has free time. Anne has free time. '),
(3, 'Rudi like swimming. I loves flowers. ', 'John bought new car. John bought new car. John bought new car. Tony has free time. Anne has free time. '),
(4, 'Mike watches football. Mike like sports. ', 'John bought new car. Tony is walking. John is walking. John has free time. Tony has free time. '),
(5, 'Mike watches football. Mike like swimming. ', 'Anne has free time. Anne bought new car. John is walking. John has free time. '),
(6, 'Rudi watches football. Mike watches football. ', 'Anne bought new car. Anne is shopping. Tony is shopping. John is walking. Anne is walking. '),
(7, 'I like sports. Rudi loves flowers. ', 'John is walking. John has free time. '),
(8, 'Mike loves flowers. Mike watches football. ', 'Anne bought new car. Tony bought new car. '),
(9, 'I watches football. I loves flowers. ', 'Anne bought new car. Anne is shopping. John is shopping. John bought new car. John has free time. '),
(10, 'Mike watches football. Mike watches football. ', 'John bought new car. John is walking. Tony is walking. '),
(11, 'Mike watches football. Rudi loves flowers. ', 'Anne bought new car. Anne is walking. '),
(12, 'I loves flowers. Rudi watches football. ', 'Tony bought new car. Anne is walking. '),
(13, 'Mike watches football. I like swimming. ', 'Tony has free time. Anne is walking. '),
(14, 'I watches football. Rudi loves flowers. ', 'John is walking. Anne has free time. Tony has free time. '),
(15, 'Mike like sports. ', 'Anne bought new car. Anne bought new car. '),
(16, 'I watches football. Rudi loves flowers. ', 'Anne has free time. Anne bought new car. Anne is shopping. Anne has free time. Tony bought new car. '),
(17, 'Mike like sports. Mike watches football. ', 'Anne bought new car. Tony is shopping. '),
(18, 'Mike watches football. I loves flowers. ', 'Anne bought new car. Anne is walking. John bought new car. John is walking. John has free time. '),
(19, 'I watches football. Rudi like sports. ', 'Tony has free time. Tony has free time. '),
(20, 'Mike like sports. Mike loves flowers. ', 'Anne bought new car. John has free time. Tony bought new car. Anne bought new car. Anne bought new car. '),
(21, 'Mike watches football. I like swimming. ', 'John has free time. Tony bought new car. Tony bought new car. Tony has free time. John is walking. '),
(22, 'I loves flowers. Mike like sports. ', 'Anne is walking. Anne bought new car. '),
(23, 'Mike watches football. Mike watches football. ', 'Anne bought new car. Anne is shopping. John bought new car. John bought new car. Anne is shopping. '),
(24, 'Rudi like sports. Rudi like swimming. ', 'John is shopping. Anne is shopping. John is walking. Tony bought new car. John has free time. '),
(25, 'Mike loves flowers. I watches football. ', 'John is shopping. Anne has free time. John bought new car. Tony has free time. Tony has free time. '),
(26, 'Mike watches football. Mike watches football. ', 'Tony bought new car. Anne is walking. Tony bought new car. John is walking. Tony bought new car. '),
(27, 'I watches football. I watches football. ', 'John bought new car. Anne has free time. '),
(28, 'Mike loves flowers. Mike watches football. ', 'Anne has free time. John is walking. Anne has free time. John bought new car. Anne is walking. '),
(29, 'Mike loves flowers. Mike watches football. ', 'Anne bought new car. Tony is walking. '),
(30, 'Rudi watches football. I watches football. ', 'Anne has free time. John is walking. Tony bought new car. '),
(31, 'Mike loves flowers. Rudi loves flowers. ', 'Anne has free time. John is walking. Tony has free time. Tony bought new car. '),
(32, 'I like sports. ', 'Tony bought new car. Anne has free time. '),
(33, 'I watches football. ', 'John bought new car. Tony has free time. Tony has free time. '),
(34, 'I loves flowers. Rudi watches football. ', 'Tony has free time. Tony has free time. Tony bought new car. Anne has free time. Anne has free time. '),
(35, 'Rudi watches football. ', 'John bought new car. John is shopping. John bought new car. '),
(36, 'Mike like swimming. Mike watches football. ', 'Anne is walking. Tony bought new car. John bought new car. Tony bought new car. Tony has free time. '),
(37, 'I like sports. Rudi like sports. ', 'John bought new car. Anne bought new car. John bought new car. '),
(38, 'I watches football. ', 'Tony has free time. Tony has free time. John is walking. Tony has free time. Tony has free time. '),
(39, 'Mike watches football. ', 'John bought new car. John bought new car. John is walking. John is shopping. '),
(40, 'Mike loves flowers. Rudi watches football. ', 'Tony has free time. Anne has free time. Tony is shopping. '),
(41, 'I loves flowers. Mike like swimming. ', 'John has free time. John bought new car. John is walking. Anne has free time. Tony has free time. '),
(42, 'Mike like sports. ', 'Tony has free time. John bought new car. Tony bought new car. '),
(43, 'I watches football. ', 'Tony has free time. Anne is shopping. John is walking. Tony has free time. Tony has free time. '),
(44, 'Mike loves flowers. Rudi watches football. ', 'Anne is shopping. Anne has free time. John bought new car. Tony has free time. Anne has free time. '),
(45, 'Mike like swimming. Rudi watches football. ', 'Anne has free time. Tony is walking. Tony has free time. John has free time. '),
(46, 'Mike watches football. ', 'Anne has free time. Tony is shopping. John bought new car. Tony bought new car. John has free time. '),
(47, 'Mike like sports. Mike loves flowers. ', 'Anne bought new car. Anne bought new car. John bought new car. Tony has free time. Tony is shopping. '),
(48, 'Mike loves flowers. Mike like sports. ', 'John has free time. Anne is walking. Anne bought new car. '),
(49, 'Rudi watches football. ', 'Anne bought new car. Tony has free time. '),
(50, 'Rudi loves flowers. Rudi watches football. ', 'Anne bought new car. Anne bought new car. John bought new car. Tony bought new car. John bought new car. '),
(51, 'Rudi loves flowers. Mike like swimming. ', 'John bought new car. Anne bought new car. Tony bought new car. '),
(52, 'Rudi loves flowers. ', 'Tony has free time. Anne is walking. Tony has free time. Tony has free time. '),
(53, 'Mike watches football. Mike watches football. ', 'Tony bought new car. Anne has free time. Tony has free time. Tony has free time. Anne is shopping. '),
(54, 'I loves flowers. Rudi watches football. ', 'John is walking. Anne is walking. Tony has free time. Anne has free time. Tony bought new car. '),
(55, 'Mike loves flowers. I loves flowers. ', 'John has free time. John is walking. John bought new car. Anne has free time. Tony has free time. '),
(56, 'Rudi like sports. Mike like swimming. ', 'Anne is shopping. Anne has free time. Tony bought new car. Tony has free time. John has free time. '),
(57, 'I watches football. I watches football. ', 'Tony bought new car. Anne is walking. Anne bought new car. Tony has free time. John is walking. '),
(58, 'Rudi loves flowers. Rudi like sports. ', 'John bought new car. Anne is walking. John bought new car. John is shopping. '),
(59, 'I like swimming. I like swimming. ', 'Anne is walking. Anne is shopping. Anne bought new car. John is shopping. Anne bought new car. '),
(60, 'Rudi like swimming. Rudi like sports. ', 'Anne bought new car. Tony bought new car. John is walking. John bought new car. John is shopping. '),
(61, 'Mike like swimming. Mike like swimming. ', 'Tony is walking. Anne is shopping. John bought new car. John has free time. Tony has free time. '),
(62, 'I watches football. Rudi watches football. ', 'Tony bought new car. Tony has free time. John is shopping. '),
(63, 'Rudi like swimming. Rudi watches football. ', 'Tony is walking. Tony is shopping. '),
(64, 'Mike loves flowers. Mike watches football. ', 'Tony bought new car. John has free time. Anne is shopping. Tony has free time. John is shopping. '),
(65, 'Mike loves flowers. Rudi loves flowers. ', 'Anne is walking. Anne is shopping. '),
(66, 'Mike loves flowers. I watches football. ', 'John is shopping. John is walking. '),
(67, 'Rudi watches football. I loves flowers. ', 'Anne has free time. Anne is walking. Tony has free time. John has free time. John has free time. '),
(68, 'Mike watches football. ', 'Anne is walking. Anne is walking. Tony bought new car. '),
(69, 'Mike watches football. ', 'Anne bought new car. Anne bought new car. John is walking. Tony bought new car. Anne is shopping. '),
(70, 'Mike watches football. Rudi watches football. ', 'Tony has free time. Anne has free time. John bought new car. John has free time. Tony has free time. '),
(71, 'Rudi watches football. Mike watches football. ', 'Anne bought new car. Anne is shopping. '),
(72, 'Rudi like swimming. ', 'Anne is shopping. Anne is walking. Anne is walking. Anne has free time. Anne has free time. '),
(73, 'Rudi like swimming. I loves flowers. ', 'Tony bought new car. John is walking. '),
(74, 'I like sports. Rudi watches football. ', 'Anne bought new car. Tony is walking. Tony bought new car. Tony is shopping. John is walking. '),
(75, 'Mike watches football. Rudi loves flowers. ', 'Anne has free time. Anne bought new car. '),
(76, 'Mike loves flowers. Mike watches football. ', 'John is walking. John has free time. '),
(77, 'Mike loves flowers. Mike watches football. ', 'John bought new car. Anne is shopping. John is shopping. '),
(78, 'Mike like swimming. Rudi loves flowers. ', 'Tony bought new car. Anne has free time. Tony is walking. John has free time. '),
(79, 'Mike loves flowers. Rudi watches football. ', 'Anne has free time. John has free time. '),
(80, 'I like sports. Rudi watches football. ', 'Anne has free time. Tony has free time. John bought new car. '),
(81, 'Rudi like swimming. Rudi like sports. ', 'Tony bought new car. Tony has free time. Tony is shopping. John bought new car. Anne has free time. '),
(82, 'Rudi watches football. I like swimming. ', 'Anne has free time. John has free time. '),
(83, 'I like swimming. Mike watches football. ', 'Anne bought new car. John bought new car. Anne bought new car. Tony has free time. Tony is shopping. '),
(84, 'Rudi like sports. Rudi like swimming. ', 'Anne bought new car. Tony is shopping. John has free time. John has free time. John is walking. '),
(85, 'Mike watches football. Rudi loves flowers. ', 'Anne bought new car. Anne has free time. Tony is shopping. '),
(86, 'Rudi loves flowers. I watches football. ', 'Tony has free time. Tony is shopping. Anne bought new car. John is walking. Tony bought new car. '),
(87, 'Mike loves flowers. Rudi like swimming. ', 'Anne has free time. Anne is walking. John bought new car. Tony bought new car. '),
(88, 'Rudi like sports. Rudi like sports. ', 'Anne bought new car. Anne is walking. Tony bought new car. Anne is walking. John has free time. '),
(89, 'Mike watches football. Rudi watches football. ', 'John bought new car. John has free time. Tony bought new car. Anne has free time. John bought new car. '),
(90, 'Mike watches football. Mike watches football. ', 'John is walking. John is shopping. Tony is shopping. '),
(91, 'Mike watches football. Mike loves flowers. ', 'Anne bought new car. Anne has free time. Tony has free time. Tony has free time. Tony bought new car. '),
(92, 'Rudi like swimming. Mike like sports. ', 'Anne bought new car. Anne is shopping. Tony bought new car. '),
(93, 'Rudi watches football. Mike watches football. ', 'Tony bought new car. Tony bought new car. '),
(94, 'Rudi watches football. ', 'Anne has free time. Anne is shopping. '),
(95, 'Mike watches football. Mike loves flowers. ', 'Anne is walking. Anne bought new car. '),
(96, 'Rudi loves flowers. Mike like sports. ', 'Anne is walking. Tony bought new car. John is walking. John has free time. Tony is shopping. '),
(97, 'Mike watches football. Rudi watches football. ', 'Tony has free time. Tony bought new car. '),
(98, 'Mike loves flowers. I watches football. ', 'Anne has free time. Anne has free time. Tony is walking. Anne bought new car. '),
(99, 'Mike watches football. Mike like sports. ', 'Tony has free time. Anne has free time. Anne bought new car. John bought new car. John bought new car. '),
(100, 'Rudi like swimming. Mike loves flowers. ', 'John bought new car. John has free time. Tony bought new car. Anne bought new car. Tony has free time. ');

-- --------------------------------------------------------

--
-- Structure de la table `comentari`
--

CREATE TABLE `comentari` (
  `id` int(10) UNSIGNED NOT NULL,
  `id_video` int(10) UNSIGNED NOT NULL,
  `id_usario` int(10) UNSIGNED NOT NULL,
  `textComentari` varchar(200) NOT NULL,
  `dataHora` datetime NOT NULL
) ENGINE=InnoDB DEFAULT CHARSET=utf8mb4 COLLATE=utf8mb4_general_ci;

--
-- Déchargement des données de la table `comentari`
--

INSERT INTO `comentari` (`id`, `id_video`, `id_usario`, `textComentari`, `dataHora`) VALUES
(1, 74, 109, 'Anne bought new car. Tony is walking. Tony bought new car. Anne has free time. Anne bought new car. ', '2008-09-24 08:40:23'),
(2, 11, 44, 'Tony is walking. Anne is walking. John bought new car. John is walking. ', '2008-11-28 03:05:35'),
(3, 42, 132, 'Tony is shopping. Tony is shopping. Anne bought new car. ', '2008-12-02 04:59:00'),
(4, 41, 1, 'Tony has free time. Anne has free time. John is walking. Anne has free time. John has free time. ', '2008-10-23 16:23:43'),
(5, 21, 72, 'John is walking. Anne is shopping. John is shopping. John bought new car. John has free time. ', '2008-12-02 04:02:41'),
(6, 4, 126, 'Anne bought new car. Tony is shopping. Anne bought new car. Tony has free time. Anne bought new car. ', '2008-03-20 16:03:56'),
(7, 34, 144, 'Tony is shopping. Anne is shopping. Anne has free time. Tony has free time. John is walking. ', '2008-09-05 16:13:47'),
(8, 66, 5, 'John has free time. Tony bought new car. John is shopping. John is shopping. John has free time. ', '2008-04-14 01:36:03'),
(9, 97, 126, 'Anne is shopping. Tony bought new car. ', '2008-01-29 15:33:28'),
(10, 72, 135, 'Anne has free time. John bought new car. Anne bought new car. Tony has free time. ', '2008-07-01 08:32:48'),
(11, 1, 144, 'John bought new car. John is shopping. ', '2008-01-10 00:57:43'),
(12, 16, 66, 'Tony is shopping. Anne bought new car. John has free time. Tony bought new car. Tony has free time. ', '2008-11-08 00:22:52'),
(13, 97, 34, 'John has free time. Tony has free time. ', '2008-09-12 21:13:36'),
(14, 16, 75, 'Tony bought new car. Tony is shopping. Anne has free time. John bought new car. Anne has free time. ', '2008-10-19 11:12:58'),
(15, 94, 13, 'Anne has free time. Anne has free time. ', '2008-10-21 13:33:59'),
(16, 56, 124, 'Anne is shopping. Anne bought new car. ', '2008-04-07 23:37:28'),
(17, 95, 111, 'John is shopping. Anne has free time. Tony has free time. Tony has free time. John bought new car. ', '2008-02-25 07:25:20'),
(18, 92, 38, 'Anne bought new car. Anne has free time. John has free time. Tony has free time. John has free time. ', '2008-07-29 05:54:10'),
(19, 94, 139, 'Anne has free time. Anne is shopping. Tony is walking. John bought new car. John has free time. ', '2008-12-04 08:31:09'),
(20, 49, 80, 'Anne has free time. John is shopping. Anne has free time. ', '2008-06-02 19:57:40'),
(21, 40, 5, 'John has free time. Tony has free time. John is shopping. Tony is walking. Anne has free time. ', '2008-10-06 12:31:48'),
(22, 92, 18, 'Tony bought new car. Anne is shopping. Tony bought new car. John has free time. Tony is walking. ', '2008-09-19 09:30:38'),
(23, 35, 104, 'Anne has free time. John is shopping. Tony bought new car. Tony bought new car. Anne has free time. ', '2008-01-02 04:41:44'),
(24, 16, 116, 'Anne is walking. Tony is walking. Tony is shopping. Tony bought new car. ', '2008-07-14 04:39:24'),
(25, 30, 125, 'Anne bought new car. Tony is walking. ', '2008-09-26 11:44:25'),
(26, 37, 56, 'Anne has free time. John is walking. Tony bought new car. John is walking. Anne has free time. ', '2008-05-11 21:30:30'),
(27, 51, 10, 'John is shopping. Tony bought new car. Tony has free time. John has free time. Tony has free time. ', '2008-12-15 22:26:14'),
(28, 87, 42, 'John bought new car. Tony has free time. John has free time. Tony is shopping. Tony has free time. ', '2008-06-15 00:13:46'),
(29, 12, 60, 'Anne bought new car. John bought new car. Anne is shopping. Anne bought new car. John has free time. ', '2008-10-28 09:55:59'),
(30, 54, 139, 'Anne bought new car. Tony is shopping. John bought new car. ', '2008-02-17 07:20:02'),
(31, 78, 52, 'Anne bought new car. Anne is shopping. Anne is shopping. John has free time. John has free time. ', '2008-03-10 00:23:26'),
(32, 59, 76, 'Tony has free time. John is shopping. Tony bought new car. Tony has free time. Anne is walking. ', '2008-08-23 20:52:12'),
(33, 66, 145, 'Anne bought new car. Anne is shopping. Tony is shopping. Tony bought new car. Anne is shopping. ', '2008-04-29 07:27:05'),
(34, 5, 101, 'Anne bought new car. John is walking. John bought new car. Tony is walking. ', '2008-05-30 05:13:05'),
(35, 16, 81, 'Anne has free time. Anne bought new car. Anne has free time. John is walking. John has free time. ', '2008-10-02 00:36:04'),
(36, 77, 50, 'John is shopping. Anne bought new car. Anne bought new car. Anne has free time. Anne bought new car. ', '2008-03-10 03:02:20'),
(37, 38, 69, 'Tony bought new car. Anne bought new car. ', '2008-04-12 14:12:18'),
(38, 63, 118, 'Tony bought new car. Anne bought new car. ', '2008-06-14 01:32:25'),
(39, 14, 9, 'Anne has free time. Anne bought new car. John has free time. John has free time. Tony has free time. ', '2008-03-25 04:19:12'),
(40, 88, 26, 'John bought new car. Anne is shopping. John bought new car. Tony has free time. Tony bought new car. ', '2008-08-02 18:50:30'),
(41, 70, 84, 'Anne bought new car. Anne has free time. ', '2008-10-22 13:09:56'),
(42, 46, 25, 'Tony bought new car. Anne is shopping. John bought new car. Tony bought new car. ', '2008-09-26 09:31:04'),
(43, 81, 125, 'Tony bought new car. John has free time. Tony bought new car. John has free time. Anne bought new car. ', '2008-10-04 19:55:22'),
(44, 1, 85, 'Tony bought new car. Anne is walking. Tony bought new car. John bought new car. Anne bought new car. ', '2008-06-01 08:25:49'),
(45, 1, 34, 'Anne bought new car. Anne is shopping. John bought new car. John has free time. Tony has free time. ', '2008-10-12 22:36:39'),
(46, 86, 37, 'Anne bought new car. Tony bought new car. Tony bought new car. Tony has free time. Tony is walking. ', '2008-06-19 13:54:51'),
(47, 53, 23, 'John bought new car. Anne is shopping. Tony bought new car. Tony is shopping. John bought new car. ', '2008-11-22 19:51:13'),
(48, 3, 100, 'Tony has free time. Anne is walking. John bought new car. John is walking. ', '2008-05-20 08:16:21'),
(49, 75, 141, 'Tony bought new car. Tony is walking. Tony has free time. Tony bought new car. Tony has free time. ', '2008-07-10 18:13:33'),
(50, 71, 95, 'Anne bought new car. John is walking. John bought new car. John has free time. ', '2008-10-13 00:44:55'),
(51, 15, 34, 'Tony is shopping. Anne is walking. John bought new car. Anne has free time. John has free time. ', '2008-01-19 18:40:15'),
(52, 28, 103, 'Anne bought new car. Anne bought new car. Anne is walking. John has free time. John has free time. ', '2008-11-11 23:41:24'),
(53, 49, 93, 'Tony bought new car. Tony has free time. Tony is walking. ', '2008-05-06 21:25:20'),
(54, 8, 4, 'Tony bought new car. Tony is walking. Tony bought new car. John has free time. Tony bought new car. ', '2008-02-15 10:12:22'),
(55, 55, 92, 'Anne has free time. Tony is walking. Anne has free time. Tony is walking. Anne has free time. ', '2008-06-24 17:12:04'),
(56, 62, 109, 'Tony bought new car. Tony has free time. Tony has free time. John is shopping. Tony has free time. ', '2008-06-27 16:36:39'),
(57, 58, 38, 'Anne bought new car. John is walking. ', '2008-11-27 18:24:40'),
(58, 96, 109, 'John bought new car. Anne is shopping. Anne is shopping. John has free time. Anne has free time. ', '2008-03-07 07:53:49'),
(59, 21, 124, 'John bought new car. Anne is shopping. ', '2008-07-27 17:58:55'),
(60, 28, 2, 'Anne is walking. Anne is walking. Anne is walking. John has free time. Tony has free time. ', '2008-07-15 23:29:30'),
(61, 63, 103, 'Anne is walking. Anne is shopping. John bought new car. John is shopping. Tony has free time. ', '2008-07-23 02:07:11'),
(62, 20, 78, 'Anne has free time. Tony is shopping. Tony bought new car. Tony has free time. John bought new car. ', '2008-11-03 11:16:32'),
(63, 19, 118, 'John has free time. Anne bought new car. John has free time. ', '2008-07-28 05:18:49'),
(64, 1, 2, 'Anne bought new car. Tony bought new car. ', '2008-12-29 00:25:33'),
(65, 2, 19, 'Anne bought new car. Tony has free time. Tony bought new car. Anne bought new car. John bought new car. ', '2008-11-24 11:54:35'),
(66, 69, 122, 'Tony has free time. Anne is walking. Anne bought new car. John has free time. Tony has free time. ', '2008-07-17 01:38:55'),
(67, 17, 17, 'John bought new car. Tony is shopping. John has free time. Tony bought new car. John bought new car. ', '2008-03-19 11:16:27'),
(68, 49, 17, 'John bought new car. Anne bought new car. Tony bought new car. Tony is shopping. Tony has free time. ', '2008-11-13 11:29:28'),
(69, 18, 5, 'Tony bought new car. Anne is shopping. Tony has free time. John has free time. Anne has free time. ', '2008-04-28 07:16:13'),
(70, 49, 125, 'Anne is walking. Anne has free time. Tony bought new car. John bought new car. John bought new car. ', '2008-02-16 13:22:06'),
(71, 55, 136, 'Anne is walking. Anne is walking. Tony bought new car. John has free time. John has free time. ', '2008-02-24 04:11:11'),
(72, 13, 111, 'John has free time. John is shopping. Tony bought new car. John is shopping. John has free time. ', '2008-07-04 01:31:26'),
(73, 98, 41, 'Tony bought new car. John is walking. Tony bought new car. ', '2008-09-06 03:30:29'),
(74, 14, 119, 'Anne bought new car. Anne is walking. Anne bought new car. Tony bought new car. Tony has free time. ', '2008-06-14 12:12:12'),
(75, 25, 80, 'Anne bought new car. Anne bought new car. John has free time. Tony bought new car. ', '2008-12-08 16:44:14'),
(76, 21, 5, 'Tony has free time. Anne has free time. Anne bought new car. John has free time. Anne has free time. ', '2008-05-18 01:07:20'),
(77, 40, 33, 'Anne bought new car. Tony is walking. John has free time. Tony has free time. Tony bought new car. ', '2008-07-24 13:37:41'),
(78, 85, 20, 'John bought new car. Anne is shopping. John is shopping. Tony has free time. John has free time. ', '2008-07-25 02:34:33'),
(79, 22, 22, 'John bought new car. Tony has free time. Tony bought new car. John is walking. ', '2008-04-16 22:54:15'),
(80, 41, 143, 'Anne has free time. Tony is walking. Anne is walking. ', '2008-10-30 09:27:17'),
(81, 44, 9, 'John bought new car. Tony bought new car. John is shopping. Tony bought new car. John bought new car. ', '2008-10-24 15:47:13'),
(82, 95, 50, 'John has free time. Anne is walking. Anne bought new car. Anne has free time. ', '2008-07-26 02:35:09'),
(83, 24, 20, 'Anne is walking. Tony has free time. ', '2008-05-02 17:01:34'),
(84, 53, 81, 'Anne is shopping. John is walking. ', '2008-06-25 05:14:01'),
(85, 89, 10, 'Tony bought new car. Tony has free time. Tony bought new car. Tony bought new car. ', '2008-09-21 04:05:45'),
(86, 39, 54, 'Tony is walking. Anne bought new car. Tony has free time. Tony is walking. Tony has free time. ', '2008-05-31 13:03:36'),
(87, 4, 67, 'John has free time. Anne is walking. Anne has free time. ', '2008-08-13 12:57:43'),
(88, 28, 58, 'Tony is shopping. Anne is walking. Anne bought new car. John bought new car. Anne has free time. ', '2008-02-25 06:09:10'),
(89, 60, 68, 'Anne bought new car. Anne is shopping. ', '2008-09-19 07:25:18'),
(90, 12, 57, 'Anne has free time. John has free time. Anne bought new car. Anne bought new car. John has free time. ', '2008-11-03 18:58:32'),
(91, 66, 39, 'Tony bought new car. Anne bought new car. John bought new car. Tony has free time. John bought new car. ', '2008-01-21 21:44:02'),
(92, 23, 117, 'Anne bought new car. John is shopping. Anne is shopping. Tony bought new car. Tony bought new car. ', '2008-09-01 00:35:58'),
(93, 12, 117, 'Tony bought new car. Anne has free time. John has free time. John has free time. John has free time. ', '2008-06-13 18:44:53'),
(94, 100, 40, 'Anne has free time. Anne is shopping. Anne is walking. Anne is walking. Anne bought new car. ', '2008-09-21 15:36:25'),
(95, 66, 114, 'Anne bought new car. Anne is shopping. ', '2008-07-14 01:06:57'),
(96, 59, 84, 'Anne is shopping. John bought new car. Tony has free time. Tony has free time. John has free time. ', '2008-08-03 19:09:48'),
(97, 99, 51, 'Tony bought new car. Tony has free time. Tony bought new car. Anne bought new car. Tony has free time. ', '2008-08-16 02:31:35'),
(98, 97, 135, 'Anne has free time. Anne is shopping. John has free time. ', '2008-01-02 12:48:56'),
(99, 21, 108, 'Tony has free time. Anne is shopping. John has free time. John has free time. Tony has free time. ', '2008-09-09 02:11:23'),
(100, 27, 78, 'John has free time. John has free time. John bought new car. John bought new car. John is walking. ', '2008-12-28 14:13:38'),
(101, 38, 130, 'Tony is walking. John is shopping. John has free time. Tony has free time. Anne bought new car. ', '2008-11-12 12:12:34'),
(102, 37, 61, 'Anne is shopping. Tony is walking. Anne is walking. ', '2008-04-22 08:37:00'),
(103, 47, 62, 'Tony has free time. Anne is walking. ', '2008-07-03 11:12:16'),
(104, 88, 63, 'John bought new car. Anne bought new car. John bought new car. Anne has free time. Tony bought new car. ', '2008-04-30 00:58:47'),
(105, 34, 25, 'Anne has free time. Tony bought new car. ', '2008-07-01 09:18:25'),
(106, 30, 108, 'John bought new car. Anne has free time. John bought new car. John is shopping. Tony has free time. ', '2008-11-10 07:16:13'),
(107, 45, 24, 'Anne bought new car. Anne has free time. Tony is walking. Tony is shopping. John bought new car. ', '2008-09-24 04:33:21'),
(108, 6, 112, 'Anne is shopping. Tony bought new car. Tony has free time. Anne is shopping. Tony has free time. ', '2008-05-08 03:46:24'),
(109, 51, 26, 'John bought new car. Tony has free time. Tony has free time. Tony is shopping. ', '2008-11-01 04:15:18'),
(110, 19, 68, 'John is walking. Tony has free time. John bought new car. Anne is shopping. ', '2008-11-25 01:38:50'),
(111, 100, 81, 'Tony bought new car. Anne bought new car. John has free time. John has free time. John has free time. ', '2008-06-08 00:05:41'),
(112, 64, 118, 'John is shopping. John bought new car. Tony bought new car. Anne bought new car. Tony bought new car. ', '2008-06-22 07:42:11'),
(113, 64, 16, 'Anne bought new car. Anne bought new car. John has free time. ', '2008-02-29 19:06:53'),
(114, 28, 34, 'Tony bought new car. Anne bought new car. John is walking. Tony has free time. Tony is walking. ', '2008-04-27 18:48:47'),
(115, 91, 24, 'John bought new car. Tony has free time. ', '2008-08-28 18:10:17'),
(116, 35, 41, 'Anne has free time. Tony is shopping. Anne is walking. Tony is walking. Tony has free time. ', '2008-05-31 18:16:11'),
(117, 51, 96, 'Anne bought new car. Anne bought new car. ', '2008-05-19 12:34:17'),
(118, 27, 133, 'Anne bought new car. Tony is walking. John bought new car. ', '2008-08-17 08:07:53'),
(119, 50, 76, 'John bought new car. Anne has free time. Tony bought new car. John has free time. ', '2008-06-15 11:06:26'),
(120, 12, 29, 'Anne is walking. Tony is shopping. John bought new car. Tony has free time. John has free time. ', '2008-01-13 22:21:29'),
(121, 43, 4, 'John is walking. John is walking. John is shopping. Anne has free time. Tony has free time. ', '2008-10-30 08:19:13'),
(122, 14, 45, 'Anne has free time. Tony has free time. Tony bought new car. Tony has free time. Anne bought new car. ', '2008-12-22 23:32:26'),
(123, 31, 80, 'Anne has free time. John is shopping. Tony is shopping. ', '2008-01-22 17:31:46'),
(124, 55, 94, 'John bought new car. Tony has free time. Tony bought new car. John has free time. John has free time. ', '2008-06-21 11:45:46'),
(125, 72, 91, 'Tony has free time. John has free time. ', '2008-11-02 09:12:08'),
(126, 50, 128, 'John bought new car. Anne is walking. John bought new car. Anne is shopping. Tony has free time. ', '2008-02-12 18:55:13'),
(127, 97, 71, 'John bought new car. Anne is walking. ', '2008-06-08 16:58:17'),
(128, 2, 137, 'Anne bought new car. Tony bought new car. John bought new car. John bought new car. Anne bought new car. ', '2008-02-03 08:50:01'),
(129, 21, 133, 'Tony bought new car. Anne bought new car. John is walking. Anne bought new car. ', '2008-07-06 23:15:29'),
(130, 36, 38, 'John has free time. John is walking. Tony bought new car. Tony bought new car. Tony bought new car. ', '2008-06-22 13:02:21'),
(131, 18, 6, 'Anne has free time. Anne bought new car. Anne is shopping. ', '2008-04-21 08:14:44'),
(132, 25, 119, 'John is walking. Anne is shopping. Tony bought new car. Anne has free time. Tony has free time. ', '2008-09-06 09:20:23'),
(133, 55, 67, 'Anne is shopping. Anne is walking. Tony bought new car. ', '2008-08-21 05:17:09'),
(134, 81, 120, 'John bought new car. Anne bought new car. Tony bought new car. Anne has free time. ', '2008-10-16 03:48:34'),
(135, 56, 58, 'John is shopping. John bought new car. Anne bought new car. John has free time. Anne has free time. ', '2008-09-19 03:35:06'),
(136, 11, 134, 'Tony bought new car. Anne has free time. Anne bought new car. Anne has free time. Tony bought new car. ', '2008-04-19 23:35:04'),
(137, 59, 118, 'Anne bought new car. Anne bought new car. Anne has free time. Tony bought new car. ', '2008-05-17 08:48:55'),
(138, 52, 100, 'Anne has free time. Tony bought new car. ', '2008-05-15 16:25:13'),
(139, 79, 49, 'Anne is walking. Anne is walking. John bought new car. John bought new car. Tony bought new car. ', '2008-04-01 01:48:05'),
(140, 53, 97, 'Tony bought new car. John bought new car. John bought new car. Tony is shopping. John has free time. ', '2008-05-30 04:25:09'),
(141, 70, 99, 'Tony bought new car. Tony bought new car. John bought new car. John has free time. Anne bought new car. ', '2008-09-26 14:14:41'),
(142, 37, 60, 'Tony bought new car. John bought new car. Tony bought new car. John is walking. Tony bought new car. ', '2008-04-24 20:13:28'),
(143, 21, 109, 'Tony is shopping. Anne is walking. Anne has free time. John has free time. Tony has free time. ', '2008-09-04 15:31:27'),
(144, 45, 70, 'Anne bought new car. Tony is walking. John bought new car. ', '2008-05-28 21:49:42'),
(145, 26, 105, 'John is shopping. Anne has free time. John is shopping. John is shopping. John bought new car. ', '2008-10-21 12:04:18'),
(146, 70, 92, 'Tony bought new car. John bought new car. Tony bought new car. Tony bought new car. John has free time. ', '2008-10-15 17:23:17'),
(147, 78, 77, 'Tony is walking. Anne is walking. ', '2008-01-09 20:49:40'),
(148, 18, 144, 'John is shopping. Anne bought new car. Tony bought new car. Tony is walking. John has free time. ', '2008-05-11 14:05:04'),
(149, 23, 1, 'John has free time. Anne has free time. John is walking. John is walking. ', '2008-06-13 07:42:32'),
(150, 70, 95, 'John bought new car. Anne has free time. ', '2008-10-09 16:45:56');

-- --------------------------------------------------------

--
-- Structure de la table `creaciocanal`
--

CREATE TABLE `creaciocanal` (
  `id` int(10) UNSIGNED NOT NULL,
  `dataHora` datetime NOT NULL,
  `id_usario` int(10) UNSIGNED NOT NULL,
  `id_canal` int(10) UNSIGNED NOT NULL
) ENGINE=InnoDB DEFAULT CHARSET=utf8mb4 COLLATE=utf8mb4_general_ci;

--
-- Déchargement des données de la table `creaciocanal`
--

INSERT INTO `creaciocanal` (`id`, `dataHora`, `id_usario`, `id_canal`) VALUES
(1, '2008-09-24 11:02:02', 109, 74),
(2, '2008-02-06 17:33:22', 44, 57),
(3, '2008-05-30 01:08:58', 132, 8),
(4, '2008-05-29 01:57:02', 1, 81),
(5, '2008-03-16 23:34:00', 72, 7),
(6, '2008-01-14 05:17:28', 126, 59),
(7, '2008-05-01 17:35:10', 144, 77),
(8, '2008-08-29 02:29:21', 5, 58),
(9, '2008-12-20 03:46:02', 126, 23),
(10, '2008-09-17 02:08:12', 135, 86),
(11, '2008-01-03 04:43:59', 144, 67),
(12, '2008-02-25 20:38:04', 66, 36),
(13, '2008-12-18 16:10:57', 34, 81),
(14, '2008-02-28 08:44:00', 75, 7),
(15, '2008-12-09 22:46:37', 13, 3),
(16, '2008-07-21 17:58:14', 124, 42),
(17, '2008-12-12 15:09:35', 111, 82),
(18, '2008-11-29 08:47:18', 38, 14),
(19, '2008-12-08 22:19:44', 139, 95),
(20, '2008-06-27 05:34:31', 80, 87),
(21, '2008-05-25 07:46:44', 5, 16),
(22, '2008-11-30 11:14:57', 18, 72),
(23, '2008-05-07 03:35:53', 104, 92),
(24, '2008-02-28 06:38:19', 116, 58),
(25, '2008-04-17 13:59:48', 125, 100),
(26, '2008-05-15 00:19:05', 56, 5),
(27, '2008-07-04 07:57:07', 10, 54),
(28, '2008-11-12 08:26:34', 42, 14),
(29, '2008-02-12 09:39:15', 60, 98),
(30, '2008-07-16 07:51:23', 139, 48),
(31, '2008-10-08 23:23:12', 52, 16),
(32, '2008-08-01 11:10:48', 76, 55),
(33, '2008-08-29 11:29:49', 145, 55),
(34, '2008-01-16 10:32:54', 101, 47),
(35, '2008-02-27 07:51:51', 81, 10),
(36, '2008-10-05 17:33:01', 50, 82),
(37, '2008-05-18 09:07:35', 69, 45),
(38, '2008-08-16 07:58:29', 118, 41),
(39, '2008-02-21 02:40:30', 9, 42),
(40, '2008-11-17 18:26:43', 26, 8),
(41, '2008-09-11 07:25:22', 84, 29),
(42, '2008-06-13 17:43:05', 25, 93),
(43, '2008-10-21 16:07:14', 125, 17),
(44, '2008-01-02 17:37:28', 85, 74),
(45, '2008-01-02 19:08:27', 34, 49),
(46, '2008-11-07 21:11:43', 37, 11),
(47, '2008-07-10 10:13:08', 23, 95),
(48, '2008-01-09 12:42:13', 100, 12),
(49, '2008-09-29 06:09:34', 141, 90),
(50, '2008-09-14 23:48:26', 95, 33),
(51, '2008-02-21 22:31:37', 34, 54),
(52, '2008-04-10 14:51:45', 103, 55),
(53, '2008-06-25 06:30:03', 93, 58),
(54, '2008-01-28 13:12:22', 4, 38),
(55, '2008-07-18 06:22:08', 92, 26),
(56, '2008-08-11 10:26:09', 109, 36),
(57, '2008-07-30 04:14:53', 38, 70),
(58, '2008-12-15 11:06:40', 109, 14),
(59, '2008-03-15 22:57:36', 124, 97),
(60, '2008-04-10 06:25:21', 2, 10),
(61, '2008-08-16 02:37:40', 103, 34),
(62, '2008-03-10 13:44:09', 78, 43),
(63, '2008-03-08 13:28:00', 118, 27),
(64, '2008-01-01 10:24:23', 2, 35),
(65, '2008-01-04 20:51:05', 19, 42),
(66, '2008-09-07 03:05:47', 122, 45),
(67, '2008-02-28 21:36:15', 17, 13),
(68, '2008-06-26 22:18:15', 17, 24),
(69, '2008-03-06 03:02:00', 5, 75),
(70, '2008-06-27 09:19:53', 125, 7),
(71, '2008-07-16 17:50:51', 136, 47),
(72, '2008-02-16 06:50:03', 111, 21),
(73, '2008-12-22 09:09:27', 41, 17),
(74, '2008-02-17 14:45:10', 119, 25),
(75, '2008-03-30 18:49:35', 80, 46),
(76, '2008-03-16 10:55:38', 5, 43),
(77, '2008-05-24 08:28:17', 33, 29),
(78, '2008-11-05 11:14:19', 20, 37),
(79, '2008-03-20 14:24:59', 22, 51),
(80, '2008-05-28 18:03:15', 143, 46),
(81, '2008-06-07 01:44:52', 9, 52),
(82, '2008-12-13 14:23:35', 50, 54),
(83, '2008-03-26 07:02:25', 20, 50),
(84, '2008-07-09 13:31:26', 81, 55),
(85, '2008-11-21 15:57:29', 10, 34),
(86, '2008-05-21 16:36:27', 54, 71),
(87, '2008-01-14 23:39:47', 67, 32),
(88, '2008-04-09 06:08:58', 58, 36),
(89, '2008-08-04 18:27:31', 68, 85),
(90, '2008-02-11 06:01:02', 57, 30),
(91, '2008-08-27 18:02:41', 39, 6),
(92, '2008-03-24 16:47:47', 117, 94),
(93, '2008-02-13 19:39:57', 117, 90),
(94, '2008-12-28 23:41:31', 40, 84),
(95, '2008-08-26 18:21:19', 114, 74),
(96, '2008-08-02 12:36:19', 84, 92),
(97, '2008-12-26 05:17:28', 51, 56),
(98, '2008-12-18 03:05:39', 135, 94),
(99, '2008-03-16 14:58:54', 108, 22),
(100, '2008-04-07 00:07:25', 78, 12),
(101, '2008-05-17 01:55:15', 130, 5),
(102, '2008-05-12 18:40:41', 61, 74),
(103, '2008-06-18 13:03:51', 62, 11),
(104, '2008-11-17 11:07:07', 63, 92),
(105, '2008-05-02 01:25:54', 25, 56),
(106, '2008-04-16 08:47:28', 108, 25),
(107, '2008-06-11 04:10:40', 24, 59),
(108, '2008-01-19 18:55:20', 112, 19),
(109, '2008-07-03 11:19:36', 26, 29),
(110, '2008-03-08 03:13:00', 68, 4),
(111, '2008-12-31 14:02:48', 81, 71),
(112, '2008-08-21 01:16:00', 118, 42),
(113, '2008-08-18 16:28:34', 16, 95),
(114, '2008-04-11 16:24:04', 34, 59),
(115, '2008-11-28 20:47:08', 24, 8),
(116, '2008-05-04 17:35:49', 41, 30),
(117, '2008-07-04 18:17:05', 96, 26),
(118, '2008-04-07 05:41:42', 133, 70),
(119, '2008-06-28 19:54:26', 76, 85),
(120, '2008-02-12 15:49:53', 29, 18),
(121, '2008-06-05 21:26:23', 4, 50),
(122, '2008-02-20 00:55:07', 45, 25),
(123, '2008-04-22 17:17:17', 80, 15),
(124, '2008-07-18 19:50:56', 94, 27),
(125, '2008-09-19 11:57:33', 91, 64),
(126, '2008-06-29 23:44:11', 128, 8),
(127, '2008-12-18 04:50:57', 71, 65),
(128, '2008-01-06 14:08:10', 137, 30),
(129, '2008-03-17 15:11:01', 133, 68),
(130, '2008-05-11 08:24:28', 38, 29),
(131, '2008-03-04 03:32:49', 6, 76),
(132, '2008-03-29 16:55:46', 119, 95),
(133, '2008-07-19 20:59:54', 67, 16),
(134, '2008-10-20 04:21:49', 120, 15),
(135, '2008-07-22 06:14:03', 58, 45),
(136, '2008-02-10 03:50:37', 134, 32),
(137, '2008-08-03 02:22:27', 118, 40),
(138, '2008-07-08 20:01:24', 100, 62),
(139, '2008-10-15 19:15:02', 49, 15),
(140, '2008-07-11 17:45:38', 97, 61),
(141, '2008-09-12 19:04:26', 99, 1),
(142, '2008-05-11 17:43:18', 60, 40),
(143, '2008-03-15 20:31:05', 109, 89),
(144, '2008-06-10 22:14:17', 70, 14),
(145, '2008-04-03 06:07:27', 105, 89),
(146, '2008-09-13 00:13:58', 92, 31),
(147, '2008-10-11 16:13:00', 77, 29),
(148, '2008-03-04 18:40:31', 144, 6),
(149, '2008-03-23 07:35:47', 1, 75),
(150, '2008-09-13 00:12:42', 95, 32);

-- --------------------------------------------------------

--
-- Structure de la table `creaciopl`
--

CREATE TABLE `creaciopl` (
  `id` int(10) UNSIGNED NOT NULL,
  `id_usario` int(10) UNSIGNED NOT NULL,
  `dataHora` varchar(50) NOT NULL
) ENGINE=InnoDB DEFAULT CHARSET=utf8mb4 COLLATE=utf8mb4_general_ci;

--
-- Déchargement des données de la table `creaciopl`
--

INSERT INTO `creaciopl` (`id`, `id_usario`, `dataHora`) VALUES
(1, 109, 'Mike watches football. '),
(2, 16, 'Mike watches football. Rudi watches football. '),
(3, 60, 'Mike watches football. I watches football. '),
(4, 60, 'I like sports. Mike watches football. '),
(5, 31, 'Mike watches football. Rudi watches football. '),
(6, 5, 'Mike like swimming. I watches football. '),
(7, 50, 'Rudi watches football. '),
(8, 99, 'Mike watches football. Rudi watches football. '),
(9, 141, 'I like sports. Rudi watches football. '),
(10, 106, 'Mike watches football. Mike watches football. '),
(11, 1, 'Mike like sports. '),
(12, 23, 'I watches football. Mike watches football. '),
(13, 141, 'Rudi loves flowers. Mike watches football. '),
(14, 24, 'Mike like sports. I like swimming. '),
(15, 137, 'I like swimming. '),
(16, 80, 'Rudi loves flowers. Rudi like sports. '),
(17, 138, 'I loves flowers. Mike watches football. '),
(18, 133, 'Rudi loves flowers. Rudi watches football. '),
(19, 137, 'I loves flowers. '),
(20, 71, 'Rudi loves flowers. '),
(21, 59, 'Mike like swimming. Rudi loves flowers. '),
(22, 134, 'I loves flowers. Mike like swimming. '),
(23, 52, 'Rudi watches football. '),
(24, 24, 'Mike watches football. Rudi like swimming. '),
(25, 44, 'Mike loves flowers. '),
(26, 55, 'I watches football. Rudi like sports. '),
(27, 73, 'Rudi like swimming. I like sports. '),
(28, 127, 'Mike watches football. Rudi loves flowers. '),
(29, 18, 'Mike like sports. Rudi watches football. '),
(30, 78, 'Mike loves flowers. '),
(31, 114, 'Rudi like swimming. Rudi watches football. '),
(32, 84, 'Mike watches football. Rudi watches football. '),
(33, 99, 'I watches football. Mike like sports. '),
(34, 6, 'Rudi like swimming. Mike loves flowers. '),
(35, 24, 'Mike like swimming. Rudi watches football. '),
(36, 113, 'I like swimming. I loves flowers. '),
(37, 56, 'Rudi watches football. I watches football. '),
(38, 94, 'Mike like sports. '),
(39, 22, 'Mike like swimming. Rudi like swimming. '),
(40, 129, 'I watches football. Mike watches football. '),
(41, 104, 'Rudi like sports. Mike watches football. '),
(42, 66, 'I loves flowers. Mike watches football. '),
(43, 119, 'Rudi loves flowers. I like swimming. '),
(44, 1, 'Mike watches football. Rudi loves flowers. '),
(45, 1, 'Mike watches football. I loves flowers. '),
(46, 125, 'Rudi watches football. Mike like sports. '),
(47, 76, 'Mike loves flowers. Mike watches football. '),
(48, 4, 'Mike like sports. Mike like swimming. '),
(49, 111, 'Mike like sports. Rudi loves flowers. '),
(50, 105, 'Mike like sports. Mike loves flowers. '),
(51, 22, 'Rudi watches football. Mike loves flowers. '),
(52, 42, 'Rudi watches football. Rudi loves flowers. '),
(53, 70, 'Rudi watches football. Rudi like sports. '),
(54, 13, 'I like swimming. '),
(55, 79, 'Rudi watches football. Rudi watches football. '),
(56, 93, 'Rudi watches football. Mike like sports. '),
(57, 83, 'Mike like swimming. Mike loves flowers. '),
(58, 139, 'Mike watches football. Mike watches football. '),
(59, 30, 'I watches football. Mike watches football. '),
(60, 42, 'I watches football. Mike watches football. '),
(61, 94, 'Mike loves flowers. I loves flowers. '),
(62, 28, 'Rudi like swimming. Mike loves flowers. '),
(63, 28, 'Rudi watches football. Rudi watches football. '),
(64, 1, 'Mike watches football. Rudi loves flowers. '),
(65, 2, 'Mike like sports. Rudi watches football. '),
(66, 102, 'I like swimming. Rudi watches football. '),
(67, 24, 'Mike watches football. Rudi like sports. '),
(68, 71, 'Mike watches football. Rudi watches football. '),
(69, 27, 'Mike like swimming. Rudi like sports. '),
(70, 71, 'Mike loves flowers. Mike watches football. '),
(71, 78, 'I watches football. Rudi like swimming. '),
(72, 20, 'I watches football. Rudi watches football. '),
(73, 142, 'Mike watches football. Rudi watches football. '),
(74, 20, 'I watches football. Rudi loves flowers. '),
(75, 38, 'Rudi watches football. Rudi like sports. '),
(76, 31, 'Rudi like swimming. Mike watches football. '),
(77, 58, 'Rudi loves flowers. Mike loves flowers. '),
(78, 125, 'Rudi like sports. Mike watches football. '),
(79, 32, 'Rudi watches football. I watches football. '),
(80, 60, 'Mike watches football. Mike like swimming. '),
(81, 63, 'I like sports. Mike watches football. '),
(82, 139, 'I watches football. Rudi loves flowers. '),
(83, 34, 'Rudi watches football. Rudi watches football. '),
(84, 75, 'Mike like swimming. Mike watches football. '),
(85, 131, 'I loves flowers. Rudi watches football. '),
(86, 57, 'Mike like sports. Mike like sports. '),
(87, 6, 'I loves flowers. Rudi loves flowers. '),
(88, 41, 'I watches football. Mike watches football. '),
(89, 85, 'I watches football. Rudi like swimming. '),
(90, 18, 'Mike loves flowers. '),
(91, 99, 'I watches football. Mike watches football. '),
(92, 34, 'Mike watches football. Rudi watches football. '),
(93, 19, 'Mike watches football. Mike loves flowers. '),
(94, 144, 'Mike loves flowers. '),
(95, 98, 'Rudi loves flowers. Mike watches football. '),
(96, 84, 'Rudi loves flowers. I loves flowers. '),
(97, 143, 'Mike like sports. Mike watches football. '),
(98, 140, 'Rudi watches football. I like sports. '),
(99, 31, 'I loves flowers. Rudi watches football. '),
(100, 41, 'Mike loves flowers. Rudi watches football. '),
(101, 55, 'Rudi loves flowers. Mike watches football. '),
(102, 54, 'Mike watches football. I watches football. '),
(103, 68, 'Mike watches football. Rudi watches football. '),
(104, 129, 'Mike watches football. Rudi watches football. '),
(105, 50, 'Rudi like swimming. Mike watches football. '),
(106, 44, 'Mike watches football. Rudi watches football. '),
(107, 65, 'Mike loves flowers. Rudi loves flowers. '),
(108, 9, 'Mike watches football. '),
(109, 73, 'Rudi watches football. Mike loves flowers. '),
(110, 27, 'Mike like sports. '),
(111, 145, 'Rudi watches football. Rudi like sports. '),
(112, 96, 'Mike watches football. '),
(113, 95, 'I watches football. Rudi loves flowers. '),
(114, 42, 'Mike watches football. Rudi loves flowers. '),
(115, 133, 'Mike loves flowers. Rudi like swimming. '),
(116, 51, 'Mike like sports. Rudi like swimming. '),
(117, 74, 'Rudi loves flowers. Rudi watches football. '),
(118, 41, 'I like sports. '),
(119, 71, 'Rudi like sports. Rudi watches football. '),
(120, 18, 'Mike like sports. '),
(121, 63, 'I watches football. '),
(122, 21, 'Mike loves flowers. I like sports. '),
(123, 46, 'Mike watches football. '),
(124, 79, 'Mike watches football. Rudi loves flowers. '),
(125, 107, 'Mike watches football. Rudi like swimming. '),
(126, 72, 'Rudi loves flowers. Mike like sports. '),
(127, 140, 'Mike loves flowers. Mike watches football. '),
(128, 3, 'Mike loves flowers. Mike watches football. '),
(129, 31, 'Rudi loves flowers. Rudi watches football. '),
(130, 53, 'Rudi like sports. Mike loves flowers. '),
(131, 26, 'Rudi loves flowers. I watches football. '),
(132, 37, 'Mike loves flowers. Rudi loves flowers. '),
(133, 79, 'Rudi watches football. Rudi watches football. '),
(134, 118, 'I watches football. Mike loves flowers. '),
(135, 80, 'Mike watches football. Rudi loves flowers. '),
(136, 17, 'Mike like sports. Mike watches football. '),
(137, 84, 'Mike loves flowers. I watches football. '),
(138, 75, 'Rudi watches football. Mike loves flowers. '),
(139, 117, 'I loves flowers. Rudi loves flowers. '),
(140, 76, 'Rudi watches football. Rudi loves flowers. '),
(141, 105, 'Rudi watches football. Mike like swimming. '),
(142, 53, 'Rudi like sports. Rudi watches football. '),
(143, 30, 'Rudi loves flowers. Mike watches football. '),
(144, 65, 'Mike watches football. Rudi watches football. '),
(145, 39, 'Mike like swimming. Rudi like sports. '),
(146, 105, 'Mike watches football. Rudi watches football. '),
(147, 115, 'I watches football. '),
(148, 26, 'Rudi loves flowers. Mike watches football. '),
(149, 33, 'Mike watches football. I watches football. '),
(150, 105, 'Rudi watches football. Rudi watches football. ');

-- --------------------------------------------------------

--
-- Structure de la table `estatplaylist`
--

CREATE TABLE `estatplaylist` (
  `id` int(10) UNSIGNED NOT NULL,
  `estado` enum('public','privat') NOT NULL
) ENGINE=InnoDB DEFAULT CHARSET=utf8mb4 COLLATE=utf8mb4_general_ci;

--
-- Déchargement des données de la table `estatplaylist`
--

INSERT INTO `estatplaylist` (`id`, `estado`) VALUES
(1, 'public'),
(2, 'privat'),
(3, 'privat'),
(4, 'public'),
(5, 'public'),
(6, 'public'),
(7, 'public'),
(8, 'public'),
(9, 'public'),
(10, 'privat'),
(11, 'public'),
(12, 'privat'),
(13, 'privat'),
(14, 'privat'),
(15, 'privat'),
(16, 'public'),
(17, 'privat'),
(18, 'privat'),
(19, 'public'),
(20, 'public'),
(21, 'privat'),
(22, 'public'),
(23, 'public'),
(24, 'privat'),
(25, 'privat'),
(26, 'privat'),
(27, 'public'),
(28, 'public'),
(29, 'public'),
(30, 'privat'),
(31, 'public'),
(32, 'public'),
(33, 'public'),
(34, 'privat'),
(35, 'privat'),
(36, 'privat'),
(37, 'privat'),
(38, 'privat'),
(39, 'public'),
(40, 'public'),
(41, 'public'),
(42, 'privat'),
(43, 'privat'),
(44, 'public'),
(45, 'public'),
(46, 'public'),
(47, 'privat'),
(48, 'privat'),
(49, 'public'),
(50, 'privat'),
(51, 'public'),
(52, 'public'),
(53, 'public'),
(54, 'privat'),
(55, 'privat'),
(56, 'public'),
(57, 'public'),
(58, 'privat'),
(59, 'privat'),
(60, 'privat'),
(61, 'privat'),
(62, 'public'),
(63, 'privat'),
(64, 'public'),
(65, 'privat'),
(66, 'privat'),
(67, 'privat'),
(68, 'privat'),
(69, 'public'),
(70, 'privat'),
(71, 'public'),
(72, 'public'),
(73, 'privat'),
(74, 'privat'),
(75, 'public'),
(76, 'public'),
(77, 'public'),
(78, 'public'),
(79, 'privat'),
(80, 'public'),
(81, 'privat'),
(82, 'privat'),
(83, 'privat'),
(84, 'privat'),
(85, 'public'),
(86, 'privat'),
(87, 'privat'),
(88, 'privat'),
(89, 'public'),
(90, 'public'),
(91, 'privat'),
(92, 'public'),
(93, 'privat'),
(94, 'privat'),
(95, 'public'),
(96, 'public'),
(97, 'privat'),
(98, 'public'),
(99, 'public'),
(100, 'public'),
(101, 'privat'),
(102, 'privat'),
(103, 'public'),
(104, 'public'),
(105, 'public'),
(106, 'public'),
(107, 'privat'),
(108, 'privat'),
(109, 'public'),
(110, 'privat'),
(111, 'privat'),
(112, 'privat'),
(113, 'public'),
(114, 'privat'),
(115, 'public'),
(116, 'privat'),
(117, 'public'),
(118, 'privat'),
(119, 'privat'),
(120, 'privat'),
(121, 'privat'),
(122, 'public'),
(123, 'public'),
(124, 'public'),
(125, 'privat'),
(126, 'privat'),
(127, 'privat');

-- --------------------------------------------------------

--
-- Structure de la table `estatvideo`
--

CREATE TABLE `estatvideo` (
  `id` int(10) UNSIGNED NOT NULL,
  `estado` enum('public','ocult','privat') NOT NULL
) ENGINE=InnoDB DEFAULT CHARSET=utf8mb4 COLLATE=utf8mb4_general_ci;

--
-- Déchargement des données de la table `estatvideo`
--

INSERT INTO `estatvideo` (`id`, `estado`) VALUES
(1, 'ocult'),
(2, 'privat'),
(3, 'public'),
(4, 'public'),
(5, 'ocult'),
(6, 'ocult'),
(7, 'public'),
(8, 'public'),
(9, 'ocult'),
(10, 'public'),
(11, 'ocult'),
(12, 'privat'),
(13, 'ocult'),
(14, 'privat'),
(15, 'privat'),
(16, 'ocult'),
(17, 'ocult'),
(18, 'privat'),
(19, 'ocult'),
(20, 'ocult'),
(21, 'public'),
(22, 'ocult'),
(23, 'ocult'),
(24, 'ocult'),
(25, 'ocult'),
(26, 'public'),
(27, 'ocult'),
(28, 'ocult'),
(29, 'public'),
(30, 'ocult'),
(31, 'privat'),
(32, 'public'),
(33, 'ocult'),
(34, 'public'),
(35, 'ocult'),
(36, 'public'),
(37, 'public'),
(38, 'privat'),
(39, 'ocult'),
(40, 'ocult'),
(41, 'public'),
(42, 'privat'),
(43, 'ocult'),
(44, 'ocult'),
(45, 'privat'),
(46, 'ocult'),
(47, 'privat'),
(48, 'ocult'),
(49, 'privat'),
(50, 'ocult'),
(51, 'privat'),
(52, 'public'),
(53, 'privat'),
(54, 'privat'),
(55, 'public'),
(56, 'privat'),
(57, 'public'),
(58, 'ocult'),
(59, 'privat'),
(60, 'public'),
(61, 'ocult'),
(62, 'ocult'),
(63, 'ocult');

-- --------------------------------------------------------

--
-- Structure de la table `etiqueta`
--

CREATE TABLE `etiqueta` (
  `id` int(10) UNSIGNED NOT NULL,
  `id_usario` int(10) UNSIGNED NOT NULL,
  `id_video` int(10) UNSIGNED NOT NULL,
  `nom` varchar(50) NOT NULL,
  `dataHora` datetime NOT NULL
) ENGINE=InnoDB DEFAULT CHARSET=utf8mb4 COLLATE=utf8mb4_general_ci;

--
-- Déchargement des données de la table `etiqueta`
--

INSERT INTO `etiqueta` (`id`, `id_usario`, `id_video`, `nom`, `dataHora`) VALUES
(1, 109, 74, 'Mike watches football. I like sports. ', '2008-09-24 08:40:23'),
(2, 16, 30, 'Mike like swimming. Rudi like sports. ', '2008-11-28 03:05:35'),
(3, 60, 91, 'I watches football. Rudi like sports. ', '2008-12-02 04:59:00'),
(4, 60, 1, 'Mike watches football. Rudi watches football. ', '2008-10-23 16:23:43'),
(5, 31, 50, 'Rudi watches football. ', '2008-12-02 04:02:41'),
(6, 5, 86, 'I like swimming. Rudi watches football. ', '2008-03-20 16:03:56'),
(7, 50, 99, 'Mike loves flowers. I loves flowers. ', '2008-09-05 16:13:47'),
(8, 99, 4, 'Mike like sports. Mike loves flowers. ', '2008-04-14 01:36:03'),
(9, 141, 86, 'Mike watches football. I watches football. ', '2008-01-29 15:33:28'),
(10, 106, 93, 'I watches football. Rudi like swimming. ', '2008-07-01 08:32:48'),
(11, 1, 99, 'Rudi like swimming. Rudi loves flowers. ', '2008-01-10 00:57:43'),
(12, 23, 46, 'I watches football. I loves flowers. ', '2008-11-08 00:22:52'),
(13, 141, 23, 'Rudi watches football. Rudi watches football. ', '2008-09-12 21:13:36'),
(14, 24, 52, 'Rudi like swimming. Mike loves flowers. ', '2008-10-19 11:12:58'),
(15, 137, 8, 'Rudi like sports. I watches football. ', '2008-10-21 13:33:59'),
(16, 80, 85, 'Rudi like swimming. Mike watches football. ', '2008-04-07 23:37:28'),
(17, 138, 75, 'Mike loves flowers. Mike loves flowers. ', '2008-02-25 07:25:20'),
(18, 133, 25, 'Mike watches football. Mike watches football. ', '2008-07-29 05:54:10'),
(19, 137, 95, 'Mike watches football. ', '2008-12-04 08:31:09'),
(20, 71, 56, 'I like swimming. Rudi watches football. ', '2008-06-02 19:57:40'),
(21, 59, 4, 'I watches football. Rudi watches football. ', '2008-10-06 12:31:48'),
(22, 134, 12, 'I loves flowers. Mike loves flowers. ', '2008-09-19 09:30:38'),
(23, 52, 70, 'Rudi loves flowers. Mike loves flowers. ', '2008-01-02 04:41:44'),
(24, 24, 79, 'Mike like sports. Mike watches football. ', '2008-07-14 04:39:24'),
(25, 44, 86, 'Mike watches football. Mike like swimming. ', '2008-09-26 11:44:25'),
(26, 55, 38, 'Mike watches football. Mike watches football. ', '2008-05-11 21:30:30'),
(27, 73, 6, 'I watches football. ', '2008-12-15 22:26:14'),
(28, 127, 28, 'Mike watches football. Mike watches football. ', '2008-06-15 00:13:46'),
(29, 18, 41, 'Mike loves flowers. ', '2008-10-28 09:55:59'),
(30, 78, 95, 'I loves flowers. Mike loves flowers. ', '2008-02-17 07:20:02'),
(31, 114, 36, 'I watches football. Mike watches football. ', '2008-03-10 00:23:26'),
(32, 84, 53, 'Mike like sports. I like swimming. ', '2008-08-23 20:52:12'),
(33, 99, 100, 'Mike loves flowers. ', '2008-04-29 07:27:05'),
(34, 6, 68, 'I watches football. Mike loves flowers. ', '2008-05-30 05:13:05'),
(35, 24, 57, 'Mike watches football. Mike like swimming. ', '2008-10-02 00:36:04'),
(36, 113, 34, 'Rudi like sports. ', '2008-03-10 03:02:20'),
(37, 56, 48, 'Rudi like swimming. Rudi like sports. ', '2008-04-12 14:12:18'),
(38, 94, 80, 'Mike watches football. Rudi like sports. ', '2008-06-14 01:32:25'),
(39, 22, 5, 'Rudi watches football. ', '2008-03-25 04:19:12'),
(40, 129, 18, 'Mike watches football. Rudi watches football. ', '2008-08-02 18:50:30'),
(41, 104, 59, 'Mike loves flowers. Mike like sports. ', '2008-10-22 13:09:56'),
(42, 66, 17, 'Rudi loves flowers. Rudi watches football. ', '2008-09-26 09:31:04'),
(43, 119, 86, 'Mike loves flowers. I like sports. ', '2008-10-04 19:55:22'),
(44, 1, 60, 'Mike like sports. Mike watches football. ', '2008-06-01 08:25:49'),
(45, 1, 23, 'Rudi like swimming. Mike watches football. ', '2008-10-12 22:36:39'),
(46, 125, 24, 'Rudi like sports. Rudi watches football. ', '2008-06-19 13:54:51'),
(47, 76, 16, 'Mike like sports. Rudi like swimming. ', '2008-11-22 19:51:13'),
(48, 4, 67, 'Mike like sports. Rudi watches football. ', '2008-05-20 08:16:21'),
(49, 111, 97, 'Rudi watches football. Rudi loves flowers. ', '2008-07-10 18:13:33'),
(50, 105, 63, 'Rudi watches football. Mike like sports. ', '2008-10-13 00:44:55'),
(51, 22, 24, 'Mike watches football. ', '2008-01-19 18:40:15'),
(52, 42, 69, 'I watches football. Mike watches football. ', '2008-11-11 23:41:24'),
(53, 70, 62, 'Rudi loves flowers. I like swimming. ', '2008-05-06 21:25:20'),
(54, 13, 3, 'Mike like sports. Rudi like sports. ', '2008-02-15 10:12:22'),
(55, 79, 61, 'Mike watches football. Rudi watches football. ', '2008-06-24 17:12:04'),
(56, 93, 74, 'Rudi watches football. Mike like swimming. ', '2008-06-27 16:36:39'),
(57, 83, 25, 'Mike watches football. Rudi like sports. ', '2008-11-27 18:24:40'),
(58, 139, 73, 'Mike loves flowers. Rudi watches football. ', '2008-03-07 07:53:49'),
(59, 30, 84, 'Mike loves flowers. Mike watches football. ', '2008-07-27 17:58:55'),
(60, 42, 1, 'Mike watches football. Rudi loves flowers. ', '2008-07-15 23:29:30'),
(61, 94, 69, 'Rudi watches football. Rudi like sports. ', '2008-07-23 02:07:11'),
(62, 28, 55, 'Rudi watches football. I watches football. ', '2008-11-03 11:16:32'),
(63, 28, 80, 'Mike watches football. Mike watches football. ', '2008-07-28 05:18:49'),
(64, 1, 2, 'Rudi watches football. Mike watches football. ', '2008-12-29 00:25:33'),
(65, 2, 13, 'Mike watches football. Rudi watches football. ', '2008-11-24 11:54:35'),
(66, 102, 83, 'Mike watches football. Mike watches football. ', '2008-07-17 01:38:55'),
(67, 24, 11, 'Mike loves flowers. Mike like sports. ', '2008-03-19 11:16:27'),
(68, 71, 11, 'Mike watches football. Rudi loves flowers. ', '2008-11-13 11:29:28'),
(69, 27, 4, 'Mike loves flowers. Rudi like sports. ', '2008-04-28 07:16:13'),
(70, 71, 85, 'Mike like sports. Mike watches football. ', '2008-02-16 13:22:06'),
(71, 78, 94, 'Mike watches football. Mike watches football. ', '2008-02-24 04:11:11'),
(72, 20, 75, 'Rudi watches football. Mike loves flowers. ', '2008-07-04 01:31:26'),
(73, 142, 27, 'Rudi loves flowers. I like swimming. ', '2008-09-06 03:30:29'),
(74, 20, 81, 'Mike loves flowers. ', '2008-06-14 12:12:12'),
(75, 38, 56, 'I loves flowers. Mike watches football. ', '2008-12-08 16:44:14'),
(76, 31, 4, 'Mike watches football. Rudi like swimming. ', '2008-05-18 01:07:20'),
(77, 58, 23, 'Mike loves flowers. Mike loves flowers. ', '2008-07-24 13:37:41'),
(78, 125, 13, 'I loves flowers. Rudi watches football. ', '2008-07-25 02:34:33'),
(79, 32, 15, 'Rudi loves flowers. I watches football. ', '2008-04-16 22:54:15'),
(80, 60, 99, 'Rudi watches football. Rudi like sports. ', '2008-10-30 09:27:17'),
(81, 63, 6, 'Mike like swimming. Mike watches football. ', '2008-10-24 15:47:13'),
(82, 139, 34, 'I watches football. Rudi watches football. ', '2008-07-26 02:35:09'),
(83, 34, 14, 'Mike watches football. ', '2008-05-02 17:01:34'),
(84, 75, 56, 'Mike like sports. Rudi like swimming. ', '2008-06-25 05:14:01'),
(85, 131, 6, 'Mike watches football. Mike watches football. ', '2008-09-21 04:05:45'),
(86, 57, 37, 'I loves flowers. ', '2008-05-31 13:03:36'),
(87, 6, 47, 'Rudi loves flowers. Mike like sports. ', '2008-08-13 12:57:43'),
(88, 41, 40, 'Mike like swimming. I like swimming. ', '2008-02-25 06:09:10'),
(89, 85, 47, 'Mike watches football. Mike watches football. ', '2008-09-19 07:25:18'),
(90, 18, 39, 'Mike watches football. I watches football. ', '2008-11-03 18:58:32'),
(91, 99, 26, 'Mike like swimming. Mike watches football. ', '2008-01-21 21:44:02'),
(92, 34, 80, 'I watches football. ', '2008-09-01 00:35:58'),
(93, 19, 79, 'I loves flowers. ', '2008-06-13 18:44:53'),
(94, 144, 27, 'Mike watches football. Rudi loves flowers. ', '2008-09-21 15:36:25'),
(95, 98, 78, 'I like sports. ', '2008-07-14 01:06:57'),
(96, 84, 59, 'Rudi watches football. I like sports. ', '2008-08-03 19:09:48'),
(97, 143, 35, 'Rudi watches football. ', '2008-08-16 02:31:35'),
(98, 140, 93, 'I loves flowers. Rudi watches football. ', '2008-01-02 12:48:56'),
(99, 31, 73, 'Mike watches football. Mike watches football. ', '2008-09-09 02:11:23'),
(100, 41, 54, 'Mike watches football. I watches football. ', '2008-12-28 14:13:38'),
(101, 55, 89, 'Rudi watches football. Rudi watches football. ', '2008-11-12 12:12:34'),
(102, 54, 42, 'Mike watches football. I loves flowers. ', '2008-04-22 08:37:00'),
(103, 68, 43, 'Mike watches football. Rudi watches football. ', '2008-07-03 11:12:16'),
(104, 129, 43, 'Mike loves flowers. I like swimming. ', '2008-04-30 00:58:47'),
(105, 50, 17, 'Rudi watches football. ', '2008-07-01 09:18:25'),
(106, 44, 73, 'Rudi watches football. Rudi watches football. ', '2008-11-10 07:16:13'),
(107, 65, 16, 'Mike loves flowers. ', '2008-09-24 04:33:21'),
(108, 9, 76, 'I like swimming. Rudi watches football. ', '2008-05-08 03:46:24'),
(109, 73, 18, 'Mike watches football. Rudi like sports. ', '2008-11-01 04:15:18'),
(110, 27, 47, 'Mike loves flowers. Mike watches football. ', '2008-11-25 01:38:50'),
(111, 145, 57, 'Rudi watches football. I like swimming. ', '2008-06-08 00:05:41'),
(112, 96, 81, 'Mike loves flowers. Mike like sports. ', '2008-06-22 07:42:11'),
(113, 95, 10, 'I like swimming. ', '2008-02-29 19:06:53'),
(114, 42, 24, 'Mike like swimming. ', '2008-04-27 18:48:47'),
(115, 133, 17, 'Mike watches football. ', '2008-08-28 18:10:17'),
(116, 51, 27, 'Rudi loves flowers. Mike watches football. ', '2008-05-31 18:16:11'),
(117, 74, 64, 'Rudi like swimming. Rudi watches football. ', '2008-05-19 12:34:17'),
(118, 41, 91, 'Mike watches football. Rudi like swimming. ', '2008-08-17 08:07:53'),
(119, 71, 53, 'Mike loves flowers. ', '2008-06-15 11:06:26'),
(120, 18, 20, 'I loves flowers. Mike watches football. ', '2008-01-13 22:21:29'),
(121, 63, 3, 'I watches football. I loves flowers. ', '2008-10-30 08:19:13'),
(122, 21, 30, 'Rudi loves flowers. Rudi watches football. ', '2008-12-22 23:32:26'),
(123, 46, 56, 'I watches football. Mike watches football. ', '2008-01-22 17:31:46'),
(124, 79, 63, 'I watches football. Mike watches football. ', '2008-06-21 11:45:46'),
(125, 107, 60, 'I loves flowers. Mike like swimming. ', '2008-11-02 09:12:08'),
(126, 72, 88, 'Mike watches football. ', '2008-02-12 18:55:13'),
(127, 140, 49, 'I watches football. Mike watches football. ', '2008-06-08 16:58:17'),
(128, 3, 94, 'Mike watches football. Rudi watches football. ', '2008-02-03 08:50:01'),
(129, 31, 91, 'Mike watches football. I loves flowers. ', '2008-07-06 23:15:29'),
(130, 53, 25, 'Mike loves flowers. Mike watches football. ', '2008-06-22 13:02:21'),
(131, 26, 5, 'Mike loves flowers. Mike loves flowers. ', '2008-04-21 08:14:44'),
(132, 37, 81, 'Rudi watches football. Rudi watches football. ', '2008-09-06 09:20:23'),
(133, 79, 47, 'Mike loves flowers. Mike watches football. ', '2008-08-21 05:17:09'),
(134, 118, 82, 'Rudi loves flowers. Rudi like sports. ', '2008-10-16 03:48:34'),
(135, 80, 40, 'I loves flowers. Mike watches football. ', '2008-09-19 03:35:06'),
(136, 17, 92, 'I loves flowers. I watches football. ', '2008-04-19 23:35:04'),
(137, 84, 81, 'Mike watches football. Mike watches football. ', '2008-05-17 08:48:55'),
(138, 75, 67, 'I watches football. Mike loves flowers. ', '2008-05-15 16:25:13'),
(139, 117, 33, 'Rudi loves flowers. ', '2008-04-01 01:48:05'),
(140, 76, 65, 'I watches football. ', '2008-05-30 04:25:09'),
(141, 105, 67, 'Rudi like swimming. Mike like sports. ', '2008-09-26 14:14:41'),
(142, 53, 41, 'Rudi loves flowers. Rudi loves flowers. ', '2008-04-24 20:13:28'),
(143, 30, 74, 'Mike watches football. Rudi loves flowers. ', '2008-09-04 15:31:27'),
(144, 65, 48, 'Rudi like sports. I watches football. ', '2008-05-28 21:49:42'),
(145, 39, 71, 'I like swimming. Mike loves flowers. ', '2008-10-21 12:04:18'),
(146, 105, 62, 'Mike loves flowers. ', '2008-10-15 17:23:17'),
(147, 115, 54, 'I loves flowers. Rudi watches football. ', '2008-01-09 20:49:40'),
(148, 26, 99, 'Rudi like swimming. I watches football. ', '2008-05-11 14:05:04'),
(149, 33, 1, 'I loves flowers. I watches football. ', '2008-06-13 07:42:32'),
(150, 105, 63, 'Mike watches football. Mike watches football. ', '2008-10-09 16:45:56');

-- --------------------------------------------------------

--
-- Structure de la table `opinion`
--

CREATE TABLE `opinion` (
  `id` int(10) UNSIGNED NOT NULL,
  `dataHora` datetime NOT NULL,
  `estado` enum('like','dislike') NOT NULL,
  `id_video` int(10) UNSIGNED NOT NULL,
  `id_usario` int(10) UNSIGNED NOT NULL
) ENGINE=InnoDB DEFAULT CHARSET=utf8mb4 COLLATE=utf8mb4_general_ci;

--
-- Déchargement des données de la table `opinion`
--

INSERT INTO `opinion` (`id`, `dataHora`, `estado`, `id_video`, `id_usario`) VALUES
(1, '2008-09-24 11:02:02', 'like', 74, 109),
(2, '2008-02-06 17:33:22', 'like', 57, 133),
(3, '2008-05-30 01:08:58', 'like', 8, 134),
(4, '2008-05-29 01:57:02', 'like', 81, 120),
(5, '2008-03-16 23:34:00', 'like', 7, 134),
(6, '2008-01-14 05:17:28', 'like', 59, 32),
(7, '2008-05-01 17:35:10', 'like', 77, 102),
(8, '2008-08-29 02:29:21', 'dislike', 58, 43),
(9, '2008-12-20 03:46:02', 'like', 23, 13),
(10, '2008-09-17 02:08:12', 'dislike', 86, 72),
(11, '2008-01-03 04:43:59', 'like', 67, 4),
(12, '2008-02-25 20:38:04', 'like', 36, 125),
(13, '2008-12-18 16:10:57', 'dislike', 81, 105),
(14, '2008-02-28 08:44:00', 'like', 7, 118),
(15, '2008-12-09 22:46:37', 'dislike', 3, 119),
(16, '2008-07-21 17:58:14', 'like', 42, 41),
(17, '2008-12-12 15:09:35', 'dislike', 82, 23),
(18, '2008-11-29 08:47:18', 'dislike', 14, 83),
(19, '2008-12-08 22:19:44', 'dislike', 95, 135),
(20, '2008-06-27 05:34:31', 'dislike', 87, 62),
(21, '2008-05-25 07:46:44', 'dislike', 16, 113),
(22, '2008-11-30 11:14:57', 'like', 72, 107),
(23, '2008-05-07 03:35:53', 'like', 92, 1),
(24, '2008-02-28 06:38:19', 'like', 58, 77),
(25, '2008-04-17 13:59:48', 'like', 100, 110),
(26, '2008-05-15 00:19:05', 'dislike', 5, 54),
(27, '2008-07-04 07:57:07', 'like', 54, 140),
(28, '2008-11-12 08:26:34', 'dislike', 14, 66),
(29, '2008-02-12 09:39:15', 'like', 98, 122),
(30, '2008-07-16 07:51:23', 'like', 48, 20),
(31, '2008-10-08 23:23:12', 'dislike', 16, 28),
(32, '2008-08-01 11:10:48', 'like', 55, 97),
(33, '2008-08-29 11:29:49', 'dislike', 55, 49),
(34, '2008-01-16 10:32:54', 'like', 47, 60),
(35, '2008-02-27 07:51:51', 'dislike', 10, 112),
(36, '2008-10-05 17:33:01', 'dislike', 82, 28),
(37, '2008-05-18 09:07:35', 'like', 45, 43),
(38, '2008-08-16 07:58:29', 'like', 41, 66),
(39, '2008-02-21 02:40:30', 'dislike', 42, 34),
(40, '2008-11-17 18:26:43', 'dislike', 8, 84),
(41, '2008-09-11 07:25:22', 'dislike', 29, 119),
(42, '2008-06-13 17:43:05', 'dislike', 93, 110),
(43, '2008-10-21 16:07:14', 'dislike', 17, 113),
(44, '2008-01-02 17:37:28', 'dislike', 74, 61),
(45, '2008-01-02 19:08:27', 'like', 49, 116),
(46, '2008-11-07 21:11:43', 'dislike', 11, 68),
(47, '2008-07-10 10:13:08', 'like', 95, 131),
(48, '2008-01-09 12:42:13', 'like', 12, 57),
(49, '2008-09-29 06:09:34', 'dislike', 90, 76),
(50, '2008-09-14 23:48:26', 'like', 33, 116),
(51, '2008-02-21 22:31:37', 'like', 54, 9),
(52, '2008-04-10 14:51:45', 'dislike', 55, 127),
(53, '2008-06-25 06:30:03', 'like', 58, 52),
(54, '2008-01-28 13:12:22', 'dislike', 38, 19),
(55, '2008-07-18 06:22:08', 'like', 26, 70),
(56, '2008-08-11 10:26:09', 'like', 36, 71),
(57, '2008-07-30 04:14:53', 'like', 70, 133),
(58, '2008-12-15 11:06:40', 'dislike', 14, 27),
(59, '2008-03-15 22:57:36', 'like', 97, 82),
(60, '2008-04-10 06:25:21', 'like', 10, 78),
(61, '2008-08-16 02:37:40', 'dislike', 34, 80),
(62, '2008-03-10 13:44:09', 'like', 43, 124),
(63, '2008-03-08 13:28:00', 'dislike', 27, 82),
(64, '2008-01-01 10:24:23', 'like', 35, 144),
(65, '2008-01-04 20:51:05', 'like', 42, 132),
(66, '2008-09-07 03:05:47', 'dislike', 45, 78),
(67, '2008-02-28 21:36:15', 'like', 13, 32),
(68, '2008-06-26 22:18:15', 'like', 24, 127),
(69, '2008-03-06 03:02:00', 'dislike', 75, 48),
(70, '2008-06-27 09:19:53', 'dislike', 7, 20),
(71, '2008-07-16 17:50:51', 'like', 47, 23),
(72, '2008-02-16 06:50:03', 'like', 21, 73),
(73, '2008-12-22 09:09:27', 'dislike', 17, 102),
(74, '2008-02-17 14:45:10', 'dislike', 25, 66),
(75, '2008-03-30 18:49:35', 'dislike', 46, 137),
(76, '2008-03-16 10:55:38', 'dislike', 43, 56),
(77, '2008-05-24 08:28:17', 'dislike', 29, 81),
(78, '2008-11-05 11:14:19', 'dislike', 37, 81),
(79, '2008-03-20 14:24:59', 'like', 51, 44),
(80, '2008-05-28 18:03:15', 'like', 46, 122),
(81, '2008-06-07 01:44:52', 'like', 52, 120),
(82, '2008-12-13 14:23:35', 'like', 54, 81),
(83, '2008-03-26 07:02:25', 'dislike', 50, 50),
(84, '2008-07-09 13:31:26', 'dislike', 55, 70),
(85, '2008-11-21 15:57:29', 'like', 34, 108),
(86, '2008-05-21 16:36:27', 'like', 71, 61),
(87, '2008-01-14 23:39:47', 'like', 32, 93),
(88, '2008-04-09 06:08:58', 'like', 36, 23),
(89, '2008-08-04 18:27:31', 'like', 85, 107),
(90, '2008-02-11 06:01:02', 'dislike', 30, 124),
(91, '2008-08-27 18:02:41', 'dislike', 6, 10),
(92, '2008-03-24 16:47:47', 'dislike', 94, 100),
(93, '2008-02-13 19:39:57', 'like', 90, 66),
(94, '2008-12-28 23:41:31', 'dislike', 84, 108),
(95, '2008-08-26 18:21:19', 'dislike', 74, 77),
(96, '2008-08-02 12:36:19', 'dislike', 92, 85),
(97, '2008-12-26 05:17:28', 'dislike', 56, 94),
(98, '2008-12-18 03:05:39', 'dislike', 94, 1),
(99, '2008-03-16 14:58:54', 'like', 22, 103),
(100, '2008-04-07 00:07:25', 'like', 12, 144),
(101, '2008-05-17 01:55:15', 'like', 5, 127),
(102, '2008-05-12 18:40:41', 'like', 74, 46),
(103, '2008-06-18 13:03:51', 'dislike', 11, 73),
(104, '2008-11-17 11:07:07', 'dislike', 92, 49),
(105, '2008-05-02 01:25:54', 'like', 56, 72),
(106, '2008-04-16 08:47:28', 'dislike', 25, 126),
(107, '2008-06-11 04:10:40', 'dislike', 59, 109),
(108, '2008-01-19 18:55:20', 'dislike', 19, 52),
(109, '2008-07-03 11:19:36', 'dislike', 29, 123),
(110, '2008-03-08 03:13:00', 'like', 4, 132),
(111, '2008-12-31 14:02:48', 'like', 71, 64),
(112, '2008-08-21 01:16:00', 'like', 42, 69),
(113, '2008-08-18 16:28:34', 'dislike', 95, 25),
(114, '2008-04-11 16:24:04', 'like', 59, 48),
(115, '2008-11-28 20:47:08', 'dislike', 8, 99),
(116, '2008-05-04 17:35:49', 'like', 30, 61),
(117, '2008-07-04 18:17:05', 'like', 26, 56),
(118, '2008-04-07 05:41:42', 'dislike', 70, 95),
(119, '2008-06-28 19:54:26', 'dislike', 85, 66),
(120, '2008-02-12 15:49:53', 'like', 18, 5),
(121, '2008-06-05 21:26:23', 'dislike', 50, 122),
(122, '2008-02-20 00:55:07', 'dislike', 25, 142),
(123, '2008-04-22 17:17:17', 'like', 15, 11),
(124, '2008-07-18 19:50:56', 'dislike', 27, 69),
(125, '2008-09-19 11:57:33', 'like', 64, 123),
(126, '2008-06-29 23:44:11', 'like', 8, 18),
(127, '2008-12-18 04:50:57', 'dislike', 65, 64),
(128, '2008-01-06 14:08:10', 'like', 30, 15),
(129, '2008-03-17 15:11:01', 'like', 68, 74),
(130, '2008-05-11 08:24:28', 'dislike', 29, 69),
(131, '2008-03-04 03:32:49', 'like', 76, 46),
(132, '2008-03-29 16:55:46', 'dislike', 95, 102),
(133, '2008-07-19 20:59:54', 'dislike', 16, 96),
(134, '2008-10-20 04:21:49', 'like', 15, 117),
(135, '2008-07-22 06:14:03', 'like', 45, 107),
(136, '2008-02-10 03:50:37', 'dislike', 32, 45),
(137, '2008-08-03 02:22:27', 'like', 40, 56),
(138, '2008-07-08 20:01:24', 'like', 62, 55),
(139, '2008-10-15 19:15:02', 'dislike', 15, 38),
(140, '2008-07-11 17:45:38', 'like', 61, 60),
(141, '2008-09-12 19:04:26', 'dislike', 1, 110),
(142, '2008-05-11 17:43:18', 'dislike', 40, 47),
(143, '2008-03-15 20:31:05', 'dislike', 89, 102),
(144, '2008-06-10 22:14:17', 'dislike', 14, 60),
(145, '2008-04-03 06:07:27', 'like', 89, 119),
(146, '2008-09-13 00:13:58', 'like', 31, 117),
(147, '2008-10-11 16:13:00', 'like', 29, 4),
(148, '2008-03-04 18:40:31', 'dislike', 6, 53),
(149, '2008-03-23 07:35:47', 'dislike', 75, 66),
(150, '2008-09-13 00:12:42', 'dislike', 32, 115);

-- --------------------------------------------------------

--
-- Structure de la table `playlist`
--

CREATE TABLE `playlist` (
  `id` int(10) UNSIGNED NOT NULL,
  `id_creacio_pl` int(10) UNSIGNED NOT NULL
) ENGINE=InnoDB DEFAULT CHARSET=utf8mb4 COLLATE=utf8mb4_general_ci;

--
-- Déchargement des données de la table `playlist`
--

INSERT INTO `playlist` (`id`, `id_creacio_pl`) VALUES
(43, 1),
(134, 1),
(153, 1),
(103, 3),
(75, 5),
(132, 5),
(212, 5),
(108, 6),
(37, 7),
(101, 7),
(221, 7),
(1, 8),
(225, 8),
(13, 9),
(98, 9),
(127, 9),
(139, 10),
(11, 11),
(44, 11),
(45, 11),
(64, 11),
(14, 12),
(24, 12),
(35, 12),
(206, 12),
(9, 13),
(222, 13),
(67, 14),
(157, 14),
(22, 15),
(202, 16),
(220, 16),
(152, 17),
(140, 20),
(18, 22),
(115, 22),
(166, 22),
(21, 23),
(77, 23),
(131, 24),
(130, 25),
(204, 25),
(209, 25),
(219, 26),
(210, 27),
(189, 29),
(56, 30),
(181, 31),
(216, 31),
(154, 33),
(174, 34),
(69, 35),
(148, 35),
(158, 37),
(41, 38),
(141, 38),
(146, 38),
(150, 38),
(51, 39),
(40, 40),
(104, 40),
(215, 40),
(117, 42),
(173, 42),
(182, 42),
(46, 43),
(207, 43),
(65, 44),
(161, 44),
(128, 45),
(214, 45),
(178, 47),
(211, 47),
(34, 48),
(170, 49),
(36, 50),
(12, 51),
(177, 51),
(105, 52),
(47, 53),
(84, 53),
(196, 53),
(54, 54),
(199, 54),
(38, 55),
(61, 55),
(8, 57),
(33, 57),
(91, 57),
(162, 57),
(184, 57),
(15, 58),
(19, 58),
(83, 59),
(92, 59),
(116, 60),
(50, 61),
(79, 62),
(149, 63),
(48, 64),
(193, 65),
(63, 67),
(110, 67),
(30, 68),
(218, 68),
(59, 69),
(76, 69),
(143, 69),
(55, 70),
(71, 70),
(124, 70),
(185, 71),
(191, 71),
(72, 72),
(183, 72),
(73, 73),
(74, 74),
(168, 75),
(42, 77),
(28, 78),
(224, 78),
(88, 79),
(223, 79),
(53, 81),
(68, 81),
(187, 81),
(194, 83),
(200, 83),
(203, 83),
(32, 84),
(96, 84),
(85, 85),
(107, 86),
(144, 86),
(190, 87),
(66, 89),
(2, 90),
(49, 91),
(217, 91),
(106, 92),
(213, 92),
(29, 93),
(93, 93),
(120, 93),
(94, 94),
(175, 94),
(171, 95),
(97, 97),
(151, 97),
(17, 98),
(82, 98),
(180, 98),
(145, 99),
(198, 99),
(160, 100),
(81, 101),
(121, 101),
(172, 101),
(138, 103),
(167, 104),
(102, 106),
(142, 106),
(126, 107),
(197, 108),
(5, 110),
(99, 110),
(129, 110),
(165, 110),
(111, 111),
(125, 112),
(10, 113),
(169, 113),
(179, 113),
(186, 113),
(23, 114),
(86, 116),
(57, 117),
(7, 118),
(133, 119),
(90, 120),
(136, 120),
(20, 121),
(70, 121),
(119, 121),
(39, 122),
(122, 122),
(176, 122),
(26, 123),
(164, 123),
(208, 123),
(113, 124),
(163, 124),
(16, 126),
(135, 126),
(58, 127),
(6, 128),
(87, 128),
(100, 129),
(118, 129),
(188, 129),
(80, 130),
(62, 131),
(25, 132),
(112, 133),
(159, 133),
(78, 134),
(95, 135),
(156, 136),
(201, 137),
(89, 138),
(137, 138),
(192, 138),
(195, 138),
(155, 139),
(205, 140),
(31, 141),
(3, 142),
(4, 142),
(27, 144),
(109, 144),
(123, 145),
(147, 146),
(52, 149),
(60, 149),
(114, 149);

-- --------------------------------------------------------

--
-- Structure de la table `subscripcio`
--

CREATE TABLE `subscripcio` (
  `id` int(10) UNSIGNED NOT NULL,
  `dataSubscripcio` date NOT NULL,
  `id_usario` int(10) UNSIGNED NOT NULL,
  `id_canal` int(10) UNSIGNED NOT NULL
) ENGINE=InnoDB DEFAULT CHARSET=utf8mb4 COLLATE=utf8mb4_general_ci;

--
-- Déchargement des données de la table `subscripcio`
--

INSERT INTO `subscripcio` (`id`, `dataSubscripcio`, `id_usario`, `id_canal`) VALUES
(1, '2014-08-14', 109, 74),
(2, '2002-01-03', 44, 57),
(3, '2008-03-14', 132, 8),
(4, '2008-02-24', 1, 81),
(5, '2004-02-26', 72, 7),
(6, '2000-09-21', 126, 59),
(7, '2006-08-27', 144, 77),
(8, '2013-03-06', 5, 58),
(9, '2019-05-10', 126, 23),
(10, '2014-03-19', 135, 86),
(11, '2000-02-14', 144, 67),
(12, '2003-01-20', 66, 36),
(13, '2019-04-10', 34, 81),
(14, '2003-03-11', 75, 7),
(15, '2018-10-18', 13, 3),
(16, '2011-01-30', 124, 42),
(17, '2018-12-11', 111, 82),
(18, '2018-03-21', 38, 14),
(19, '2018-09-28', 139, 95),
(20, '2009-09-28', 80, 87),
(21, '2007-12-11', 5, 16),
(22, '2018-04-12', 18, 72),
(23, '2006-12-13', 104, 92),
(24, '2003-03-09', 116, 58),
(25, '2005-11-18', 125, 100),
(26, '2007-05-19', 56, 5),
(27, '2010-02-16', 10, 54),
(28, '2017-04-15', 42, 14),
(29, '2002-04-27', 60, 98),
(30, '2010-10-14', 139, 48),
(31, '2015-05-30', 52, 16),
(32, '2011-09-01', 76, 55),
(33, '2013-03-13', 145, 55),
(34, '2000-11-04', 101, 47),
(35, '2003-02-19', 81, 10),
(36, '2015-03-27', 50, 82),
(37, '2007-07-25', 69, 45),
(38, '2012-06-24', 118, 41),
(39, '2002-10-18', 9, 42),
(40, '2017-08-02', 26, 8),
(41, '2013-11-24', 84, 29),
(42, '2009-01-01', 25, 93),
(43, '2016-02-08', 125, 17),
(44, '2000-02-05', 85, 74),
(45, '2000-02-06', 34, 49),
(46, '2017-01-16', 37, 11),
(47, '2010-06-18', 23, 95),
(48, '2000-06-20', 100, 12),
(49, '2014-11-17', 141, 90),
(50, '2014-02-06', 95, 33),
(51, '2002-11-03', 34, 54),
(52, '2005-07-02', 103, 55),
(53, '2009-08-20', 93, 58),
(54, '2001-07-04', 4, 38),
(55, '2010-11-21', 92, 26),
(56, '2012-03-18', 109, 36),
(57, '2011-07-17', 38, 70),
(58, '2019-02-05', 109, 14),
(59, '2004-02-05', 124, 97),
(60, '2005-06-25', 2, 10),
(61, '2012-06-19', 103, 34),
(62, '2003-10-21', 78, 43),
(63, '2003-09-11', 118, 27),
(64, '2000-01-10', 2, 35),
(65, '2000-03-19', 19, 42),
(66, '2013-09-02', 122, 45),
(67, '2003-03-22', 17, 13),
(68, '2009-09-22', 17, 24),
(69, '2003-07-24', 5, 75),
(70, '2009-10-01', 125, 7),
(71, '2010-10-22', 136, 47),
(72, '2002-07-13', 111, 21),
(73, '2019-06-23', 41, 17),
(74, '2002-08-09', 119, 25),
(75, '2004-11-27', 80, 46),
(76, '2004-02-15', 5, 43),
(77, '2007-11-21', 33, 29),
(78, '2016-11-29', 20, 37),
(79, '2004-05-08', 22, 51),
(80, '2008-02-17', 143, 46),
(81, '2008-08-21', 9, 52),
(82, '2018-12-30', 50, 54),
(83, '2004-08-30', 20, 50),
(84, '2010-06-01', 81, 55),
(85, '2017-10-18', 10, 34),
(86, '2007-09-29', 54, 71),
(87, '2000-10-07', 67, 32),
(88, '2005-06-04', 58, 36),
(89, '2011-11-06', 68, 85),
(90, '2002-04-04', 57, 30),
(91, '2013-02-07', 39, 6),
(92, '2004-07-29', 117, 94),
(93, '2002-05-25', 117, 90),
(94, '2019-11-02', 40, 84),
(95, '2013-01-18', 114, 74),
(96, '2011-09-22', 84, 92),
(97, '2019-09-08', 51, 56),
(98, '2019-03-30', 135, 94),
(99, '2004-02-19', 108, 22),
(100, '2005-04-21', 78, 12),
(101, '2007-06-29', 130, 5),
(102, '2007-04-04', 61, 74),
(103, '2009-04-07', 62, 11),
(104, '2017-07-26', 63, 92),
(105, '2006-09-03', 25, 56),
(106, '2005-10-24', 108, 25),
(107, '2008-11-11', 24, 59),
(108, '2001-01-10', 112, 19),
(109, '2010-01-30', 26, 29),
(110, '2003-09-02', 68, 4),
(111, '2019-12-24', 81, 71),
(112, '2012-09-26', 118, 42),
(113, '2012-08-10', 16, 95),
(114, '2005-07-23', 34, 59),
(115, '2018-03-11', 24, 8),
(116, '2006-10-26', 41, 30),
(117, '2010-02-25', 96, 26),
(118, '2005-04-25', 133, 70),
(119, '2009-10-30', 76, 85),
(120, '2002-05-02', 29, 18),
(121, '2008-07-29', 4, 50),
(122, '2002-09-26', 45, 25),
(123, '2006-02-28', 80, 15),
(124, '2010-12-03', 94, 27),
(125, '2014-05-07', 91, 64),
(126, '2009-11-22', 128, 8),
(127, '2019-04-01', 71, 65),
(128, '2000-04-22', 137, 30),
(129, '2004-03-10', 133, 68),
(130, '2007-03-07', 38, 29),
(131, '2003-06-15', 6, 76),
(132, '2004-11-06', 119, 95),
(133, '2010-12-24', 67, 16),
(134, '2016-01-09', 120, 15),
(135, '2011-02-09', 58, 45),
(136, '2002-03-13', 134, 32),
(137, '2011-10-04', 118, 40),
(138, '2010-05-17', 100, 62),
(139, '2015-10-14', 49, 15),
(140, '2010-07-14', 97, 61),
(141, '2013-12-24', 99, 1),
(142, '2007-03-15', 60, 40),
(143, '2004-02-03', 109, 89),
(144, '2008-11-06', 70, 14),
(145, '2005-02-05', 105, 89),
(146, '2013-12-28', 92, 31),
(147, '2015-07-23', 77, 29),
(148, '2003-06-27', 144, 6),
(149, '2004-07-01', 1, 75),
(150, '2013-12-28', 95, 32);

-- --------------------------------------------------------

--
-- Structure de la table `usario`
--

CREATE TABLE `usario` (
  `id` int(10) UNSIGNED NOT NULL,
  `email` varchar(50) NOT NULL,
  `PASSWORD` varchar(50) NOT NULL,
  `nomUsario` varchar(50) NOT NULL,
  `dataNaxement` date NOT NULL,
  `sexe` varchar(20) NOT NULL,
  `pais` varchar(50) NOT NULL,
  `codiPostal` int(11) NOT NULL
) ENGINE=InnoDB DEFAULT CHARSET=utf8mb4 COLLATE=utf8mb4_general_ci;

--
-- Déchargement des données de la table `usario`
--

INSERT INTO `usario` (`id`, `email`, `PASSWORD`, `nomUsario`, `dataNaxement`, `sexe`, `pais`, `codiPostal`) VALUES
(1, 'dkbqs.eoxm@--w-pb.com', 'Mike watches football. ', 'Mike watches football. I like sports. ', '2014-08-12', 'Cindy knows Mike. ', 'Mike watches football. Rudi watches football. ', 1569164243),
(2, 'avbs.cpyhf@---dd-.net', 'Mike watches football. Rudi watches football. ', 'Mike like swimming. Rudi like sports. ', '2018-02-24', 'John called Adrian. ', 'I like sports. I watches football. ', 1608829471),
(3, 'avbs.cpyhf@---dd-.net', 'Mike watches football. Rudi watches football. ', 'Mike like swimming. Rudi like sports. ', '2018-02-24', 'John called Adrian. ', 'I like sports. I watches football. ', 1608829471),
(4, 'qjxi740@-yn-s-.com', 'Mike watches football. Rudi watches football. ', 'Rudi watches football. ', '2018-05-16', 'Cindy met Rolph. ', 'Rudi watches football. Rudi watches football. ', 1520798865),
(5, 'ghqj13@gav---.com', 'Mike like swimming. I watches football. ', 'I like swimming. Rudi watches football. ', '2004-05-09', 'John knows Tony. ', 'Mike loves flowers. Mike watches football. ', 755731230),
(6, 'ihco2@yqo-fz.net', 'Rudi watches football. ', 'Mike loves flowers. I loves flowers. ', '2013-08-04', 'Cindy called Tony. ', 'Mike watches football. Mike watches football. ', 259278695),
(9, 'tjow@gl--wh.org', 'I like sports. Rudi watches football. ', 'Mike watches football. I watches football. ', '2001-07-26', 'Cindy knows Mike. ', 'I like swimming. I watches football. ', 178712981),
(10, 'xmco@qvuablh.jb-oyu.com', 'Mike watches football. Mike watches football. ', 'I watches football. Rudi like swimming. ', '2009-12-19', 'Cindy knows Mike. ', 'Mike like sports. Rudi loves flowers. ', 1994471298),
(11, 'zpnf.fwet@twjrlhkf.j---o-.com', 'Mike like sports. I like swimming. ', 'Rudi like swimming. Mike loves flowers. ', '2015-12-26', 'I called Poe. ', 'I watches football. ', 1015705234),
(12, 'xgqm851@o--q-h.org', 'I like swimming. ', 'Rudi like sports. I watches football. ', '2016-02-06', 'Cindy knows Rolph. ', 'Rudi loves flowers. ', 546366578),
(13, 'cojx@x-----.com', 'Rudi loves flowers. Rudi like sports. ', 'Rudi like swimming. Mike watches football. ', '2005-05-10', 'I met Adrian. ', 'Mike watches football. Rudi like sports. ', 821700115),
(14, 'zyyj@h--x--.net', 'I loves flowers. Mike watches football. ', 'Mike loves flowers. Mike loves flowers. ', '2003-01-09', 'I knows Rolph. ', 'Mike like sports. Mike loves flowers. ', 1655058675),
(15, 'lssm6@-n--zg.org', 'Rudi loves flowers. Rudi watches football. ', 'Mike watches football. Mike watches football. ', '2011-06-29', 'Cindy knows Tony. ', 'Mike loves flowers. ', 472334550),
(16, 'duup54@-i-e-v.net', 'I loves flowers. ', 'Mike watches football. ', '2018-06-29', 'John called Tony. ', 'Mike watches football. I like swimming. ', 672191834),
(17, 'nimj01@b-himp.net', 'Rudi loves flowers. ', 'I like swimming. Rudi watches football. ', '2008-05-29', 'John met Adrian. ', 'I watches football. Mike like swimming. ', 1861145653),
(18, 'kvmb@-v-lto.org', 'Mike like swimming. Rudi loves flowers. ', 'I watches football. Rudi watches football. ', '2015-04-11', 'John met Mike. ', 'Mike like swimming. I loves flowers. ', 222046335),
(19, 'jksb5@s-cwqu.com', 'I loves flowers. Mike like swimming. ', 'I loves flowers. Mike loves flowers. ', '2014-05-05', 'Cindy knows Adrian. ', 'Mike watches football. ', 947507656),
(20, 'oivpx72@-xqg--.com', 'Rudi watches football. ', 'Rudi loves flowers. Mike loves flowers. ', '2000-01-25', 'Cindy met Mike. ', 'Mike watches football. I loves flowers. ', 1122259346),
(21, 'cegg958@v----x.com', 'Mike watches football. Rudi like swimming. ', 'Mike like sports. Mike watches football. ', '2010-09-01', 'Cindy met Tony. ', 'Mike watches football. ', 221408541),
(22, 'cesm6@dml-l-.net', 'Mike loves flowers. ', 'Mike watches football. Mike like swimming. ', '2014-09-23', 'I is visiting Poe. ', 'Mike like sports. I loves flowers. ', 1282819266),
(23, 'qwqyw@-t----.org', 'I watches football. Rudi like sports. ', 'Mike watches football. Mike watches football. ', '2007-03-18', 'I knows Florian. ', 'Rudi watches football. ', 1606935007),
(24, 'ofxb.ijim@---y--.com', 'Rudi like swimming. I like sports. ', 'I watches football. ', '2019-02-15', 'Cindy called Tony. ', 'I watches football. I like sports. ', 841354200),
(25, 'kvmb@-v-lto.org', 'Mike like swimming. Rudi loves flowers. ', 'I watches football. Rudi watches football. ', '2015-04-11', 'John met Mike. ', 'Mike like swimming. I loves flowers. ', 222046335),
(26, 'jksb5@s-cwqu.com', 'I loves flowers. Mike like swimming. ', 'I loves flowers. Mike loves flowers. ', '2014-05-05', 'Cindy knows Adrian. ', 'Mike watches football. ', 947507656),
(27, 'oivpx72@-xqg--.com', 'Rudi watches football. ', 'Rudi loves flowers. Mike loves flowers. ', '2000-01-25', 'Cindy met Mike. ', 'Mike watches football. I loves flowers. ', 1122259346),
(28, 'cegg958@v----x.com', 'Mike watches football. Rudi like swimming. ', 'Mike like sports. Mike watches football. ', '2010-09-01', 'Cindy met Tony. ', 'Mike watches football. ', 221408541),
(29, 'cesm6@dml-l-.net', 'Mike loves flowers. ', 'Mike watches football. Mike like swimming. ', '2014-09-23', 'I is visiting Poe. ', 'Mike like sports. I loves flowers. ', 1282819266),
(30, 'qwqyw@-t----.org', 'I watches football. Rudi like sports. ', 'Mike watches football. Mike watches football. ', '2007-03-18', 'I knows Florian. ', 'Rudi watches football. ', 1606935007),
(31, 'ofxb.ijim@---y--.com', 'Rudi like swimming. I like sports. ', 'I watches football. ', '2019-02-15', 'Cindy called Tony. ', 'I watches football. I like sports. ', 841354200),
(32, 'fbxq6@mhpx.gbto-j.com', 'Mike like sports. Rudi watches football. ', 'Mike loves flowers. ', '2016-06-21', 'Cindy called Poe. ', 'I watches football. Mike watches football. ', 995189208),
(33, 'dizl@---b--.net', 'Mike loves flowers. ', 'I loves flowers. Mike loves flowers. ', '2002-08-03', 'Cindy knows Mike. ', 'Rudi loves flowers. I like swimming. ', 963395213),
(34, 'pbyk@---ptk.com', 'Rudi like swimming. Rudi watches football. ', 'I watches football. Mike watches football. ', '2003-10-10', 'John called Tony. ', 'Mike watches football. Rudi loves flowers. ', 1960529693),
(37, 'plwen@b--my-.com', 'I watches football. Mike like sports. ', 'Mike loves flowers. ', '2006-07-10', 'John met Adrian. ', 'Rudi watches football. Mike watches football. ', 1292766300),
(38, 'ejnh@hzfla.f-c--l.net', 'Mike like swimming. Rudi watches football. ', 'Mike watches football. Mike like swimming. ', '2015-01-12', 'Cindy knows Mike. ', 'Mike like sports. Rudi loves flowers. ', 1306204540),
(39, 'kiby@mv-l-g.org', 'I like swimming. I loves flowers. ', 'Rudi like sports. ', '2003-10-12', 'John knows Poe. ', 'Mike watches football. Rudi loves flowers. ', 1314732448),
(40, 'mbxnf3@-m--qi.com', 'Rudi watches football. I watches football. ', 'Rudi like swimming. Rudi like sports. ', '2005-08-10', 'Cindy knows Tony. ', 'Mike watches football. I like sports. ', 1671827615),
(41, 'doai@bdf--h.com', 'Mike like sports. ', 'Mike watches football. Rudi like sports. ', '2009-01-08', 'Cindy called Mike. ', 'Mike watches football. Mike loves flowers. ', 84695135),
(42, 'emfsk@----ds.net', 'Mike like swimming. Rudi like swimming. ', 'Rudi watches football. ', '2004-08-08', 'John knows Tony. ', 'Rudi watches football. I like sports. ', 1086676969),
(43, 'tvbx@n--rqw.com', 'I watches football. Mike watches football. ', 'Mike watches football. Rudi watches football. ', '2011-09-27', 'Cindy called Adrian.', 'Rudi watches football. Mike watches football. ', 2005950026),
(44, 'ktdf787@-j-m--.net', 'Rudi like sports. Mike watches football. ', 'Mike loves flowers. Mike like sports. ', '2016-02-25', 'Cindy knows Mike. ', 'Rudi watches football. Mike loves flowers. ', 757904171),
(45, 'ndbd.hvtxr@----ed.com', 'I loves flowers. Mike watches football. ', 'Rudi loves flowers. Rudi watches football. ', '2014-09-21', 'I knows Florian. ', 'Mike watches football. Rudi watches football. ', 2078711790),
(46, 'kolie634@hpbr--.org', 'Rudi loves flowers. I like swimming. ', 'Mike loves flowers. I like sports. ', '2015-03-09', 'Cindy knows Adrian. ', 'Rudi watches football. Mike like swimming. ', 954693985),
(47, 'tshi@q---r-.com', 'Mike watches football. I loves flowers. ', 'Rudi like swimming. Mike watches football. ', '2015-08-17', 'Cindy met Rolph. ', 'Rudi like swimming. Rudi watches football. ', 734432829),
(48, 'fsde@q--hw-.org', 'Rudi watches football. Mike like sports. ', 'Rudi like sports. Rudi watches football. ', '2009-04-28', 'I met Tony. ', 'Mike loves flowers. Mike watches football. ', 550929392),
(49, 'gdksw67@------.com', 'Mike loves flowers. Mike watches football. ', 'Mike like sports. Rudi like swimming. ', '2017-11-10', 'Cindy called Poe. ', 'Mike watches football. Mike watches football. ', 730509764),
(50, 'yusc.rgio@-rsj--.org', 'Mike like sports. Mike like swimming. ', 'Mike like sports. Rudi watches football. ', '2007-09-03', 'I knows Florian. ', 'Mike like sports. Rudi like swimming. ', 1230173319),
(51, 'ehxb3@s---n-.net', 'Mike like sports. Rudi loves flowers. ', 'Rudi watches football. Rudi loves flowers. ', '2010-06-25', 'Cindy knows Tony. ', 'Mike watches football. Mike watches football. ', 881203743),
(52, 'kolie634@hpbr--.org', 'Rudi loves flowers. I like swimming. ', 'Mike loves flowers. I like sports. ', '2015-03-09', 'Cindy knows Adrian. ', 'Rudi watches football. Mike like swimming. ', 954693985),
(53, 'tshi@q---r-.com', 'Mike watches football. I loves flowers. ', 'Rudi like swimming. Mike watches football. ', '2015-08-17', 'Cindy met Rolph. ', 'Rudi like swimming. Rudi watches football. ', 734432829),
(54, 'fsde@q--hw-.org', 'Rudi watches football. Mike like sports. ', 'Rudi like sports. Rudi watches football. ', '2009-04-28', 'I met Tony. ', 'Mike loves flowers. Mike watches football. ', 550929392),
(55, 'gdksw67@------.com', 'Mike loves flowers. Mike watches football. ', 'Mike like sports. Rudi like swimming. ', '2017-11-10', 'Cindy called Poe. ', 'Mike watches football. Mike watches football. ', 730509764),
(56, 'yusc.rgio@-rsj--.org', 'Mike like sports. Mike like swimming. ', 'Mike like sports. Rudi watches football. ', '2007-09-03', 'I knows Florian. ', 'Mike like sports. Rudi like swimming. ', 1230173319),
(57, 'ehxb3@s---n-.net', 'Mike like sports. Rudi loves flowers. ', 'Rudi watches football. Rudi loves flowers. ', '2010-06-25', 'Cindy knows Tony. ', 'Mike watches football. Mike watches football. ', 881203743),
(58, 'axcj223@uevx--.net', 'Rudi watches football. Mike loves flowers. ', 'Mike watches football. ', '2001-01-10', 'John called Rolph. ', 'Rudi loves flowers. ', 1506411967),
(59, 'yymk@r--c--.net', 'Rudi watches football. Rudi loves flowers. ', 'I watches football. Mike watches football. ', '2017-04-08', 'Cindy called Tony. ', 'Mike watches football. Mike like sports. ', 1769235290),
(60, 'phkrh.korfp@-s-g--.net', 'Rudi watches football. Rudi like sports. ', 'Rudi loves flowers. I like swimming. ', '2006-12-08', 'John called Tony. ', 'Mike like sports. Rudi watches football. ', 236575786),
(61, 'syax4@----ql.org', 'I like swimming. ', 'Mike like sports. Rudi like sports. ', '2002-06-26', 'Cindy called Mike. ', 'I watches football. Rudi like sports. ', 646746237),
(62, 'glwdz42@z--v-l.net', 'Rudi watches football. Rudi watches football. ', 'Mike watches football. Rudi watches football. ', '2009-08-09', 'I called Adrian. ', 'Rudi watches football. Rudi loves flowers. ', 1554777321),
(63, 'uauq8@s-ewf-.org', 'Rudi watches football. Mike like sports. ', 'Rudi watches football. Mike like swimming. ', '2009-10-07', 'I called Rolph. ', 'I watches football. Mike loves flowers. ', 621397819),
(64, 'twkb@r-sr-j.com', 'Mike like swimming. Mike loves flowers. ', 'Mike watches football. Rudi like sports. ', '2018-02-17', 'I knows Adrian. ', 'Mike like sports. ', 685325886),
(65, 'nbuf@rp--cl.com', 'Mike watches football. Mike watches football. ', 'Mike loves flowers. Rudi watches football. ', '2003-08-17', 'I knows Rolph. ', 'Rudi watches football. Rudi loves flowers. ', 1593020971),
(66, 'bkrv75@--jf--.org', 'I watches football. Mike watches football. ', 'Mike watches football. Rudi loves flowers. ', '2010-10-07', 'Cindy called Poe. ', 'Rudi watches football. I loves flowers. ', 287270113),
(67, 'pqzk.bwsb@t-j-i-.net', 'Mike loves flowers. I loves flowers. ', 'Rudi watches football. Rudi like sports. ', '2011-02-26', 'Cindy knows Tony. ', 'Rudi watches football. Mike like sports. ', 777850112),
(68, 'fvps6@-d-lr-.com', 'Rudi like swimming. Mike loves flowers. ', 'Rudi watches football. I watches football. ', '2016-10-20', 'John knows Florian. ', 'I loves flowers. Mike loves flowers. ', 1021533658),
(69, 'qash5@-----c.com', 'Rudi watches football. Rudi watches football. ', 'Mike watches football. Mike watches football. ', '2011-06-08', 'John met Mike. ', 'I watches football. Rudi watches football. ', 1712100380),
(70, 'dfkrd@--t-jh.com', 'Mike watches football. Rudi loves flowers. ', 'Rudi watches football. Mike watches football. ', '2019-11-03', 'John met Tony. ', 'Mike like sports. Mike watches football. ', 597973271),
(71, 'qqkti@--ur-d.org', 'Mike like sports. Rudi watches football. ', 'Mike watches football. Rudi watches football. ', '2017-12-14', 'John knows Rolph. ', 'Mike loves flowers. I like swimming. ', 1601216749),
(72, 'nbuf@rp--cl.com', 'Mike watches football. Mike watches football. ', 'Mike loves flowers. Rudi watches football. ', '2003-08-17', 'I knows Rolph. ', 'Rudi watches football. Rudi loves flowers. ', 1593020971),
(73, 'bkrv75@--jf--.org', 'I watches football. Mike watches football. ', 'Mike watches football. Rudi loves flowers. ', '2010-10-07', 'Cindy called Poe. ', 'Rudi watches football. I loves flowers. ', 287270113),
(74, 'pqzk.bwsb@t-j-i-.net', 'Mike loves flowers. I loves flowers. ', 'Rudi watches football. Rudi like sports. ', '2011-02-26', 'Cindy knows Tony. ', 'Rudi watches football. Mike like sports. ', 777850112),
(75, 'fvps6@-d-lr-.com', 'Rudi like swimming. Mike loves flowers. ', 'Rudi watches football. I watches football. ', '2016-10-20', 'John knows Florian. ', 'I loves flowers. Mike loves flowers. ', 1021533658),
(76, 'qash5@-----c.com', 'Rudi watches football. Rudi watches football. ', 'Mike watches football. Mike watches football. ', '2011-06-08', 'John met Mike. ', 'I watches football. Rudi watches football. ', 1712100380),
(77, 'dfkrd@--t-jh.com', 'Mike watches football. Rudi loves flowers. ', 'Rudi watches football. Mike watches football. ', '2019-11-03', 'John met Tony. ', 'Mike like sports. Mike watches football. ', 597973271),
(78, 'qqkti@--ur-d.org', 'Mike like sports. Rudi watches football. ', 'Mike watches football. Rudi watches football. ', '2017-12-14', 'John knows Rolph. ', 'Mike loves flowers. I like swimming. ', 1601216749),
(79, 'tfto5@------.net', 'I like swimming. Rudi watches football. ', 'Mike watches football. Mike watches football. ', '2010-10-29', 'John called Mike. ', 'Mike loves flowers. Mike watches football. ', 1275112368),
(80, 'xzck.scky@b-de--.com', 'Mike watches football. Rudi like sports. ', 'Mike loves flowers. Mike like sports. ', '2004-04-16', 'John knows Tony. ', 'Mike like swimming. I like sports. ', 2021217197),
(81, 'ztdx@-b-w-r.com', 'Mike watches football. Rudi watches football. ', 'Mike watches football. Rudi loves flowers. ', '2017-05-08', 'John knows Florian. ', 'Mike loves flowers. ', 1423213628),
(82, 'kwbq591@-e-nre.net', 'Mike like swimming. Rudi like sports. ', 'Mike loves flowers. Rudi like sports. ', '2006-06-20', 'John called Adrian. ', 'Rudi watches football. I loves flowers. ', 1674095596),
(83, 'gwyx@--bh-l.org', 'Mike loves flowers. Mike watches football. ', 'Mike like sports. Mike watches football. ', '2002-07-19', 'I knows Adrian. ', 'Mike watches football. Rudi watches football. ', 921339469),
(84, 'pbru@g--dhr.com', 'I watches football. Rudi like swimming. ', 'Mike watches football. Mike watches football. ', '2002-12-18', 'Cindy called Mike. ', 'I loves flowers. Mike watches football. ', 839253162),
(85, 'fpbq38@-o-z--.com', 'I watches football. Rudi watches football. ', 'Rudi watches football. Mike loves flowers. ', '2010-02-11', 'I met Poe. ', 'Mike watches football. Rudi watches football. ', 1115349207),
(91, 'vwwd@w-vs-d.org', 'Rudi watches football. Rudi like sports. ', 'I loves flowers. Mike watches football. ', '2018-09-23', 'John knows Tony. ', 'Rudi watches football. Mike like sports. ', 1519831649),
(92, 'gaqf5@-smu-g.com', 'Rudi loves flowers. Mike loves flowers. ', 'Mike loves flowers. Mike loves flowers. ', '2011-03-27', 'Cindy knows Adrian. ', 'Mike like sports. Mike like swimming. ', 929047632),
(93, 'wtel@------.com', 'Rudi like sports. Mike watches football. ', 'I loves flowers. Rudi watches football. ', '2011-04-07', 'Cindy called Mike. ', 'I watches football. I like sports. ', 2091779385),
(94, 'qklgk27@yrvp.---c-q.org', 'Rudi watches football. I watches football. ', 'Rudi loves flowers. I watches football. ', '2005-11-05', 'Cindy met Adrian. ', 'Mike watches football. Rudi watches football. ', 1044784864),
(95, 'vsxq@ty-zqa.com', 'Mike watches football. Mike like swimming. ', 'Rudi watches football. Rudi like sports. ', '2016-07-31', 'Cindy met Tony. ', 'Rudi like sports. I like swimming. ', 862089384),
(96, 'rxhu.tpee@s-g-en.net', 'I like sports. Mike watches football. ', 'Mike like swimming. Mike watches football. ', '2016-04-07', 'Cindy called Mike. ', 'Mike loves flowers. Mike watches football. ', 876097870),
(97, 'kiik@b-u-yf.org', 'I watches football. Rudi loves flowers. ', 'I watches football. Rudi watches football. ', '2011-04-27', 'John called Poe. ', 'Mike watches football. ', 423072853),
(98, 'xpou8@gf-uxd.org', 'Rudi watches football. Rudi watches football. ', 'Mike watches football. ', '2006-09-16', 'I met Florian. ', 'Mike watches football. I like sports. ', 1116186410),
(99, 'jmrq@fq-j-d.com', 'Mike like swimming. Mike watches football. ', 'Mike like sports. Rudi like swimming. ', '2009-08-19', 'John called Adrian. ', 'Mike loves flowers. Rudi loves flowers. ', 1332988112),
(100, 'kzss@s---vr.com', 'I loves flowers. Rudi watches football. ', 'Mike watches football. Mike watches football. ', '2014-06-09', 'I is visiting Mike. ', 'Mike watches football. Rudi loves flowers. ', 887827160),
(101, 'fkml46@dim-n-.org', 'Mike like sports. Mike like sports. ', 'I loves flowers. ', '2008-04-13', 'Cindy knows Adrian. ', 'Mike watches football. ', 2140266476),
(102, 'lkhn36@gf-m--.com', 'I loves flowers. Rudi loves flowers. ', 'Rudi loves flowers. Mike like sports. ', '2012-04-29', 'John knows Adrian. ', 'Rudi loves flowers. Rudi like swimming. ', 1777806702),
(103, 'yvza.jmvqt@qc-ajq.net', 'I watches football. Mike watches football. ', 'Mike like swimming. I like swimming. ', '2003-01-08', 'I is visiting Tony. ', 'Mike loves flowers. Mike loves flowers. ', 2048597661),
(104, 'nkqk479@-vp---.net', 'I watches football. Rudi like swimming. ', 'Mike watches football. Mike watches football. ', '2014-05-03', 'John met Rolph. ', 'I loves flowers. Rudi like sports. ', 1812373866),
(105, 'eqwx1@vy--qn.com', 'Mike loves flowers. ', 'Mike watches football. I watches football. ', '2016-10-27', 'Cindy knows Florian.', 'I watches football. Mike like sports. ', 147118023),
(106, 'pzgw5@y---wu.com', 'I watches football. Mike watches football. ', 'Mike like swimming. Mike watches football. ', '2001-02-22', 'I is visiting Tony. ', 'Mike watches football. Mike watches football. ', 1362179388),
(107, 'rcex.omvzmq@ufnp--.org', 'Mike watches football. Rudi watches football. ', 'I watches football. ', '2013-05-03', 'Cindy called Tony. ', 'Rudi loves flowers. Mike watches football. ', 1753621473),
(108, 'teru.bijy@sci--f.org', 'Mike watches football. Mike loves flowers. ', 'I loves flowers. ', '2009-01-02', 'I called Tony. ', 'Mike watches football. Rudi watches football. ', 219751442),
(109, 'npuk412@wczq-l.net', 'Mike loves flowers. ', 'Mike watches football. Rudi loves flowers. ', '2014-06-19', 'Cindy knows Adrian. ', 'Rudi watches football. Rudi watches football. ', 484953430),
(110, 'qqnt@-niv--.org', 'Rudi loves flowers. Mike watches football. ', 'I like sports. ', '2010-08-29', 'Cindy met Tony. ', 'Mike watches football. Rudi watches football. ', 1035027900),
(111, 'juhhk@----pi.com', 'Rudi loves flowers. I loves flowers. ', 'Rudi watches football. I like sports. ', '2011-10-17', 'Cindy knows Tony. ', 'Rudi watches football. Rudi watches football. ', 1637362681),
(112, 'bxgx@---q--.org', 'Mike like sports. Mike watches football. ', 'Rudi watches football. ', '2012-06-19', 'John knows Adrian. ', 'Mike watches football. Mike like swimming. ', 1698473381),
(113, 'mlodm@-w---u.net', 'Rudi watches football. I like sports. ', 'I loves flowers. Rudi watches football. ', '2000-02-01', 'I knows Tony. ', 'Mike watches football. Rudi watches football. ', 1676561508),
(114, 'nczbs.ezvc@-vsw-s.com', 'Mike loves flowers. Rudi watches football. ', 'Mike watches football. I watches football. ', '2019-10-25', 'John called Florian.', 'Mike like sports. Rudi like swimming. ', 388192301),
(115, 'bqvr8@-t-u-g.com', 'Rudi loves flowers. Mike watches football. ', 'Rudi watches football. Rudi watches football. ', '2017-04-19', 'John met Florian. ', 'Rudi watches football. Mike watches football. ', 659459493),
(116, 'vmin38@iio--h.org', 'Mike watches football. I watches football. ', 'Mike watches football. I loves flowers. ', '2006-02-21', 'Cindy called Rolph. ', 'Rudi like swimming. Mike like swimming. ', 1899945373),
(117, 'grts@jw-gx-.org', 'Mike watches football. Rudi watches football. ', 'Mike watches football. Rudi watches football. ', '2010-01-30', 'John called Mike. ', 'I watches football. I loves flowers. ', 867608416),
(118, 'oknmi8@-t--dg.com', 'Mike watches football. Rudi watches football. ', 'Mike loves flowers. I like swimming. ', '2006-07-24', 'I knows Florian. ', 'Mike watches football. I loves flowers. ', 1940008432),
(119, 'ngjf0@yd----.org', 'Rudi like swimming. Mike watches football. ', 'Rudi watches football. ', '2009-12-20', 'John met Florian. ', 'Mike like swimming. Mike watches football. ', 81948376),
(120, 'diri3@w----e.com', 'Mike watches football. Rudi watches football. ', 'Rudi watches football. Rudi watches football. ', '2017-03-06', 'Cindy knows Adrian. ', 'I like swimming. ', 845721158),
(121, 'gjre8@-s-a-t.com', 'Mike loves flowers. Rudi loves flowers. ', 'Mike loves flowers. ', '2014-08-08', 'Cindy met Rolph. ', 'Mike loves flowers. Rudi watches football. ', 828015025),
(122, 'jpqm.ubpg@d-q--o.net', 'Mike watches football. ', 'I like swimming. Rudi watches football. ', '2007-01-02', 'Cindy knows Florian.', 'I like swimming. Mike like sports. ', 890671984),
(123, 'wdgto@-t-q-p.com', 'Rudi watches football. Mike loves flowers. ', 'Mike watches football. Rudi like sports. ', '2016-09-04', 'Cindy knows Tony. ', 'Rudi like sports. Rudi watches football. ', 1637639694),
(124, 'nkvd7@m-f-fp.com', 'Mike like sports. ', 'Mike loves flowers. Mike watches football. ', '2017-12-25', 'Cindy knows Mike. ', 'I watches football. Rudi watches football. ', 1055728375),
(125, 'gmkzs3@--gmfp.org', 'Rudi watches football. Rudi like sports. ', 'Rudi watches football. I like swimming. ', '2008-09-09', 'Cindy called Rolph. ', 'Mike watches football. Mike watches football. ', 653882727),
(126, 'juhhk@----pi.com', 'Rudi loves flowers. I loves flowers. ', 'Rudi watches football. I like sports. ', '2011-10-17', 'Cindy knows Tony. ', 'Rudi watches football. Rudi watches football. ', 1637362681),
(127, 'bxgx@---q--.org', 'Mike like sports. Mike watches football. ', 'Rudi watches football. ', '2012-06-19', 'John knows Adrian. ', 'Mike watches football. Mike like swimming. ', 1698473381),
(128, 'mlodm@-w---u.net', 'Rudi watches football. I like sports. ', 'I loves flowers. Rudi watches football. ', '2000-02-01', 'I knows Tony. ', 'Mike watches football. Rudi watches football. ', 1676561508),
(129, 'nczbs.ezvc@-vsw-s.com', 'Mike loves flowers. Rudi watches football. ', 'Mike watches football. I watches football. ', '2019-10-25', 'John called Florian.', 'Mike like sports. Rudi like swimming. ', 388192301),
(130, 'bqvr8@-t-u-g.com', 'Rudi loves flowers. Mike watches football. ', 'Rudi watches football. Rudi watches football. ', '2017-04-19', 'John met Florian. ', 'Rudi watches football. Mike watches football. ', 659459493),
(131, 'vmin38@iio--h.org', 'Mike watches football. I watches football. ', 'Mike watches football. I loves flowers. ', '2006-02-21', 'Cindy called Rolph. ', 'Rudi like swimming. Mike like swimming. ', 1899945373),
(132, 'grts@jw-gx-.org', 'Mike watches football. Rudi watches football. ', 'Mike watches football. Rudi watches football. ', '2010-01-30', 'John called Mike. ', 'I watches football. I loves flowers. ', 867608416),
(133, 'oknmi8@-t--dg.com', 'Mike watches football. Rudi watches football. ', 'Mike loves flowers. I like swimming. ', '2006-07-24', 'I knows Florian. ', 'Mike watches football. I loves flowers. ', 1940008432),
(134, 'ngjf0@yd----.org', 'Rudi like swimming. Mike watches football. ', 'Rudi watches football. ', '2009-12-20', 'John met Florian. ', 'Mike like swimming. Mike watches football. ', 81948376),
(135, 'diri3@w----e.com', 'Mike watches football. Rudi watches football. ', 'Rudi watches football. Rudi watches football. ', '2017-03-06', 'Cindy knows Adrian. ', 'I like swimming. ', 845721158),
(136, 'gjre8@-s-a-t.com', 'Mike loves flowers. Rudi loves flowers. ', 'Mike loves flowers. ', '2014-08-08', 'Cindy met Rolph. ', 'Mike loves flowers. Rudi watches football. ', 828015025),
(137, 'jpqm.ubpg@d-q--o.net', 'Mike watches football. ', 'I like swimming. Rudi watches football. ', '2007-01-02', 'Cindy knows Florian.', 'I like swimming. Mike like sports. ', 890671984),
(138, 'wdgto@-t-q-p.com', 'Rudi watches football. Mike loves flowers. ', 'Mike watches football. Rudi like sports. ', '2016-09-04', 'Cindy knows Tony. ', 'Rudi like sports. Rudi watches football. ', 1637639694),
(139, 'nkvd7@m-f-fp.com', 'Mike like sports. ', 'Mike loves flowers. Mike watches football. ', '2017-12-25', 'Cindy knows Mike. ', 'I watches football. Rudi watches football. ', 1055728375),
(140, 'gmkzs3@--gmfp.org', 'Rudi watches football. Rudi like sports. ', 'Rudi watches football. I like swimming. ', '2008-09-09', 'Cindy called Rolph. ', 'Mike watches football. Mike watches football. ', 653882727),
(141, 'pvef4@-db-qd.org', 'Mike watches football. ', 'Mike loves flowers. Mike like sports. ', '2009-06-22', 'John knows Poe. ', 'Rudi like swimming. ', 1028863277),
(142, 'xgth068@q-----.net', 'I watches football. Rudi loves flowers. ', 'I like swimming. ', '2003-04-09', 'I is visiting Poe. ', 'Rudi like swimming. I watches football. ', 390079045),
(143, 'kidrm347@----jc.net', 'Mike watches football. Rudi loves flowers. ', 'Mike like swimming. ', '2006-06-09', 'John knows Mike. ', 'Mike loves flowers. Mike watches football. ', 280121197),
(144, 'iteng395@tcc-i-.org', 'Mike loves flowers. Rudi like swimming. ', 'Mike watches football. ', '2013-02-27', 'Cindy met Rolph. ', 'Mike watches football. Rudi loves flowers. ', 741900185),
(145, 'zquj62@h-g---.com', 'Mike like sports. Rudi like swimming. ', 'Rudi loves flowers. Mike watches football. ', '2008-04-17', 'John called Adrian. ', 'Mike watches football. Mike like swimming. ', 1670665009);

-- --------------------------------------------------------

--
-- Structure de la table `video`
--

CREATE TABLE `video` (
  `id` int(10) UNSIGNED NOT NULL,
  `descripcio` varchar(150) NOT NULL,
  `grandaria` int(10) UNSIGNED NOT NULL,
  `nom` varchar(50) NOT NULL,
  `durada` int(10) UNSIGNED NOT NULL,
  `thumbnail` varchar(50) NOT NULL,
  `reproduccions` int(11) NOT NULL,
  `likes` int(11) DEFAULT NULL,
  `dislikes` int(11) DEFAULT NULL,
  `id_etiqueta` int(10) UNSIGNED NOT NULL
) ENGINE=InnoDB DEFAULT CHARSET=utf8mb4 COLLATE=utf8mb4_general_ci;

--
-- Déchargement des données de la table `video`
--

INSERT INTO `video` (`id`, `descripcio`, `grandaria`, `nom`, `durada`, `thumbnail`, `reproduccions`, `likes`, `dislikes`, `id_etiqueta`) VALUES
(1, 'Anne has free time. Anne bought new car. Tony has free time. Tony has free time. John has free time. ', 1570126088, 'Mike watches football. I like sports. ', 1568971868, 'Mike watches football. Mike watches football. ', 1569356619, 1371249175, 2112476946, 1568009991),
(2, 'Anne bought new car. Tony bought new car. John bought new car. John has free time. John has free time. ', 1935844031, 'Mike like swimming. Rudi like sports. ', 1972923321, 'Mike like sports. Rudi watches football. ', 1244735654, NULL, NULL, 1645908761),
(3, 'John bought new car. Tony has free time. John has free time. Tony is walking. John is shopping. ', 1066918394, 'I watches football. Rudi like sports. ', 1972693766, 'Rudi watches football. Rudi watches football. ', 1670768663, 1053566268, 271719161, 1653764762),
(4, 'Tony is walking. Anne is walking. ', 2117154592, 'Mike watches football. Rudi watches football. ', 1459337896, 'I watches football. Rudi like swimming. ', 246954374, 1520798865, 1200937830, 1269071295),
(5, 'Anne bought new car. Anne has free time. Tony has free time. Anne has free time. Anne is walking. ', 1840659868, 'Rudi watches football. ', 168336463, 'Mike watches football. Rudi like sports. ', 725777588, 2045813698, 971642687, 1995959107),
(6, 'Anne bought new car. John has free time. John bought new car. Tony bought new car. John is shopping. ', 2120470093, 'I like swimming. Rudi watches football. ', 53286715, 'Rudi watches football. I watches football. ', 1458175681, 1825174485, 1342246833, 836031434),
(7, 'John has free time. Anne is walking. Anne has free time. Anne has free time. Anne has free time. ', 489965424, 'Mike loves flowers. I loves flowers. ', 1501631576, 'Mike watches football. I watches football. ', 1164409526, NULL, 270649436, 1270944816),
(8, 'Anne is walking. Anne is shopping. John has free time. Anne has free time. Anne has free time. ', 160618522, 'Mike like sports. Mike loves flowers. ', 1728588967, 'I like sports. ', 1921760003, 1994471298, 542705347, 1245661283),
(9, 'Tony has free time. John is shopping. John bought new car. John has free time. ', 1595919047, 'Mike watches football. I watches football. ', 324768466, 'Mike loves flowers. Mike watches football. ', 32657465, 249143928, 1500846441, 1055045983),
(10, 'Tony bought new car. Tony is walking. ', 2039214544, 'I watches football. Rudi like swimming. ', 1985522668, 'Mike watches football. I like sports. ', 2003419960, 1264798709, NULL, 1940779454),
(11, 'Anne is walking. Anne bought new car. Tony has free time. John is walking. John has free time. ', 65526659, 'Rudi like swimming. Rudi loves flowers. ', 1640324086, 'Rudi watches football. I loves flowers. ', 1115391599, 1268337383, 1945614146, 805171606),
(12, 'Anne is walking. John has free time. Anne bought new car. ', 1485318616, 'I watches football. I loves flowers. ', 7260017, 'I watches football. Mike watches football. ', 1215774109, 821700115, 886651062, 207200303),
(13, 'John has free time. Anne is shopping. John bought new car. Tony bought new car. ', 1828992267, 'Rudi watches football. Rudi watches football. ', 1581456746, 'I watches football. I watches football. ', 948140672, 1333863878, 1220210651, 1017263221),
(14, 'Anne bought new car. Anne bought new car. Tony bought new car. Anne bought new car. Anne bought new car. ', 121863560, 'Rudi like swimming. Mike loves flowers. ', 2053467021, 'Mike like sports. Rudi watches football. ', 2125427094, 672191834, NULL, 799825080),
(15, 'Tony bought new car. Anne bought new car. ', 876785565, 'Rudi like sports. I watches football. ', 1768772963, 'Mike loves flowers. Mike watches football. ', 1471443809, 1469723234, 1905442388, 1438354008),
(16, 'John bought new car. Tony has free time. John has free time. John bought new car. Tony is walking. ', 756749168, 'Rudi like swimming. Mike watches football. ', 405193588, 'Mike watches football. Rudi watches football. ', 1238206674, 947507656, 1341155896, 470144535),
(17, 'John is shopping. John is shopping. John is walking. John has free time. ', 2133925812, 'Mike loves flowers. Mike loves flowers. ', 700291788, 'Mike loves flowers. I like swimming. ', 462341914, 1277474370, NULL, 221424651),
(18, 'Anne is walking. Anne is shopping. Tony is walking. Tony bought new car. John has free time. ', 1206768426, 'Mike watches football. Mike watches football. ', 1613937925, 'Mike watches football. Rudi loves flowers. ', 1478214758, 1282819266, 1753445341, 879504049),
(19, 'Tony is shopping. Anne is walking. John bought new car. Tony bought new car. Tony is walking. ', 1022169017, 'Mike watches football. ', 602196366, 'Mike loves flowers. I watches football. ', 742187239, 1405228, NULL, 252219215),
(20, 'Anne bought new car. Anne has free time. Tony bought new car. John has free time. Tony has free time. ', 106110341, 'I like swimming. Rudi watches football. ', 494165778, 'I watches football. I watches football. ', 1080641880, 1793136858, 495631217, 101717411),
(21, 'John bought new car. Tony is shopping. John is shopping. Tony is shopping. Tony has free time. ', 1250420388, 'I watches football. Rudi watches football. ', 1734358422, 'I loves flowers. I watches football. ', 857217862, 1659011565, 675846149, 705984369),
(22, 'John is shopping. John has free time. Anne bought new car. ', 1828030354, 'I loves flowers. Mike loves flowers. ', 1630396588, 'I loves flowers. Rudi watches football. ', 264618724, 1960529693, 131197151, 749873890),
(23, 'Anne has free time. John is walking. Tony is shopping. Tony has free time. John is walking. ', 491073319, 'Rudi loves flowers. Mike loves flowers. ', 1677993262, 'Rudi watches football. Rudi watches football. ', 566525398, 1421082834, 1753536705, 161695610),
(24, 'Tony is walking. John is shopping. John has free time. John is shopping. Tony bought new car. ', 328964149, 'Mike like sports. Mike watches football. ', 1917884299, 'Mike watches football. ', 672416366, 422386839, 293969387, 1810328691),
(25, 'John has free time. Anne bought new car. ', 2070007347, 'Mike watches football. Mike like swimming. ', 1125381688, 'I watches football. Rudi like sports. ', 1440256876, 1962909362, 671850882, 338193607),
(26, 'Anne bought new car. Anne bought new car. Tony has free time. John has free time. Anne has free time. ', 499559765, 'Mike watches football. Mike watches football. ', 110423163, 'Mike watches football. Mike watches football. ', 955963235, NULL, NULL, 1217798373),
(27, 'Anne is shopping. Anne is shopping. Anne is shopping. Tony has free time. Tony is shopping. ', 1324227872, 'I watches football. ', 744779427, 'Mike like swimming. ', 937928941, 24949697, 807280421, 261905755),
(28, 'Tony bought new car. Anne has free time. Tony has free time. ', 1307592918, 'Mike watches football. Mike watches football. ', 1031252175, 'I watches football. I watches football. ', 407537863, 1086676969, 626587114, 1516796115),
(29, 'Tony is shopping. John bought new car. Tony is walking. Tony has free time. John has free time. ', 531757751, 'Mike loves flowers. ', 1946868932, 'Mike loves flowers. I like swimming. ', 43509451, 762112586, 462013200, 262816743),
(30, 'Anne bought new car. Anne bought new car. Anne has free time. Tony bought new car. Tony has free time. ', 1802512063, 'I loves flowers. Mike loves flowers. ', 1225068592, 'Mike loves flowers. Mike loves flowers. ', 701721867, 2078711790, 1685301455, 385951743),
(31, 'Anne has free time. John has free time. John is shopping. John has free time. Tony is walking. ', 1479606320, 'I watches football. Mike watches football. ', 1197720890, 'Rudi watches football. Rudi like sports. ', 575854786, 154324280, 1558536436, 1678644231),
(32, 'Tony has free time. Tony is walking. Tony bought new car. John bought new car. Tony has free time. ', 1712955679, 'Mike like sports. I like swimming. ', 1227838943, 'Mike watches football. Mike watches football. ', 1389544521, 734432829, 1728778348, 1897316787),
(33, 'Anne has free time. John bought new car. Tony is walking. Tony bought new car. John has free time. ', 265695738, 'Mike loves flowers. ', 1927677104, 'Mike watches football. I like sports. ', 657855433, 1118480810, 1682325184, 807263988),
(34, 'John has free time. Anne is walking. ', 231014531, 'I watches football. Mike loves flowers. ', 460661275, 'I watches football. ', 384112371, 1230173319, 463944815, 652033551),
(35, 'Tony is walking. Tony is shopping. John bought new car. John bought new car. Tony is shopping. ', 70359707, 'Mike watches football. Mike like swimming. ', 694380035, 'Rudi like swimming. ', 1918029013, 2126599333, 538827900, 1930224869),
(36, 'Anne is walking. Tony bought new car. ', 2002877782, 'Rudi like sports. ', 318109936, 'I loves flowers. Rudi watches football. ', 163871346, 1506411967, NULL, 1777448248),
(37, 'Tony bought new car. John bought new car. John has free time. Anne is shopping. Anne bought new car. ', 573006457, 'Rudi like swimming. Rudi like sports. ', 1462095149, 'I watches football. Rudi watches football. ', 1881560113, 1814349762, 1992218254, 413432692),
(38, 'Anne has free time. Anne bought new car. Tony bought new car. Anne bought new car. Anne bought new car. ', 1190581120, 'Mike watches football. Rudi like sports. ', 2011001547, 'Mike loves flowers. Rudi watches football. ', 305872306, 646746237, NULL, 905115530),
(39, 'John bought new car. Anne is shopping. ', 488052483, 'Rudi watches football. ', 1206401873, 'Mike watches football. ', 966952066, 702912360, 626357552, 1805026359),
(40, 'Tony bought new car. Tony bought new car. Anne bought new car. John has free time. John is walking. ', 306801119, 'Mike watches football. Rudi watches football. ', 627792922, 'Rudi loves flowers. Mike loves flowers. ', 1236623515, 685325886, 483507816, 179458182),
(41, 'John bought new car. Anne has free time. Anne has free time. ', 108721130, 'Mike loves flowers. Mike like sports. ', 1746734257, 'Mike like sports. Rudi watches football. ', 1916557732, 837832983, NULL, 248433650),
(42, 'Tony is shopping. Tony is walking. ', 281161585, 'Rudi loves flowers. Rudi watches football. ', 720234895, 'Rudi watches football. Rudi like sports. ', 1289705007, 287270113, 957874786, 370301485),
(43, 'Anne is shopping. Anne bought new car. John bought new car. ', 124394731, 'Mike loves flowers. I like sports. ', 1550250572, 'I watches football. ', 359137431, 62830543, 401077568, 233066179),
(44, 'Anne has free time. Tony has free time. ', 988508620, 'Mike like sports. Mike watches football. ', 1323587780, 'I loves flowers. I watches football. ', 1927722598, 1712100380, 1161663766, 1960734397),
(45, 'John bought new car. John bought new car. John bought new car. Tony has free time. Tony has free time. ', 1004920843, 'Rudi like swimming. Mike watches football. ', 1539328698, 'Rudi like sports. Mike watches football. ', 2077020607, 1573354871, 1102142043, 1268840651),
(46, 'John has free time. John bought new car. Tony has free time. Anne has free time. Anne bought new car. ', 543558809, 'Rudi like sports. Rudi watches football. ', 122906805, 'Mike watches football. Rudi watches football. ', 978952011, 1275112368, 1588212284, 130277420),
(47, 'Anne has free time. Anne bought new car. ', 1695099879, 'Mike like sports. Rudi like swimming. ', 967088502, 'Rudi like swimming. Rudi loves flowers. ', 493931089, 988906996, 1632787531, 2498387),
(48, 'Anne bought new car. Anne is walking. ', 1657697649, 'Mike like sports. Rudi watches football. ', 1144668466, 'Rudi watches football. Rudi like swimming. ', 1315678204, 1674095596, NULL, 717144136),
(49, 'Tony bought new car. Anne has free time. Tony has free time. Anne has free time. John bought new car. ', 741511677, 'Rudi watches football. Rudi loves flowers. ', 1338638879, 'Mike loves flowers. Rudi loves flowers. ', 423768607, 964672588, 2033435073, 1478330945),
(50, 'Anne bought new car. Anne bought new car. John bought new car. John bought new car. John is walking. ', 1556039312, 'Rudi watches football. Mike like sports. ', 1479375231, 'Mike like sports. ', 1504929914, 1115349207, 1258327635, 341746683),
(51, 'John bought new car. John bought new car. ', 1899249900, 'Mike watches football. ', 1857341064, 'Rudi watches football. ', 1155482805, 198678920, 573107245, 1464503131),
(52, 'Anne is shopping. John is shopping. Anne has free time. Anne is walking. Anne has free time. ', 907479117, 'I watches football. Mike watches football. ', 1082593065, 'I like swimming. Mike watches football. ', 308393867, 1519831649, 1999099387, 1944349238),
(53, 'Tony has free time. Anne is walking. John bought new car. John has free time. Tony has free time. ', 362450710, 'Rudi loves flowers. I like swimming. ', 1070394266, 'Rudi watches football. Rudi loves flowers. ', 1550240985, NULL, 372733296, 944519342),
(54, 'Anne bought new car. Tony is shopping. Anne bought new car. Tony is walking. ', 335617623, 'Mike like sports. Rudi like sports. ', 1567965386, 'Mike loves flowers. ', 1873010670, 929047632, 258364743, 1879093999),
(55, 'Tony has free time. Anne bought new car. John has free time. Tony bought new car. John has free time. ', 374391246, 'Mike watches football. Rudi watches football. ', 1790854555, 'Mike watches football. Mike loves flowers. ', 1318700119, 1787047150, 56298641, 823756983),
(56, 'Anne bought new car. John is shopping. John bought new car. Tony is shopping. John bought new car. ', 1209915257, 'Rudi watches football. Mike like swimming. ', 933191022, 'Mike watches football. ', 309604551, NULL, 42044147, 344673552),
(57, 'Anne has free time. Anne has free time. ', 208987943, 'Mike watches football. Rudi like sports. ', 351096714, 'I watches football. Rudi like sports. ', 1019554995, 617055916, 1151934657, 827434593),
(58, 'Anne bought new car. Tony is walking. ', 346277032, 'Mike loves flowers. Rudi watches football. ', 1412873036, 'I watches football. Rudi watches football. ', 1773168906, 423072853, NULL, 512133328),
(59, 'John is shopping. Anne is walking. Tony bought new car. Tony has free time. John has free time. ', 1361490460, 'Mike loves flowers. Mike watches football. ', 818892307, 'Mike watches football. I watches football. ', 283930465, 760332307, 993782313, 1082555057),
(60, 'Anne has free time. Anne is shopping. Tony bought new car. ', 1133811621, 'Mike watches football. Rudi loves flowers. ', 976955264, 'Rudi loves flowers. Mike watches football. ', 1745068610, 887827160, 1707349888, 130413788),
(61, 'John is walking. John is walking. Anne bought new car. Anne bought new car. Tony bought new car. ', 61500489, 'Rudi watches football. Rudi like sports. ', 1780113534, 'Mike watches football. Mike like swimming. ', 1923070369, 923676122, 437497340, 348979510),
(62, 'Anne bought new car. Tony is shopping. ', 1195502579, 'Rudi watches football. I watches football. ', 127746415, 'I watches football. I watches football. ', 1915320901, 2048597661, NULL, 2101261172),
(63, 'Anne bought new car. John has free time. ', 1282944731, 'Mike watches football. Mike watches football. ', 1797931490, 'I watches football. ', 1626269237, 779782081, 1925404520, 79603492),
(64, 'Anne is walking. John is shopping. Anne is walking. Tony has free time. Tony is shopping. ', 1048738717, 'Rudi watches football. Mike watches football. ', 937316866, 'I like swimming. Rudi watches football. ', 258629611, 1362179388, 2086559777, 486551452),
(65, 'Anne bought new car. John is walking. Anne is shopping. ', 1944105894, 'Mike watches football. Rudi watches football. ', 1103142222, 'Mike loves flowers. Mike watches football. ', 2099291307, 182930819, 1556238437, 760253076),
(66, 'John is walking. Tony has free time. John bought new car. ', 87974585, 'Mike watches football. Mike watches football. ', 653546485, 'Mike like swimming. ', 1896678283, 484953430, 265778706, 1840684268),
(67, 'Tony has free time. John has free time. John bought new car. Tony is shopping. John is shopping. ', 989082393, 'Mike loves flowers. Mike like sports. ', 1368650712, 'Rudi like swimming. Rudi watches football. ', 526300035, 1917995511, 2010045985, 253301869),
(68, 'John bought new car. Tony is walking. John bought new car. ', 847327837, 'Mike watches football. Rudi loves flowers. ', 1538390760, 'Mike watches football. Rudi like sports. ', 1308036463, 1698473381, 2068753005, 2114276520),
(69, 'Anne bought new car. John is shopping. Tony bought new car. Tony has free time. Tony bought new car. ', 1718410612, 'Mike loves flowers. Rudi like sports. ', 806239115, 'Rudi loves flowers. Rudi watches football. ', 394468398, 348090438, 1906799680, 761924099),
(70, 'Anne bought new car. John is walking. John has free time. John has free time. John is shopping. ', 707442196, 'Mike like sports. Mike watches football. ', 534622188, 'I watches football. Mike watches football. ', 1308056751, 388192301, 1751864775, 748519430),
(71, 'John bought new car. John bought new car. ', 1420141612, 'Mike watches football. Mike watches football. ', 1582068937, 'I watches football. Rudi watches football. ', 96437418, 365265628, 648818989, 1001180487),
(72, 'Anne bought new car. Tony is walking. John is shopping. ', 1573088622, 'Rudi watches football. Mike loves flowers. ', 1453298028, 'Mike loves flowers. I loves flowers. ', 777400354, 867608416, 1343750843, 995558581),
(73, 'John is walking. John has free time. Anne bought new car. Tony bought new car. Tony bought new car. ', 1514087666, 'Rudi loves flowers. I like swimming. ', 1728223736, 'I loves flowers. Mike watches football. ', 941017132, 1177994400, 63340424, 1548756487),
(74, 'Tony is shopping. John is shopping. John bought new car. Anne bought new car. Tony bought new car. ', 1141365695, 'Mike loves flowers. ', 52276011, 'Rudi like sports. I watches football. ', 1131133799, 845721158, 80094740, 1650098900),
(75, 'Anne is shopping. Anne bought new car. John is shopping. John bought new car. Tony is walking. ', 2074068, 'I loves flowers. Mike watches football. ', 964389720, 'I loves flowers. Mike loves flowers. ', 2075273579, 1232555980, 1811049691, 334663623),
(76, 'John has free time. Anne is walking. John bought new car. John has free time. Anne has free time. ', 2039344977, 'Mike watches football. Rudi like swimming. ', 35567368, 'Mike watches football. I watches football. ', 2135149003, 1637639694, 1925336093, 155322416),
(77, 'Anne has free time. Anne is walking. ', 773339441, 'Mike loves flowers. Mike loves flowers. ', 530692572, 'I watches football. ', 1327402723, 1578518761, 1563555760, 686400762),
(78, 'Tony is shopping. John has free time. Anne bought new car. Tony bought new car. Tony has free time. ', 1352262686, 'I loves flowers. Rudi watches football. ', 92199078, 'Mike watches football. Rudi watches football. ', 1943876045, 1028863277, NULL, 831715777),
(79, 'Anne is shopping. Anne has free time. Anne has free time. Tony has free time. Anne has free time. ', 382219873, 'Rudi loves flowers. I watches football. ', 318304442, 'I watches football. Mike like swimming. ', 1771265350, 396537059, 1739287195, 980869433),
(80, 'Anne bought new car. John bought new car. John has free time. John has free time. Tony is shopping. ', 1055662347, 'Rudi watches football. Rudi like sports. ', 1682368263, 'Mike like swimming. ', 41810505, 741900185, 256146206, 1488795301),
(81, 'Anne bought new car. John is shopping. Anne bought new car. John is walking. John has free time. ', 1954110780, 'Mike like swimming. Mike watches football. ', 230998572, 'Rudi loves flowers. ', 1521197201, 1234241782, 504458473, 1300469341),
(82, 'Tony is shopping. Anne is walking. Tony has free time. Anne is walking. Anne is walking. ', 606581965, 'I watches football. Rudi watches football. ', 2104357928, 'I watches football. I watches football. ', 889271392, 710105391, 1422835854, 1920848848),
(83, 'Anne is shopping. Tony has free time. John bought new car. John has free time. John bought new car. ', 1589777239, 'Mike watches football. ', 1450964961, 'Rudi watches football. I watches football. ', 781407859, 669791346, 898520671, 977374197),
(84, 'Tony is shopping. John bought new car. Tony bought new car. Tony has free time. ', 579416414, 'Mike like sports. Rudi like swimming. ', 1054205715, 'Mike watches football. Mike like sports. ', 1611770508, 2017739362, 1742031652, 1807777412),
(85, 'John bought new car. Tony has free time. ', 1390432218, 'Mike watches football. Mike watches football. ', 1646299575, 'Rudi watches football. Rudi like sports. ', 129354713, 449762316, 727296418, 1143694518),
(86, 'John bought new car. Anne is shopping. Tony is shopping. Tony is walking. Tony has free time. ', 1746914044, 'I loves flowers. ', 1359943517, 'Mike watches football. Mike watches football. ', 773105821, 1286442132, 1242584676, 1753295949),
(87, 'Anne has free time. John is shopping. Anne bought new car. John has free time. John is walking. ', 1142351084, 'Rudi loves flowers. Mike like sports. ', 1045904374, 'Rudi watches football. I like swimming. ', 362225384, 1176933419, 1689422796, 1681360025),
(88, 'Anne bought new car. Tony is walking. John bought new car. Tony bought new car. John has free time. ', 79084126, 'Mike like swimming. I like swimming. ', 2013003625, 'Mike loves flowers. Mike watches football. ', 2084191664, 1377363287, NULL, 1835033545),
(89, 'John is walking. Anne is shopping. Tony bought new car. Tony has free time. Tony bought new car. ', 1325399101, 'Mike watches football. Mike watches football. ', 1480272103, 'I like swimming. Mike loves flowers. ', 2144475662, 186708272, 1496786771, 1967246932),
(90, 'Anne is shopping. Anne is shopping. ', 372966688, 'Mike watches football. I watches football. ', 531445051, 'Mike watches football. Rudi watches football. ', 1910274706, 142242617, 1544665002, 305596323),
(91, 'Anne is walking. John bought new car. John bought new car. Tony has free time. ', 232960925, 'Mike like swimming. Mike watches football. ', 1158526306, 'Rudi like sports. ', 1565832405, 2102792752, 1746077510, 140261122),
(92, 'John bought new car. Tony has free time. Tony is shopping. John bought new car. Tony has free time. ', 1254748079, 'I watches football. ', 1423899448, 'Rudi watches football. Rudi watches football. ', 2083343530, NULL, 1354762572, 1922772875),
(93, 'Tony bought new car. Anne has free time. John bought new car. John bought new car. John bought new car. ', 835121724, 'I loves flowers. ', 1814664303, 'I loves flowers. I like swimming. ', 772322228, 1496166738, 128066019, 1199293990),
(94, 'Tony has free time. Anne has free time. Tony has free time. Anne is shopping. Anne has free time. ', 1859548706, 'Mike watches football. Rudi loves flowers. ', 210034349, 'Rudi watches football. Rudi like sports. ', 759872479, 193628606, NULL, 982922688),
(95, 'Tony bought new car. Anne is shopping. John bought new car. John has free time. Anne has free time. ', 1130472073, 'I like sports. ', 1445435769, 'Mike watches football. Mike watches football. ', 624619999, 319285244, 1472773700, 1349991563),
(96, 'John bought new car. Anne is walking. Anne bought new car. Tony is shopping. Tony bought new car. ', 1930974551, 'Rudi watches football. I like sports. ', 719646861, 'Mike like swimming. Rudi watches football. ', 407594854, 324889993, 1487018338, 426034991),
(97, 'Tony bought new car. John is shopping. Tony bought new car. ', 1898227307, 'Rudi watches football. ', 370032389, 'Rudi watches football. ', 879430695, 1327596054, 1474529531, 170278495),
(98, 'Anne has free time. Anne has free time. John is shopping. ', 660422257, 'I loves flowers. Rudi watches football. ', 1879789358, 'I watches football. Rudi like sports. ', 1473333658, 781732557, 959185875, 748444961),
(99, 'Tony bought new car. Anne is walking. John is walking. John has free time. ', 803272158, 'Mike watches football. Mike watches football. ', 1657855889, 'Mike loves flowers. Rudi watches football. ', 1372994624, 2142409141, 518152544, 1296267180),
(100, 'Anne has free time. Anne is shopping. Tony bought new car. ', 888995136, 'Mike watches football. I watches football. ', 1576521935, 'Mike like sports. Rudi watches football. ', 1347346314, 1232829597, 403850215, 1075719101);

-- --------------------------------------------------------

--
-- Structure de la table `videoplaylist`
--

CREATE TABLE `videoplaylist` (
  `id_video` int(10) UNSIGNED NOT NULL,
  `id_playlist` int(10) UNSIGNED NOT NULL
) ENGINE=InnoDB DEFAULT CHARSET=utf8mb4 COLLATE=utf8mb4_general_ci;

--
-- Déchargement des données de la table `videoplaylist`
--

INSERT INTO `videoplaylist` (`id_video`, `id_playlist`) VALUES
(1, 5),
(1, 52),
(1, 58),
(1, 68),
(1, 88),
(1, 134),
(1, 172),
(1, 222),
(2, 47),
(2, 48),
(2, 118),
(2, 138),
(2, 213),
(3, 22),
(3, 72),
(3, 86),
(3, 94),
(3, 120),
(3, 159),
(3, 167),
(5, 33),
(5, 100),
(5, 101),
(5, 196),
(5, 212),
(5, 217),
(5, 223),
(6, 56),
(6, 199),
(6, 208),
(7, 198),
(8, 54),
(8, 90),
(8, 109),
(8, 150),
(9, 56),
(9, 69),
(9, 126),
(9, 178),
(9, 184),
(10, 41),
(10, 61),
(10, 94),
(11, 151),
(12, 131),
(12, 151),
(12, 206),
(13, 105),
(13, 145),
(14, 32),
(14, 42),
(15, 98),
(15, 166),
(15, 207),
(15, 222),
(17, 51),
(17, 215),
(18, 37),
(18, 71),
(18, 94),
(18, 124),
(18, 139),
(18, 169),
(19, 102),
(19, 159),
(19, 215),
(20, 116),
(20, 131),
(20, 161),
(20, 202),
(21, 9),
(21, 42),
(21, 173),
(22, 18),
(22, 38),
(22, 144),
(22, 210),
(23, 1),
(23, 12),
(23, 32),
(24, 165),
(25, 19),
(26, 18),
(26, 68),
(26, 85),
(26, 101),
(26, 115),
(26, 120),
(27, 57),
(27, 188),
(28, 54),
(28, 67),
(28, 71),
(28, 162),
(28, 193),
(29, 169),
(29, 185),
(30, 110),
(30, 206),
(31, 18),
(31, 37),
(31, 134),
(31, 155),
(31, 209),
(31, 216),
(31, 223),
(32, 12),
(32, 26),
(32, 78),
(32, 89),
(32, 151),
(32, 183),
(32, 199),
(32, 215),
(33, 84),
(33, 163),
(33, 173),
(33, 200),
(34, 91),
(34, 125),
(34, 134),
(34, 211),
(35, 129),
(35, 141),
(35, 190),
(36, 71),
(36, 73),
(36, 167),
(36, 169),
(36, 172),
(37, 115),
(37, 145),
(38, 44),
(38, 65),
(38, 94),
(38, 196),
(39, 3),
(39, 116),
(40, 72),
(40, 100),
(41, 98),
(42, 40),
(42, 60),
(42, 61),
(42, 100),
(42, 101),
(42, 215),
(43, 58),
(45, 62),
(45, 181),
(46, 46),
(47, 77),
(47, 130),
(48, 40),
(48, 136),
(48, 173),
(49, 20),
(49, 89),
(49, 122),
(49, 174),
(50, 51),
(50, 144),
(51, 68),
(51, 139),
(51, 166),
(52, 41),
(52, 200),
(53, 55),
(53, 107),
(53, 139),
(54, 89),
(54, 116),
(54, 134),
(54, 165),
(54, 167),
(54, 168),
(55, 40),
(55, 159),
(55, 205),
(55, 222),
(56, 47),
(56, 170),
(57, 42),
(57, 74),
(57, 85),
(57, 88),
(58, 22),
(58, 85),
(58, 132),
(59, 58),
(59, 63),
(59, 197),
(60, 4),
(60, 7),
(60, 118),
(61, 15),
(61, 55),
(61, 100),
(61, 108),
(61, 113),
(62, 1),
(62, 80),
(62, 114),
(62, 115),
(62, 141),
(62, 204),
(63, 115),
(63, 150),
(64, 2),
(64, 56),
(64, 63),
(64, 149),
(65, 189),
(65, 212),
(66, 95),
(66, 103),
(67, 157),
(68, 23),
(68, 50),
(68, 142),
(69, 22),
(69, 23),
(69, 25),
(69, 36),
(69, 40),
(69, 63),
(69, 187),
(70, 171),
(71, 66),
(71, 83),
(71, 137),
(71, 190),
(71, 199),
(72, 56),
(72, 64),
(72, 142),
(72, 153),
(72, 190),
(72, 206),
(73, 53),
(73, 128),
(73, 139),
(73, 199),
(73, 204),
(74, 5),
(74, 98),
(74, 101),
(74, 168),
(75, 46),
(75, 75),
(75, 97),
(75, 114),
(75, 132),
(75, 134),
(75, 155),
(75, 220),
(76, 149),
(76, 169),
(76, 218),
(77, 41),
(77, 46),
(77, 164),
(78, 147),
(78, 167),
(78, 220),
(79, 29),
(79, 48),
(79, 167),
(79, 218),
(80, 26),
(80, 32),
(81, 3),
(82, 56),
(82, 135),
(82, 165),
(82, 214),
(83, 20),
(84, 24),
(84, 29),
(84, 220),
(84, 225),
(85, 4),
(85, 93),
(86, 53),
(86, 97),
(86, 114),
(86, 183),
(86, 216),
(87, 134),
(87, 148),
(88, 16),
(88, 135),
(88, 155),
(88, 217),
(89, 183),
(89, 211),
(90, 13),
(90, 82),
(90, 101),
(90, 223),
(91, 24),
(91, 223),
(92, 38),
(92, 122),
(93, 50),
(93, 117),
(93, 122),
(94, 7),
(94, 15),
(94, 97),
(94, 165),
(95, 3),
(95, 29),
(95, 36),
(95, 76),
(95, 137),
(96, 194),
(97, 7),
(97, 50),
(97, 100),
(97, 171),
(97, 186),
(98, 79),
(98, 100),
(98, 107),
(98, 141),
(98, 147),
(98, 213),
(99, 49),
(99, 68),
(99, 136),
(99, 143),
(99, 163),
(99, 192),
(100, 107),
(100, 121),
(100, 159);

--
-- Index pour les tables déchargées
--

--
-- Index pour la table `agrada`
--
ALTER TABLE `agrada`
  ADD PRIMARY KEY (`id`),
  ADD KEY `id_usario` (`id_usario`),
  ADD KEY `id_comentari` (`id_comentari`);

--
-- Index pour la table `canal`
--
ALTER TABLE `canal`
  ADD PRIMARY KEY (`id`);

--
-- Index pour la table `comentari`
--
ALTER TABLE `comentari`
  ADD PRIMARY KEY (`id`),
  ADD KEY `id_video` (`id_video`),
  ADD KEY `id_usario` (`id_usario`);

--
-- Index pour la table `creaciocanal`
--
ALTER TABLE `creaciocanal`
  ADD PRIMARY KEY (`id`),
  ADD KEY `id_usario` (`id_usario`),
  ADD KEY `id_canal` (`id_canal`);

--
-- Index pour la table `creaciopl`
--
ALTER TABLE `creaciopl`
  ADD PRIMARY KEY (`id`),
  ADD KEY `id_usario` (`id_usario`);

--
-- Index pour la table `estatplaylist`
--
ALTER TABLE `estatplaylist`
  ADD PRIMARY KEY (`id`);

--
-- Index pour la table `estatvideo`
--
ALTER TABLE `estatvideo`
  ADD PRIMARY KEY (`id`);

--
-- Index pour la table `etiqueta`
--
ALTER TABLE `etiqueta`
  ADD PRIMARY KEY (`id`),
  ADD KEY `id_usario` (`id_usario`),
  ADD KEY `id_video` (`id_video`);

--
-- Index pour la table `opinion`
--
ALTER TABLE `opinion`
  ADD PRIMARY KEY (`id`),
  ADD KEY `id_video` (`id_video`),
  ADD KEY `id_usario` (`id_usario`);

--
-- Index pour la table `playlist`
--
ALTER TABLE `playlist`
  ADD PRIMARY KEY (`id`),
  ADD KEY `id_creacio_pl` (`id_creacio_pl`);

--
-- Index pour la table `subscripcio`
--
ALTER TABLE `subscripcio`
  ADD PRIMARY KEY (`id`),
  ADD KEY `id_usario` (`id_usario`),
  ADD KEY `id_canal` (`id_canal`);

--
-- Index pour la table `usario`
--
ALTER TABLE `usario`
  ADD PRIMARY KEY (`id`);

--
-- Index pour la table `video`
--
ALTER TABLE `video`
  ADD PRIMARY KEY (`id`);

--
-- Index pour la table `videoplaylist`
--
ALTER TABLE `videoplaylist`
  ADD PRIMARY KEY (`id_video`,`id_playlist`),
  ADD KEY `id_playlist` (`id_playlist`);

--
-- AUTO_INCREMENT pour les tables déchargées
--

--
-- AUTO_INCREMENT pour la table `agrada`
--
ALTER TABLE `agrada`
  MODIFY `id` int(10) UNSIGNED NOT NULL AUTO_INCREMENT, AUTO_INCREMENT=226;

--
-- AUTO_INCREMENT pour la table `canal`
--
ALTER TABLE `canal`
  MODIFY `id` int(10) UNSIGNED NOT NULL AUTO_INCREMENT, AUTO_INCREMENT=101;

--
-- AUTO_INCREMENT pour la table `comentari`
--
ALTER TABLE `comentari`
  MODIFY `id` int(10) UNSIGNED NOT NULL AUTO_INCREMENT, AUTO_INCREMENT=151;

--
-- AUTO_INCREMENT pour la table `creaciocanal`
--
ALTER TABLE `creaciocanal`
  MODIFY `id` int(10) UNSIGNED NOT NULL AUTO_INCREMENT, AUTO_INCREMENT=151;

--
-- AUTO_INCREMENT pour la table `creaciopl`
--
ALTER TABLE `creaciopl`
  MODIFY `id` int(10) UNSIGNED NOT NULL AUTO_INCREMENT, AUTO_INCREMENT=151;

--
-- AUTO_INCREMENT pour la table `estatplaylist`
--
ALTER TABLE `estatplaylist`
  MODIFY `id` int(10) UNSIGNED NOT NULL AUTO_INCREMENT, AUTO_INCREMENT=528;

--
-- AUTO_INCREMENT pour la table `estatvideo`
--
ALTER TABLE `estatvideo`
  MODIFY `id` int(10) UNSIGNED NOT NULL AUTO_INCREMENT, AUTO_INCREMENT=464;

--
-- AUTO_INCREMENT pour la table `etiqueta`
--
ALTER TABLE `etiqueta`
  MODIFY `id` int(10) UNSIGNED NOT NULL AUTO_INCREMENT, AUTO_INCREMENT=151;

--
-- AUTO_INCREMENT pour la table `opinion`
--
ALTER TABLE `opinion`
  MODIFY `id` int(10) UNSIGNED NOT NULL AUTO_INCREMENT, AUTO_INCREMENT=151;

--
-- AUTO_INCREMENT pour la table `playlist`
--
ALTER TABLE `playlist`
  MODIFY `id` int(10) UNSIGNED NOT NULL AUTO_INCREMENT, AUTO_INCREMENT=226;

--
-- AUTO_INCREMENT pour la table `subscripcio`
--
ALTER TABLE `subscripcio`
  MODIFY `id` int(10) UNSIGNED NOT NULL AUTO_INCREMENT, AUTO_INCREMENT=151;

--
-- AUTO_INCREMENT pour la table `usario`
--
ALTER TABLE `usario`
  MODIFY `id` int(10) UNSIGNED NOT NULL AUTO_INCREMENT, AUTO_INCREMENT=146;

--
-- AUTO_INCREMENT pour la table `video`
--
ALTER TABLE `video`
  MODIFY `id` int(10) UNSIGNED NOT NULL AUTO_INCREMENT, AUTO_INCREMENT=101;

--
-- Contraintes pour les tables déchargées
--

--
-- Contraintes pour la table `agrada`
--
ALTER TABLE `agrada`
  ADD CONSTRAINT `agrada_ibfk_1` FOREIGN KEY (`id_usario`) REFERENCES `usario` (`id`),
  ADD CONSTRAINT `agrada_ibfk_2` FOREIGN KEY (`id_comentari`) REFERENCES `comentari` (`id`);

--
-- Contraintes pour la table `comentari`
--
ALTER TABLE `comentari`
  ADD CONSTRAINT `comentari_ibfk_1` FOREIGN KEY (`id_video`) REFERENCES `video` (`id`),
  ADD CONSTRAINT `comentari_ibfk_2` FOREIGN KEY (`id_usario`) REFERENCES `usario` (`id`);

--
-- Contraintes pour la table `creaciocanal`
--
ALTER TABLE `creaciocanal`
  ADD CONSTRAINT `creaciocanal_ibfk_1` FOREIGN KEY (`id_usario`) REFERENCES `usario` (`id`),
  ADD CONSTRAINT `creaciocanal_ibfk_2` FOREIGN KEY (`id_canal`) REFERENCES `canal` (`id`);

--
-- Contraintes pour la table `creaciopl`
--
ALTER TABLE `creaciopl`
  ADD CONSTRAINT `creaciopl_ibfk_1` FOREIGN KEY (`id_usario`) REFERENCES `usario` (`id`);

--
-- Contraintes pour la table `estatplaylist`
--
ALTER TABLE `estatplaylist`
  ADD CONSTRAINT `estatplaylist_ibfk_1` FOREIGN KEY (`id`) REFERENCES `playlist` (`id`);

--
-- Contraintes pour la table `estatvideo`
--
ALTER TABLE `estatvideo`
  ADD CONSTRAINT `estatvideo_ibfk_1` FOREIGN KEY (`id`) REFERENCES `video` (`id`);

--
-- Contraintes pour la table `etiqueta`
--
ALTER TABLE `etiqueta`
  ADD CONSTRAINT `etiqueta_ibfk_1` FOREIGN KEY (`id_usario`) REFERENCES `usario` (`id`),
  ADD CONSTRAINT `etiqueta_ibfk_2` FOREIGN KEY (`id_video`) REFERENCES `video` (`id`);

--
-- Contraintes pour la table `opinion`
--
ALTER TABLE `opinion`
  ADD CONSTRAINT `opinion_ibfk_1` FOREIGN KEY (`id_video`) REFERENCES `video` (`id`),
  ADD CONSTRAINT `opinion_ibfk_2` FOREIGN KEY (`id_usario`) REFERENCES `usario` (`id`);

--
-- Contraintes pour la table `playlist`
--
ALTER TABLE `playlist`
  ADD CONSTRAINT `playlist_ibfk_1` FOREIGN KEY (`id_creacio_pl`) REFERENCES `creaciopl` (`id`);

--
-- Contraintes pour la table `subscripcio`
--
ALTER TABLE `subscripcio`
  ADD CONSTRAINT `subscripcio_ibfk_1` FOREIGN KEY (`id_usario`) REFERENCES `usario` (`id`),
  ADD CONSTRAINT `subscripcio_ibfk_2` FOREIGN KEY (`id_canal`) REFERENCES `canal` (`id`);

--
-- Contraintes pour la table `videoplaylist`
--
ALTER TABLE `videoplaylist`
  ADD CONSTRAINT `videoplaylist_ibfk_1` FOREIGN KEY (`id_video`) REFERENCES `video` (`id`),
  ADD CONSTRAINT `videoplaylist_ibfk_2` FOREIGN KEY (`id_playlist`) REFERENCES `playlist` (`id`);
COMMIT;

/*!40101 SET CHARACTER_SET_CLIENT=@OLD_CHARACTER_SET_CLIENT */;
/*!40101 SET CHARACTER_SET_RESULTS=@OLD_CHARACTER_SET_RESULTS */;
/*!40101 SET COLLATION_CONNECTION=@OLD_COLLATION_CONNECTION */;
